哀川翔,0.00013784447320471213
相葉雅紀,7.671090095876445e-05
青木崇高,0.00014753763131910013
青柳翔,1.1755439523576112e-05
明石家さんま,0.0005871854003020135
赤楚衛二,2.130754154174322e-05
秋山竜次,2.466323300737277e-06
浅野忠信,0.00023637774813120615
浅利陽介,2.432080947472609e-05
厚切りジェイソン,9.776243510532775e-155
あばれる君,7.147466375472403e-155
阿部サダヲ,1.0026564471116859e-05
阿部寛,4.422563955553596e-05
天野ひろゆき,0.00020238379577114369
綾野剛,0.0005719102235054331
荒川良々,7.443522829518038e-155
荒木飛羽,2.8418867377570153e-155
新田真剣佑,0.0012664692004261825
有岡大貴,9.957448672075093e-05
有田哲平,0.0004002801898330735
有吉弘行,0.00020235116130416027
飯尾和樹,2.606953890520385e-05
井浦新,6.899756856795349e-05
生田斗真,0.0004889346330088415
池松壮亮,0.00014485259142047718
伊沢拓司,2.0907710961567552e-154
石塚英彦,8.097004158862731e-05
石橋貴明,0.000367298037302527
石原良純,5.4676053315480285e-06
石丸幹二,1.2861276309653045e-06
伊集院光,1.0761730852685499e-05
泉澤祐希,1.4947022613088424e-154
磯村勇斗,4.316902721830698e-06
板尾創路,3.9470078551636116e-05
板垣瑞生,9.799424873409374e-06
板垣李光人,7.589240044434898e-08
市川猿之助_(4代目),0.00013088802685721156
市川染五郎_(8代目),0.00013037687031743542
市川團十郎_(13代目),5.4964258196645946e-05
一ノ瀬颯,1.5784147759010562e-154
市原隼人,1.2379453291492544e-05
市村正親,0.00015915283799793723
IKKO,1.23470726991353e-152
井手上漠,5.226157255960283e-07
伊藤あさひ,0.004965992911776646
伊藤淳史,8.859999829477754e-155
伊藤英明,4.475514213567148e-05
稲垣吾郎,0.00010641145943976524
稲葉友,0.0008062760719723273
犬飼貴丈,1.9180039456907504e-05
井上想良,0.0010391181447588996
井上祐貴,6.670458174945429e-154
伊野尾慧,0.00020673131961069315
井ノ原快彦,0.00022515329566302267
井之脇海,2.0014874890475355e-06
伊原剛志,5.653146945785172e-155
伊武雅刀,7.011329519200362e-05
今井翼,8.344811040700218e-06
今田耕司,0.00032468815337474726
岩田剛典,6.493411475390669e-05
上田晋也,0.00039479287808577427
ウエンツ瑛士,7.743006973778276e-05
宇梶剛士,0.0003572897607072197
内野聖陽,3.9990808759950735e-05
内村光良,0.00024332723308348507
ウド鈴木,0.00020032796123261058
梅沢富美男,8.24206031043169e-06
江口洋介,0.0006686488469443313
柄本明,0.001621653433006226
柄本佑,0.0030443259476299485
柄本時生,0.0020671642457552107
遠藤憲一,1.636666976991022e-05
遠藤章造,4.245646125526271e-06
及川光博,0.00023085812514179189
大泉洋,0.0002617670212852007
大倉孝二,3.890845380970426e-155
大倉忠義,6.0784568526564415e-05
大沢たかお,3.276524406092686e-05
太田光,7.37498547896047e-05
大谷翔平,0.0003520293541229197
大谷亮平,1.7157237175187726e-154
大橋和也,8.090260539735037e-06
大森南朋,2.1084831778723426e-05
岡田圭右,3.0921157838751285e-10
岡田准一,0.000713075685641368
岡田将生,4.209184887157374e-05
岡村隆史,0.001082496850525412
岡山天音,5.2190685690681035e-06
奥田瑛二,0.0008049625040922506
奥平大兼,6.171639594696499e-06
小栗旬,1.511279820294727e-05
小澤征悦,6.052475952333688e-06
織田裕二,4.580192918513414e-05
オダギリジョー,1.9383709553514804e-05
音尾琢真,0.00020156582929962969
尾上松也,1.1229727567248196e-156
香川照之,0.00013541681531317919
柿澤勇人,2.22696732485026e-06
賀来賢人,0.00042081417641609244
角田晃広,3.917668204910887e-06
筧利夫,3.61940786015278e-05
風間俊介,6.176648111830742e-05
笠松将,2.1293094793989023e-154
梶原善,6.708486116025428e-155
春日俊彰,0.00010707716901966266
カズレーザー,7.324376021853242e-07
加瀬亮,0.00018946560683136642
片岡愛之助,4.4918910268992783e-156
片桐仁,6.458369456573082e-155
片寄涼太,0.0008740711458689762
勝地涼,0.00023352810660792162
勝俣州和,5.933954292470515e-05
勝村政信,2.512973345449976e-05
加藤浩次,5.419588121301861e-06
加藤清史郎,8.74465252763229e-05
加藤諒,1.1566619394265642e-154
香取慎吾,0.00015794061491827813
要潤,8.311274505169035e-155
金子大地,5.255002059310008e-155
金子ノブアキ,1.2628339091532744e-154
川平慈英,4.869748246721849e-06
神尾楓珠,4.587265398807383e-05
上川隆也,7.97378356006131e-06
神木隆之介,4.340279468053915e-05
上地雄輔,8.103005199300161e-05
亀梨和也,3.9794907970362916e-05
唐沢寿明,0.0005333753029360322
河合郁人,8.191736340230601e-08
川島明,1.3339305645137633e-06
神田正輝,6.729742780721843e-05
カンニング竹山,9.423298634035678e-05
菊池風磨,2.483300705678873e-05
岸優太,3.073349405376329e-05
岸谷五朗,3.086323079685801e-05
岸部一徳,4.191753329936494e-05
北大路欣也,1.6179740434674986e-154
北村一輝,6.832927303431377e-05
北村匠海,4.8916914751428966e-05
北村有起哉,2.9486458003145773e-05
北山宏光,5.021068625334255e-06
吉川晃司,6.48223992638338e-05
木梨憲武,0.0005364725490222612
木村昴,1.2320287246676642e-153
木村拓哉,0.0002877761378689274
桐谷健太,5.948719095319971e-07
桐山漣,1.3465736861224297e-05
草刈正雄,1.7421545544642555e-152
草彅剛,0.00011941638665611604
くっきー!,2.0442450996915165e-06
工藤阿須加,9.746893086209287e-155
國村隼,9.098631540281776e-155
窪田正孝,0.0005092892155232606
黒羽麻璃央,0.00032577170252130034
桑田佳祐,7.129327817479593e-05
劇団ひとり,0.0004510765986156847
ケンドーコバヤシ,0.00015106332701255977
小池徹平,6.974246747005089e-05
小泉孝太郎,0.0004337362422981229
郷ひろみ,4.925820572468869e-05
高良健吾,0.00012689577120437404
国分太一,3.674257072403129e-05
児嶋一哉,0.00011167608688341041
小関裕太,1.5405893368445236e-05
小瀧望,5.317253656667222e-06
小手伸也,1.3610940253666962e-154
後藤輝基,1.9916150681046285e-05
小峠英二,2.9894627190163207e-05
小林薫,2.3668158235176143e-05
小日向文世,1.850219492231636e-06
駒木根葵汰,4.646049947871466e-07
小宮浩信,4.565905140410687e-155
小宮璃央,0.0010391181447588996
小籔千豊,3.847159753027674e-05
今野浩喜,4.467416934620792e-05
斎藤工,2.121814483032144e-05
堺正章,2.6476583776934567e-06
堺雅人,6.419807515384266e-05
坂上忍,5.006929968181478e-05
坂口健太郎,3.221724722590371e-05
櫻井海音,9.068798866761659e-07
櫻井翔,7.556335294124003e-05
桜田通,3.033758871142239e-06
佐々木蔵之介,1.3194045325413134e-05
笹野高史,6.83956065433262e-05
佐藤寛太,2.4461305056694845e-05
佐藤浩市,0.00011872494813926667
佐藤勝利,1.4397335019222502e-05
佐藤二朗,1.352816271702599e-05
佐藤大樹,3.573095135033517e-157
佐藤健,1.646175972926156e-156
佐藤隆太,0.00011620557249194609
佐野史郎,1.8903485709399996e-06
佐野勇斗,6.977415987374831e-08
澤部佑,1.0444406644054304e-05
沢村一樹,1.0073307799246032e-05
サンシャイン池崎,2.2489987144379814e-06
椎名桔平,3.912151809725298e-05
ジェシー_(アイドル),0.00021397618453799876
重岡大毅,9.794248241896338e-06
志尊淳,4.0500021411372616e-05
設楽統,0.0001238627823019426
清水尋也,1.605851042116492e-154
春風亭昇太,1.2321382123040606e-06
城島茂,3.3761129669320655e-05
笑福亭鶴瓶,0.000861271035964485
白濱亜嵐,3.6906531689887994e-05
城田優,7.678894176593673e-06
神宮寺勇太,2.900196413897865e-05
陣内孝則,9.288812428911223e-05
陣内智則,0.0005870895668647701
須賀健太,9.502336710065787e-06
杉浦太陽,5.591633514706883e-06
杉野遥亮,1.1792399544322887e-05
杉本哲太,4.596531670139546e-155
鈴鹿央士,0.00015841708152876066
鈴木浩介,3.994209918805324e-156
鈴木仁,1.531326486442936e-157
鈴木伸之,8.646459790054206e-05
鈴木福,0.0002286113386165686
鈴木亮平,1.939680216161052e-156
菅田将暉,0.0003488618435838407
駿河太郎,0.0007674211725999323
関口メンディー,9.174613848138029e-05
関根勤,1.727887273748834e-05
瀬戸康史,0.00041585099675326033
曽田陵介,1.0526593488889815e-154
染谷将太,2.8348557239702657e-05
反町隆史,0.0002955108922945174
DAIGO,0.001367166904039717
醍醐虎汰朗,1.3788318905013269e-154
髙嶋政伸,0.0006401884428199726
髙嶋政宏,0.0006351444492622049
高杉真宙,2.4752765057234293e-06
高田純次,7.060873016835853e-05
高橋一生,0.00012021358746631107
髙橋海人,2.942338545368686e-05
高橋克典,1.8423133737313887e-154
高橋克実,8.581443173511776e-05
高橋茂雄,1.0484142489853375e-05
高橋英樹,1.2123001351006576e-156
高橋文哉,2.666050341272649e-05
高橋光臣,1.859030354541724e-154
滝藤賢一,7.919610181729767e-06
武井壮,1.645854347421246e-05
竹内涼真,8.052266940752414e-06
武田鉄矢,2.322367922102017e-05
竹中直人,7.133479291451497e-06
竹野内豊,9.389669362149125e-05
舘ひろし,1.4033280860265874e-05
田中圭,2.4122951492684805e-06
田中卓志,2.0978745589380463e-06
田中直樹,1.556848594550318e-156
田中将大,0.0003339125923027457
田中裕二,5.64038589173148e-156
田中要次,6.617882632244221e-155
田辺誠一,0.0007870247689062331
谷原章介,8.45129863094589e-06
玉木宏,0.006131892762744879
玉森裕太,8.943354078735606e-06
玉山鉄二,9.037895545899251e-06
田村淳,6.838688850784579e-07
タモリ,0.00019363278499998752
知念侑李,0.0001410365685756894
千葉雄大,6.838681480473314e-05
千原ジュニア,2.8899370762456068e-05
塚地武雅,3.389280603836075e-06
塚本高史,8.813670830756714e-05
津田寛治,3.997913906321913e-06
津田健次郎,2.6367783159520376e-153
土田晃之,7.048597313103317e-05
堤真一,2.6062024579770614e-05
坪倉由幸,1.1071383761930279e-05
妻夫木聡,0.00018384724675102844
つるの剛士,8.333173350300973e-05
ディーン・フジオカ,1.9127444757060193e-06
出川哲朗,0.00015753083370294925
寺島進,7.6188888143001e-06
寺田心,2.8206485397373173e-06
寺脇康文,3.739475255800839e-05
でんでん,6.254192591714024e-155
堂本光一,0.00020143681479464887
堂本剛,0.00022134920740856916
所ジョージ,3.9868878505687316e-05
ØMI,1.2112792507763623e-154
トータス松本,2.8404836579469308e-05
戸塚純貴,3.331989363203653e-06
戸次重幸,0.00029405134183989757
豊川悦司,2.2456934059320073e-05
内藤剛志,8.61386445446521e-39
中井貴一,5.043859270536908e-05
中居正広,7.762374029391815e-05
中尾明慶,0.002553592751558045
中川大志,3.573095135033517e-157
長嶋一茂,5.607482256100074e-06
中島健人,3.470414568969293e-05
中島裕翔,0.00010943642961655658
永瀬正敏,1.2910805692292305e-05
永瀬廉,4.1511221421899394e-05
中田圭祐,9.966383215932775e-156
仲野太賀,6.459858833794895e-05
中丸雄一,2.173638325409515e-05
中村勘九郎,3.445484594496606e-156
中村獅童,2.9350424323489603e-156
中村俊介,2.0967762423709432e-152
仲村トオル,3.6088912557668194e-152
中村倫也,1.198645807263208e-154
中村雅俊,6.791528260466762e-06
永山瑛太,0.0013647639405129299
永山絢斗,0.0014927612230049637
中山秀征,5.6726302803406534e-05
名倉潤,0.0002286261929943668
生瀬勝久,1.533620248954459e-05
成田凌,7.682123763407599e-06
南原清隆,0.00020552386320674376
錦織圭,1.8133598397691286e-05
西島秀俊,3.713398953475443e-05
西田敏行,4.1697982425953554e-05
西畑大吾,1.9642756163438494e-05
西村まさ彦,1.6732840612368242e-05
二宮和也,6.434470092971362e-05
温水洋一,1.0642290400176005e-05
野間口徹,1.0945156061850884e-154
野村周平,2.6748896520535268e-05
野村萬斎,1.8308284250830666e-154
バカリズム,2.3189384617014938e-05
萩原利久,3.015277556644333e-06
はじめしゃちょー,1.9134597539290988e-07
長谷川博己,5.315862050449703e-06
羽鳥慎一,3.7803071587676015e-06
羽生結弦,2.1736193825524868e-05
濱正悟,2.987362753969094e-155
濱田岳,9.650107897425987e-06
濱田龍臣,2.2644490418274913e-154
浜田雅功,0.00042353206454693416
浜野謙太,8.917882282612215e-06
林修,6.4089888354557e-07
林遣都,0.00048145284065838573
速水もこみち,2.168741136424808e-154
原田泰造,0.0001507937454210264
原田龍二,3.997783013940358e-154
はるな愛,5.349407705363193e-06
坂東龍汰,2.1478130077767546e-154
HIKAKIN,1.8455044636885418e-07
東野幸治,0.00023317728788417103
東山紀之,0.0003393716762863674
ビートたけし,0.0002448719817005624
ビビる大木,8.762514775258697e-05
日村勇紀,0.00011081096675818596
日向亘,5.154746177208431e-06
平泉成,6.064052886314026e-155
平岡祐太,8.024150788960985e-155
平野紫耀,3.946513646222443e-05
平山浩行,1.0199324802421238e-05
ヒロミ,0.0007409529347474662
吹越満,5.3558143863341684e-155
福澤朗,4.984811951935345e-06
福士蒼汰,7.236417519642517e-06
福山雅治,0.000992564969275606
藤井隆,0.0008412897047455514
藤井流星,4.484455041192418e-06
藤岡弘、,5.2832039887686656e-154
藤ヶ谷太輔,2.0271757212975003e-05
藤木直人,0.00013171158308269092
藤森慎吾,1.131267441859719e-154
藤原大祐,8.675629490217983e-07
藤原竜也,1.2882034531857957e-05
船越英一郎,1.6167448343116132e-05
古川雄輝,5.889453065212602e-05
古川雄大,2.6256305750919392e-05
古田新太,4.171531607136427e-05
古舘伊知郎,1.8147121931807632e-05
別所哲也,5.3137029079569875e-155
星野源,0.000643182458777644
細田佳央太,0.00018162000537790294
堀内健,0.00016527178567363548
本郷奏多,5.998461068478054e-154
毎熊克哉,9.693296659183784e-154
眞栄田郷敦,0.0012636061084876592
前野朋哉,2.54710638911675e-155
マキタスポーツ,4.003408465751715e-06
眞島秀和,8.898282991638826e-155
又吉直樹,9.40842440520998e-06
町田啓太,0.00015673451265251384
松岡修造,1.9857861395171592e-05
松岡昌宏,5.225449811380655e-05
マツコ・デラックス,2.654160178996674e-05
松坂桃李,0.0005274717169470298
松重豊,1.0104499996471957e-05
松下洸平,9.07141181180439e-05
松田翔太,0.003222916347390551
松田龍平,0.0018723269977352305
松平健,0.0005123554627482393
松丸亮吾,1.5763730072524655e-154
松村北斗,7.752606323290551e-05
松本幸四郎,3.379826941553031e-05
松本潤,2.381123530590238e-05
松本人志,0.00045585842570025555
松山ケンイチ,4.637799263010302e-05
的場浩司,1.918130376170412e-05
間宮祥太朗,1.0276371019954457e-05
丸山隆平,7.502549378793569e-05
三浦知良,5.169527675391296e-06
三浦翔平,0.00025599223977489034
三浦貴大,0.0001708752406101263
三浦友和,0.0001685678920174508
水上恒司,5.527162680569822e-06
水沢林太郎,5.509822471072077e-08
水谷豊,0.0002825767379183127
溝端淳平,1.068086172702072e-06
道枝駿佑,1.1307103776370152e-05
光石研,1.1227549992241423e-05
満島真之介,0.0011997429043018887
峰竜太,9.03865458622943e-155
宮川大輔,8.167074594362325e-157
三宅弘城,6.842173066984792e-07
三宅裕司,1.1026947750733834e-05
宮沢氷魚,1.8097726858944762e-154
宮世琉弥,1.708034173110616e-06
宮根誠司,1.3188874104889286e-06
向井理,0.0004229283659159211
向井康二,6.3916995572763235e-06
六平直政,4.268572580959684e-155
村上信五,3.0114071162854015e-05
村上虹郎,9.73556067791688e-06
ムロツヨシ,0.00010710395641939666
恵俊彰,7.860505518069455e-05
目黒蓮,5.222331892984476e-06
望月歩,5.327740067416048e-155
本木雅弘,2.659503444544392e-05
森崎ウィン,2.4277677958366175e-152
森山未來,1.698676974386714e-05
柳楽優弥,3.963518461263388e-05
役所広司,3.336740098761079e-05
薬丸裕英,3.6091798928144606e-05
矢沢永吉,3.428399589615549e-05
八嶋智人,0.00010604353311691934
安田顕,0.00027172791931018736
安田章大,6.219657379338298e-05
柳沢慎吾,2.0611916748858622e-05
柳葉敏郎,3.425316845212783e-05
矢部浩之,0.0010431402543578233
山口智充,4.209711996901314e-05
山崎育三郎,7.687897750992347e-06
山﨑賢人,2.591941015316626e-05
山崎弘也,8.732279076706403e-06
山里亮太,0.0002738001092444126
山下健二郎,0.001980939346485428
山下智久,9.772373099760626e-05
山田孝之,5.518999463056986e-05
山田裕貴,6.31506281955013e-154
山田涼介,0.00017887937491833851
山中崇,7.608140426810654e-155
山本耕史,4.610427351015595e-05
矢本悠馬,7.682123763407599e-06
結木滉星,0.004970862130925065
ゆうたろう,5.002333189046923e-156
ユースケ・サンタマリア,3.855071187805908e-05
横浜流星,1.914246764541882e-05
横山だいすけ,1.1459426540214637e-154
横山裕,3.552424182417952e-05
吉岡秀隆,0.01931027525653989
吉沢亮,4.503826882649314e-05
吉田鋼太郎,1.496111328614529e-05
吉村崇,9.521068004167741e-06
ラウール_(アイドル),3.156071637272843e-06
竜星涼,0.0003924907130914834
リリー・フランキー,1.0269313557306211e-05
六角精児,1.7282597528757585e-06
若林正恭,0.00013067585393758004
渡辺いっけい,1.5213619975470714e-05
渡邊圭祐,7.072218587781225e-07
渡辺謙,0.00017133137517984622
渡辺大知,7.98031557299327e-07
渡部篤郎,0.00023509915522622131
EXIT_(お笑いコンビ),1.1480459645986188e-07
おぎやはぎ,2.0128260701563298e-05
かまいたち_(お笑いコンビ),0.00017989084230260498
さまぁ〜ず,5.1820468341983246e-05
サンドウィッチマン_(お笑いコンビ),4.25424273841923e-05
JO1,3.227334375448756e-153
シソンヌ_(お笑いコンビ),0.00016551868187597232
霜降り明星,3.112994275116601e-05
タカアンドトシ,2.734894571559935e-05
千鳥_(お笑いコンビ),0.00013082845632791116
チョコレートプラネット,0.00015713321759460884
ティモンディ,4.5669090893885095e-07
ナイツ_(お笑いコンビ),2.5555607163687225e-05
錦鯉_(お笑いコンビ),3.0160079295866916e-05
ニューヨーク_(お笑いコンビ),1.3317105267003029e-06
博多華丸・大吉,0.00012596418851968028
ブラックマヨネーズ,2.591530264395868e-05
ぺこぱ,1.607432791029242e-05
ミキ_(お笑いコンビ),4.86152679932615e-06
見取り図_(お笑いコンビ),2.8644383503603393e-06
ミルクボーイ,2.135451777599097e-05
四千頭身,2.186729785411451e-06
和牛_(お笑いコンビ),0.0001157902384944616
相武紗季,0.0011766791320178818
蒼井優,0.000252075675395479
葵わかな,4.0826730638012824e-05
秋田汐梨,8.683633385207542e-07
秋元梢,0.002112538618008182
浅川梨奈,2.460841663713798e-154
浅田舞,0.0010492891390280843
浅田真央,0.00106808398293971
浅田美代子,5.758341009363903e-06
浅野ゆう子,1.2741966068042839e-05
朝日奈央,3.324012320812409e-05
朝比奈彩,0.0019694990147531774
芦田愛菜,0.00022429578233600921
麻生久美子,3.5663766285820835e-05
麻生祐未,1.5940599927392955e-111
安達祐実,3.393431154417886e-05
足立梨花,2.5161987427791085e-05
天海祐希,0.00011322967511367647
綾瀬はるか,5.477086295447838e-05
新井恵理那,1.1861399742905908e-154
新垣結衣,0.0009498450520433208
新木優子,6.695054293604372e-06
嵐莉菜,2.3365489972308463e-155
有村架純,0.0001561880704033785
杏,1.1484948648322019e-156
アンミカ,2.701484822445859e-05
安藤サクラ,0.0019759850707326094
飯豊まりえ,9.252213979894969e-05
井川遥,2.1836829773279803e-05
生田絵梨花,5.0078635709456874e-05
池田エライザ,9.440573136711786e-05
井桁弘恵,3.880473731611047e-05
池田美優,0.00012726284461728069
池間夏海,1.3960593134738098e-155
池脇千鶴,0.0001701012400633399
生駒里奈,2.6440279722030834e-05
石井杏奈,8.904619495048069e-05
石川恋,1.2306760529379729e-154
石田ニコル,1.1883396520392543e-05
石田ひかり,0.0038681115630423415
石田ゆり子,0.003998222152993926
石野真子,4.564735092120773e-06
石橋静河,0.0010445213058721107
石原さとみ,3.9906659770889994e-05
泉里香,2.473602717767489e-154
磯野貴理子,0.0001578867504358427
磯山さやか,4.739359763545098e-06
板谷由夏,0.0002650922949794184
市川紗椰,3.1264582431543276e-154
市川実日子,2.3184381490229296e-05
市毛良枝,3.5838097362684198e-19
いとうあさこ,1.1902950656578603e-05
伊藤歩,3.5085719080827114e-06
伊藤沙莉,0.0002623644101472754
稲垣来泉,9.101183751092515e-155
稲森いずみ,1.4317902648241451e-154
井上咲楽,2.453830712568523e-07
井上真央,0.00026395352825017113
祷キララ,1.9001209485946096e-155
伊原六花,5.74337212520698e-07
今田美桜,0.00017580332961636072
IMALU,0.0004207260335355091
芋生悠,6.081191034409283e-06
井本彩花,4.993317462426906e-06
イモトアヤコ,1.571337257239277e-05
井森美幸,1.8985946576673562e-05
上戸彩,9.442532500020187e-06
上野樹里,3.5934253882683775e-05
宇賀なつみ,1.8594110041421672e-05
宇垣美里,2.4311084077686975e-154
臼田あさ美,1.381226817702136e-05
宇多田ヒカル,5.0098622109386014e-154
内田有紀,0.01934057112012166
内田理央,7.71092579934716e-06
内山理名,7.138533637634819e-155
榮倉奈々,0.0002853522086938689
江口のりこ,3.637885488209998e-05
蛯原友里,6.560413156035291e-05
王林,4.593979459328807e-157
大久保佳代子,0.0004135432087575068
大坂なおみ,2.194901297234875e-154
大沢あかね,0.00033386621696419394
大島美幸,7.408774849474142e-05
大島優子,0.00048075592868534973
大竹しのぶ,0.0004566235976821237
大塚寧々,0.0007811469154636282
大友花恋,2.3918605222030628e-05
大野いと,7.0715778495595624e-06
大原櫻子,1.2965782948212276e-05
大政絢,8.222523425199688e-05
岡崎紗絵,4.088500181440227e-05
岡副麻希,9.235174818656272e-155
岡田結実,3.0717794489436946e-10
岡本夏美,3.1511162102194577e-06
岡本玲,4.547891158475305e-06
小川紗良,3.714385389934004e-05
奥貫薫,1.9520821941245473e-05
小倉優子,5.358018672846715e-06
押切もえ,6.614168043967287e-05
乙葉,0.0008024163678165025
小野花梨,3.3555490421695194e-06
おのののか,4.551867980951627e-155
尾野真千子,1.8647588387799078e-05
皆藤愛子,3.4547795889619817e-06
賀来千香子,0.0001754819514975564
筧美和子,7.421895124442253e-05
柏木由紀,1.5625261178740226e-05
片桐はいり,1.0578913810509949e-154
かたせ梨乃,1.1617663610480407e-154
片平なぎさ,2.7614173331446364e-05
片山友希,1.2573466559101872e-154
加藤小夏,6.001523721450939e-155
門脇麦,2.7411683231420772e-05
夏帆,3.4157041747445966e-05
上白石萌歌,0.002391859356908316
上白石萌音,0.002464025010328928
茅島みずき,7.4358661970858224e-155
河合優実,1.837110389678543e-05
川栄李奈,5.61127575639863e-05
河北麻友子,4.4617806914754154e-05
川口春奈,1.2373765328519603e-05
川島海荷,0.0003933414268540564
川津明日香,3.5909606107086847e-155
貫地谷しほり,1.099185785502748e-05
菅野美穂,5.85064156825201e-05
菅野莉央,2.4631386534434622e-154
菊池桃子,1.941279722087967e-06
岸井ゆきの,2.1477595202352883e-05
貴島明日香,0.000932077613887992
岸本加世子,5.390269232279134e-155
北川景子,0.0014892601476157994
北乃きい,1.4089042659828076e-05
吉瀬美智子,3.799453069802794e-06
木南晴夏,0.007230217928648216
木村カエラ,0.0003981810228219056
木村多江,1.5629926160414678e-06
木村文乃,6.454370331107468e-05
キムラ緑子,7.920785894879036e-06
木村佳乃,0.0003134278059271307
きゃりーぱみゅぱみゅ,8.06636198145897e-06
清原果耶,4.089892150844081e-05
桐谷美玲,0.0002742359644613244
草刈民代,4.5901511431127e-155
工藤美桜,5.490698727681683e-154
国仲涼子,0.0004197072639119216
久保田紗友,6.1410045521258316e-06
久間田琳加,7.150370105905339e-06
倉科カナ,2.239756405535848e-06
栗山千明,5.0907684427981804e-05
黒木華,7.79317187774472e-05
黒木瞳,0.0002616033031455877
黒沢かずこ,7.795492811856286e-05
黒島結菜,2.3723710930173167e-05
黒谷友香,5.510501854900374e-06
小池栄子,7.77213243373618e-06
Cocomi,0.00021553270172824232
小芝風花,6.221486224979514e-06
小嶋陽菜,2.040695669517859e-05
小西桜子,5.530897268996734e-06
小西真奈美,8.977157052601666e-06
小林聡美,2.6160625380227676e-38
小松菜奈,0.0004079169011051711
小雪,1.633414918872465e-156
近藤春菜,1.0000430677948436e-05
紺野彩夏,8.773224661912653e-155
紺野まひる,6.258956607058691e-05
紺野美沙子,3.6598703025986166e-155
財前直見,1.7001552315732694e-154
齋藤飛鳥,2.159236529560144e-05
斉藤由貴,1.8336927560268413e-05
紗栄子,1.0567583504056094e-06
坂井真紀,6.308543650450077e-16
酒井美紀,5.625714659053539e-16
酒井若菜,1.8954972596392836e-05
榊原郁恵,3.606677436441748e-05
坂下千里子,1.0642645655686291e-06
坂ノ上茜,3.469015612677694e-07
佐久間由衣,0.0006866623487790449
桜井日奈子,1.4954390385967377e-05
桜井ユキ,0.0003246580197917183
桜田ひより,6.078750613038573e-06
桜庭ななみ,9.557460885870072e-06
佐々木希,4.813670048170003e-05
指原莉乃,1.4151570086939157e-05
佐藤栞里,2.4540783050653416e-154
佐野ひなこ,3.209493029435721e-06
沢口靖子,1.034435909644765e-39
SHELLY,2.260521551992856e-06
シシド・カフカ,6.66252313685653e-06
志田彩良,0.00022817162371901886
志田未来,0.0003809883531456082
篠原涼子,0.0001593190150367443
柴咲コウ,7.96735228737915e-05
柴田理恵,1.830413265073361e-05
渋谷凪咲,5.105314895260211e-154
島崎遥香,2.0710432515501675e-05
島崎和歌子,4.268469659810777e-05
清水ミチコ,7.078818441221426e-06
趣里,0.000263672078584061
白石聖,6.515156147112008e-154
白石麻衣,4.1927650465168226e-05
白石美帆,2.5097211046078658e-05
新川優愛,9.167426819250132e-05
杉咲花,5.9997650513496485e-05
杉本彩,9.018236899743524e-155
鈴木京香,1.9019840661151533e-05
鈴木砂羽,9.558669519489253e-06
鈴木奈々,1.997360180483736e-154
鈴木保奈美,0.00018710535690098402
鈴木ゆうか,3.2911439565291977e-06
鈴木梨央,6.644183656214666e-117
須藤理彩,1.3861056913119308e-154
鷲見玲奈,1.2207637765912187e-151
清野菜名,0.0004995809662989228
関水渚,7.488161176950279e-06
瀬戸朝香,0.00021606286214004527
染野有来,1.6946679783301824e-155
大地真央,0.0007066077948089018
平祐奈,1.5701427105394216e-06
高岡早紀,0.007695797781587944
高島彩,1.6872665669790415e-154
高嶋ちさ子,0.0002643387524614437
高島礼子,8.761020444640962e-07
高梨臨,8.927421838744584e-06
高橋惠子,8.191565111470674e-19
髙橋ひかる,2.601851311007085e-154
高橋ひとみ,1.3108154723951531e-154
高橋真麻,4.610227399371165e-07
高橋みなみ,2.5458262167811002e-05
高橋メアリージュン,3.7955690538920278e-06
高畑淳子,1.523925075091795e-154
高畑充希,0.00010248526789400909
瀧内公美,4.969621663310267e-05
滝川クリステル,0.00034697559475558096
滝沢カレン,3.95727519956621e-06
瀧本美織,1.6186804361545314e-05
竹下景子,2.7722651710711152e-18
武田梨奈,1.8594542104086476e-05
武田玲奈,3.797637152504082e-05
田中美佐子,1.583008755360385e-154
田中道子,2.467605022362254e-154
田中みな実,1.6845927619366196e-05
田中律子,0.007689530339600737
田中麗奈,9.233388271088756e-154
田辺桃子,2.4881896161590392e-05
田鍋梨々花,8.626829066463711e-07
谷まりあ,4.604134744841868e-06
多部未華子,0.00011714164251211374
玉城ティナ,5.999648001678221e-05
ダレノガレ明美,2.3552303119516586e-07
檀れい,0.00020757327976823837
壇蜜,2.440570892877406e-06
千秋,1.6716980810335383e-156
知花くらら,5.099317199854976e-155
土村芳,9.188305427021738e-06
土屋アンナ,3.4175308622376557e-06
土屋太鳳,0.0009209517779779978
恒松祐里,4.566120784325254e-07
椿鬼奴,7.132153110607974e-155
鶴田真由,3.415951018897238e-05
出口夏希,4.900101101366502e-06
寺島しのぶ,1.4587266027141445e-05
當真あみ,6.1459249180638306e-06
常盤貴子,4.239786084921428e-05
徳永えり,8.459302732191852e-155
戸田恵梨香,0.0007193945796370061
戸田恵子,1.535918458400751e-18
戸田菜穂,1.670549586168706e-154
富田望生,1.4212425760378019e-05
富田靖子,2.6377866982368325e-05
ともさかりえ,2.358719679787882e-05
友近,4.177626878065656e-06
豊嶋花,2.9928084916643353e-05
トラウデン直美,3.1071890515332535e-154
トリンドル玲奈,9.944879921951966e-152
なえなの,2.1534278715603787e-154
奈緒,0.00011229646160564109
仲里依紗,0.0024918778043389114
長井短,6.2695058565784535e-155
中川翔子,9.284547492140668e-16
中越典子,1.4509318459046817e-154
永作博美,5.396295011155644e-05
長澤樹,6.484303747374852e-06
長澤まさみ,0.00012432793587751628
中島セナ,3.0220326386787966e-06
中条あやみ,4.333663937309156e-05
中谷美紀,1.6314745329682412e-05
永野芽郁,0.00020428016964067473
長濱ねる,3.8707510906775905e-06
仲間由紀恵,4.193380757481859e-05
中村アン,2.6470254423571515e-154
中村静香,1.4695629848230708e-154
中村ゆり,2.3234362765423422e-05
中村ゆりか,2.3079432168496604e-05
中山美穂,2.7331237679920138e-05
夏川結衣,5.43126131942412e-05
夏木マリ,1.1147161143542947e-06
夏子,2.433533008038899e-155
夏菜,7.308529905851548e-06
名取裕子,7.255037193618754e-111
菜々緒,3.4999659304012334e-06
成海璃子,5.8834485707410224e-05
二階堂ふみ,0.00010164523842357032
西田尚美,5.13133176122612e-06
西野七瀬,4.904055808650936e-05
仁村紗和,7.007142671202952e-06
生見愛瑠,1.3154222129085356e-153
萩原みのり,1.2945128353675879e-06
橋本愛,6.482615459275095e-156
橋本環奈,4.094370861247345e-05
橋本マナミ,1.14402849591341e-154
長谷川京子,4.661195495798034e-06
羽田美智子,2.236056880731357e-05
畑芽育,1.9447427613864428e-07
馬場ふみか,1.5319713598090812e-05
濱田マリ,6.3486243917113386e-155
浜辺美波,7.950958124438036e-05
早見あかり,5.324028319350673e-06
原沙知絵,8.08667995382407e-155
原菜乃華,8.293311596559155e-07
原日出子,2.389206490845613e-19
原田知世,0.00023755532947844187
原田美枝子,0.001045047439504369
波瑠,6.980553888646678e-05
比嘉愛未,0.0001799974349530813
樋口可南子,1.0488187876318403e-06
ヒコロヒー,7.368360221141797e-154
久本雅美,2.360256307085546e-05
平岩紙,9.334711040275062e-155
平子理沙,1.0798403940233435e-154
平手友梨奈,3.5799123490872686e-05
広末涼子,1.0168168323145664e-05
広瀬アリス,0.00074610796036893
広瀬すず,0.0008640447358083116
ファーストサマーウイカ,2.423497069034141e-07
笛木優子,1.8825106940005157e-154
深川麻衣,9.652461286211972e-155
深田恭子,2.905587859707055e-05
深津絵里,9.71389073729958e-05
吹石一恵,0.0009581078338204576
福地桃子,0.00012202685746882564
福原遥,1.7925013706024446e-05
福本莉子,7.534894625385164e-06
藤田ニコル,0.0009314867072772958
藤田弓子,1.814621886434879e-155
藤野涼子,3.4978049161167393e-155
藤間爽子,5.908368026858994e-155
藤本美貴,5.3334825417402085e-154
藤原さくら,9.623386646681912e-06
藤原紀香,0.00039313635605938075
風吹ジュン,9.488752223872193e-05
古川琴音,2.0818179993398966e-07
古畑星夏,5.602147107634243e-05
フワちゃん,1.103846194795737e-05
ベッキー,3.2610903932597015e-05
辺見えみり,3.261662825753278e-06
北斗晶,7.395030824114011e-155
堀田茜,2.8316715391711774e-06
堀田真由,4.753126567209765e-06
ホラン千秋,1.4702571159393406e-06
堀内敬子,5.6675669368658424e-154
本上まなみ,2.4527141233661347e-05
本田翼,2.7423505161382244e-154
本田望結,2.8376715367149323e-06
前田敦子,0.0003324035858369208
マギー_(モデル),8.949875185416303e-08
真木よう子,3.2155614484203314e-05
蒔田彩珠,5.158418737231515e-05
マーシュ彩,0.000932077613887992
益若つばさ,3.2292403560539575e-05
松たか子,0.00019895929179348558
松井愛莉,0.00011420050142027125
松井玲奈,3.007099743248903e-05
松岡茉優,0.00015559145155485672
松風理咲,2.2638109891248068e-155
松坂慶子,7.345960953771981e-06
松下奈緒,1.8290955376397093e-05
松下由樹,2.0738186174286206e-05
松嶋菜々子,0.00023638671191466063
松嶋尚美,6.4089888354557e-07
松島花,1.6778233869793102e-154
松田聖子,0.00011323611453395278
松田るか,1.849204342920382e-154
松本伊代,0.0003937854260107536
松本穂香,1.3146752553192952e-05
松本まりか,6.488230914160654e-05
松本若菜,1.405961891419474e-153
松雪泰子,5.711382527712479e-07
真飛聖,1.4732980780400648e-05
眞鍋かをり,1.0498027381560587e-06
真矢ミキ,0.0001019778034917472
丸山桂里奈,1.4839829759037418e-154
萬田久子,8.91839625824693e-06
萬波ユカ,7.848048243020046e-156
三浦透子,1.6630205642770282e-154
見上愛,5.949985640133778e-06
水川あさみ,0.0005565542195515203
水谷果穂,8.995094300044418e-06
水野真紀,2.743194160871482e-05
水野美紀,2.6330168936989594e-05
水原希子,1.0834059434977629e-07
光浦靖子,0.0004208873419885091
観月ありさ,4.61327606129678e-05
満島ひかり,0.0013372270465253223
三戸なつめ,2.933766326943591e-155
南果歩,0.00015681751793754015
南沙良,4.899553974044598e-05
南沢奈央,3.201714148715121e-05
南野陽子,2.654941369467314e-05
美村里江,1.6299694342779684e-154
宮﨑あおい,0.0006649623857979629
宮崎美子,5.139545153539389e-19
宮澤エマ,9.021044331635335e-154
宮沢りえ,7.693010104236768e-05
宮本信子,5.249897637688532e-155
宮本茉由,1.6694323690960192e-07
宮脇咲良,4.4615769599907875e-05
三吉彩花,8.543111279738751e-05
村上佳菜子,2.3117925523666854e-154
村上知子,8.296599164073612e-05
室井滋,3.699671121287978e-38
MEGUMI,1.6645692029712097e-05
本仮屋ユイカ,5.541312964557376e-06
桃井かおり,1.9335970244303388e-05
百田夏菜子,3.208999699546883e-05
森泉,0.0001458048675141074
森絵梨佳,2.2564538787812622e-06
森七菜,3.851515760538962e-06
森星,0.0001458048675141074
森尾由美,0.00014483822653645368
森川葵,8.131810367494886e-05
森口瑤子,1.1935413856417316e-154
森田想,9.064526079744647e-06
森田望智,9.480187056487142e-155
森高千里,0.0005430647189359306
八木莉可子,4.6455341177057197e-154
薬師丸ひろ子,0.00022790229274180528
安めぐみ,3.2258916838770072e-06
安田成美,0.0002932038649468914
安田美沙子,3.550326189227034e-06
矢田亜希子,1.9636162649147344e-06
箭内夢菜,1.268023527512783e-05
柳ゆり菜,6.434339170538378e-06
柳原可奈子,1.5363672399967336e-06
矢作穂香,2.3234949896351658e-05
山口紗弥加,2.4339664691926796e-05
山口智子,0.00044261804459048016
山口まゆ,9.315569459194526e-157
山口もえ,1.3089013142870995e-154
山崎静代,0.00010825754538825026
山崎紘菜,3.4480181619427917e-06
山下美月,6.170125492456197e-05
山田杏奈,4.1397707379161595e-07
山田真歩,8.149209118687157e-155
山田優,5.614863783624098e-157
山之内すず,2.7431822982852794e-07
山本千尋,3.875914947727608e-154
山本舞香,0.00010851057211201806
山本美月,0.00043902920843037904
YOU_(タレント),6.6771556867086995e-06
優香,0.0001505920287989488
優木まおみ,6.046102953224136e-06
古川優奈,5.52923711092383e-154
ゆりやんレトリィバァ,2.120561059065542e-06
余貴美子,2.1070865115269264e-05
横澤夏子,1.4347870710440745e-06
横田真悠,1.1101086026017013e-05
吉岡里帆,0.00017027268496884617
吉川愛,3.972525082362971e-06
吉田美月喜,8.569670199655879e-06
吉田羊,8.829840189706934e-117
吉田莉桜,9.264525242979762e-156
吉高由里子,8.20765791427632e-05
吉谷彩子,2.8526060231621158e-154
吉永小百合,1.898445703489753e-05
芳根京子,7.368527089119149e-05
与田祐希,5.382910661661738e-06
米倉涼子,1.4090349862651849e-05
米倉れいあ,8.105821534904606e-155
RIKACO,0.00023583141148552297
莉子,5.2633656541368335e-152
りょう,6.890969188993211e-157
遼河はるひ,4.4998189555251925e-05
LiLiCo,8.304351733100693e-16
蓮佛美沙子,8.22496197573219e-05
ローラ_(モデル),1.5073473996490612e-07
若月佑美,5.593297625001e-06
若村麻由美,3.658338066603899e-06
和久井映見,2.2828303993581144e-05
和田アキ子,3.354841806284655e-05
渡辺えり,5.8930560248501616e-05
渡辺直美,8.20052393871788e-06
渡辺真起子,1.3117727089636581e-05
渡辺満里奈,9.238507321876154e-05
阿佐ヶ谷姉妹,7.700714089926879e-07
ガンバレルーヤ,3.204737709018769e-06
3時のヒロイン,2.2236220488806217e-06
ぼる塾,1.205170142007103e-06
