哀川翔,4.264026191879611e-07
相葉雅紀,3.6840942399174273e-07
青木崇高,1.4152317418960813e-10
青柳翔,2.8349013875740385e-09
明石家さんま,8.480238032417175e-07
赤楚衛二,7.663741517837523e-09
秋山竜次,3.5987727723015234e-08
浅野忠信,1.0167821920899048e-07
浅利陽介,1.2581829855735235e-08
厚切りジェイソン,0.0
あばれる君,0.0
阿部サダヲ,6.506267657992487e-07
阿部寛,1.1044736842654392e-07
天野ひろゆき,1.8866595494103025e-07
綾野剛,4.1284088951154223e-07
荒川良々,0.0
荒木飛羽,0.0
新田真剣佑,2.175723991683244e-08
有岡大貴,4.848111311238933e-07
有田哲平,3.2195311621144914e-07
有吉弘行,6.226955118532917e-07
飯尾和樹,1.0243047261452307e-07
井浦新,1.4074780999551838e-07
生田斗真,1.069655696361985e-07
池松壮亮,1.3895834999464473e-07
伊沢拓司,0.0
石塚英彦,1.2982945333498532e-08
石橋貴明,2.747108867463129e-07
石原良純,9.387586974094055e-08
石丸幹二,1.2947379489863154e-09
伊集院光,1.0391964827379093e-07
泉澤祐希,0.0
磯村勇斗,5.025957273423465e-08
板尾創路,1.0195925577096886e-07
板垣瑞生,1.7154537817852698e-07
板垣李光人,4.615023235326687e-09
市川猿之助_(4代目),3.231104850729197e-08
市川染五郎_(8代目),1.2221786592684835e-08
市川團十郎_(13代目),1.4038751835808654e-07
一ノ瀬颯,0.0
市原隼人,5.625731421997186e-08
市村正親,4.3163403379601517e-07
IKKO,0.0
井手上漠,4.840565543796225e-09
伊藤あさひ,0.0027667194884367584
伊藤淳史,0.0
伊藤英明,8.57187819722038e-08
稲垣吾郎,7.374263136100757e-08
稲葉友,1.1612035102430968e-08
犬飼貴丈,1.4643237654158364e-09
井上想良,0.0010391181447588994
井上祐貴,0.0
伊野尾慧,2.6387801891775635e-07
井ノ原快彦,1.6784183320770747e-07
井之脇海,1.7129551444993253e-08
伊原剛志,0.0
伊武雅刀,6.00563551863686e-08
今井翼,7.208214331736809e-08
今田耕司,3.0427789043694315e-07
岩田剛典,8.623991051265072e-05
上田晋也,7.651591216059585e-08
ウエンツ瑛士,5.281514920751681e-08
宇梶剛士,1.741315769978696e-07
内野聖陽,6.940598135886466e-08
内村光良,4.934358416047234e-07
ウド鈴木,2.0400452561379494e-07
梅沢富美男,7.475199733133251e-08
江口洋介,9.885192065652925e-08
柄本明,1.9177883516724088e-07
柄本佑,2.685512783053424e-07
柄本時生,4.96311606333038e-08
遠藤憲一,4.18388725812108e-09
遠藤章造,3.657423860955062e-08
及川光博,1.7621265722496837e-07
大泉洋,4.843301845492497e-07
大倉孝二,0.0
大倉忠義,9.308992807317617e-08
大沢たかお,4.1818473947953104e-08
太田光,6.399752487457742e-07
大谷翔平,2.466943461824249e-07
大谷亮平,0.0
大橋和也,8.05073606179252e-09
大森南朋,3.620508128401272e-08
岡田圭右,0.0
岡田准一,2.1375481222441606e-07
岡田将生,4.175771409275183e-07
岡村隆史,4.060627900575914e-07
岡山天音,2.6914475769307706e-08
奥田瑛二,5.442512772897805e-09
奥平大兼,7.357983841356164e-08
小栗旬,3.794979436882958e-07
小澤征悦,4.905879418845988e-08
織田裕二,6.396111968702741e-08
オダギリジョー,7.139147585817812e-09
音尾琢真,9.332396199187058e-09
尾上松也,0.0
香川照之,2.3979130607663295e-07
柿澤勇人,2.2378057839721305e-08
賀来賢人,2.6905211487383154e-08
角田晃広,2.4428213682240285e-07
筧利夫,2.839744493270561e-07
風間俊介,1.0968891643872411e-07
笠松将,0.0
梶原善,0.0
春日俊彰,2.2428256307258432e-08
カズレーザー,2.0954261758100362e-11
加瀬亮,4.4043940677791385e-08
片岡愛之助,0.0
片桐仁,0.0
片寄涼太,1.4223785898124198e-08
勝地涼,1.2398322969460124e-08
勝俣州和,2.507546232900528e-07
勝村政信,8.882269887196861e-08
加藤浩次,5.036630930848106e-08
加藤清史郎,3.4656503277384696e-08
加藤諒,0.0
香取慎吾,6.486682436131488e-07
要潤,0.0
金子大地,0.0
金子ノブアキ,0.0
川平慈英,9.640672660945594e-08
神尾楓珠,4.6539785805337804e-07
上川隆也,1.6327873209419096e-07
神木隆之介,3.9940177196366087e-07
上地雄輔,5.840076524275774e-08
亀梨和也,5.596713681903453e-07
唐沢寿明,2.5818625900683364e-07
河合郁人,1.8735575219007382e-10
川島明,2.978049213269808e-08
神田正輝,4.736611375187318e-09
カンニング竹山,1.1313651049832786e-07
菊池風磨,4.2275851092680434e-07
岸優太,2.8331860226444164e-08
岸谷五朗,6.399542310700108e-08
岸部一徳,1.594563581575378e-07
北大路欣也,0.0
北村一輝,5.119737311706269e-08
北村匠海,2.2076146264284627e-07
北村有起哉,2.9602398355608843e-08
北山宏光,4.0924663715303256e-08
吉川晃司,1.8819426142011166e-07
木梨憲武,3.866462703721641e-07
木村昴,0.0
木村拓哉,1.1769704853142506e-06
桐谷健太,4.858627976462608e-08
桐山漣,2.1463818369915136e-09
草刈正雄,0.0
草彅剛,1.2477540867651873e-07
くっきー!,4.132033114456404e-08
工藤阿須加,0.0
國村隼,0.0
窪田正孝,6.074009165680578e-09
黒羽麻璃央,1.9399403084042078e-10
桑田佳祐,8.949881661122607e-07
劇団ひとり,1.6994330464830543e-07
ケンドーコバヤシ,1.9558365458044418e-07
小池徹平,5.002059645363542e-10
小泉孝太郎,1.8094773355902255e-07
郷ひろみ,2.3445938560219528e-07
高良健吾,2.649114555922492e-07
国分太一,1.7250666787943236e-07
児嶋一哉,2.0418160609233085e-07
小関裕太,4.933236671001501e-08
小瀧望,6.0281260159257835e-09
小手伸也,0.0
後藤輝基,9.941355176768288e-08
小峠英二,1.0273961015682511e-07
小林薫,1.7284926165452188e-07
小日向文世,4.763156957047945e-08
駒木根葵汰,1.254043981177816e-10
小宮浩信,0.0
小宮璃央,0.0010391181447588986
小籔千豊,1.5832521325252102e-07
今野浩喜,1.0808036707600546e-07
斎藤工,1.1242499139439586e-07
堺正章,6.694886274903031e-08
堺雅人,8.247714620751874e-08
坂上忍,7.431948808691595e-08
坂口健太郎,1.3654132473931163e-07
櫻井海音,1.5517510487419076e-09
櫻井翔,5.35684485884941e-07
桜田通,1.8408892753439293e-09
佐々木蔵之介,9.904623579116566e-08
笹野高史,5.8542539835800356e-08
佐藤寛太,3.560066363241827e-08
佐藤浩市,2.679249749646261e-07
佐藤勝利,4.256305744324265e-08
佐藤二朗,1.2787766134151618e-07
佐藤大樹,0.0
佐藤健,0.0
佐藤隆太,2.2340316169854035e-07
佐野史郎,3.6509936158683186e-10
佐野勇斗,4.032311295776991e-09
澤部佑,6.349339779063777e-08
沢村一樹,7.493633485295753e-09
サンシャイン池崎,3.3806769342330092e-09
椎名桔平,8.099959689914661e-08
ジェシー_(アイドル),1.5995858908783106e-08
重岡大毅,4.603590380520024e-08
志尊淳,1.274746273388131e-07
設楽統,1.9403640401451017e-07
清水尋也,0.0
春風亭昇太,7.543533191180833e-08
城島茂,1.7080623834756522e-07
笑福亭鶴瓶,4.744363386632806e-07
白濱亜嵐,3.9404414600443835e-07
城田優,8.445295851422327e-08
神宮寺勇太,5.479380281626336e-09
陣内孝則,7.753439030168187e-08
陣内智則,3.811805851831595e-07
須賀健太,2.1595590900601139e-07
杉浦太陽,2.6277187119240336e-08
杉野遥亮,4.820436004577348e-07
杉本哲太,0.0
鈴鹿央士,1.001082671311575e-07
鈴木浩介,0.0
鈴木仁,0.0
鈴木伸之,3.2365961920158606e-09
鈴木福,7.427213279952481e-07
鈴木亮平,0.0
菅田将暉,3.5783720789927176e-07
駿河太郎,1.381879962828735e-09
関口メンディー,4.0521695704331615e-07
関根勤,2.4190979748888966e-07
瀬戸康史,1.4848499671980667e-08
曽田陵介,0.0
染谷将太,1.0240339185020125e-08
反町隆史,4.423145417198206e-08
DAIGO,1.0655152290102685e-07
醍醐虎汰朗,0.0
髙嶋政伸,1.4337868782235617e-08
髙嶋政宏,1.0456644783227801e-08
高杉真宙,8.815044165302891e-09
高田純次,1.9725788468298893e-07
高橋一生,1.8643979596605983e-07
髙橋海人,1.3069591590024724e-08
高橋克典,0.0
高橋克実,2.135134940959421e-08
高橋茂雄,1.5008709814109403e-07
高橋英樹,0.0
高橋文哉,5.472043282745341e-08
高橋光臣,0.0
滝藤賢一,3.768564240303074e-09
武井壮,9.320651553192304e-09
竹内涼真,3.081523661988139e-08
武田鉄矢,2.370246462832437e-07
竹中直人,1.9409523006542345e-07
竹野内豊,8.481176884557254e-08
舘ひろし,1.6742408439532565e-07
田中圭,2.0645813971175236e-08
田中卓志,5.6889309487260464e-08
田中直樹,0.0
田中将大,1.360210866433027e-08
田中裕二,0.0
田中要次,0.0
田辺誠一,9.68646388191866e-08
谷原章介,1.440054336205017e-07
玉木宏,2.789312585565674e-07
玉森裕太,1.0295758494123334e-08
玉山鉄二,4.260280880664911e-08
田村淳,8.224375358614298e-09
タモリ,5.811659803715669e-07
知念侑李,2.9975778456975643e-07
千葉雄大,7.01253130242247e-08
千原ジュニア,3.25239412144183e-07
塚地武雅,7.243814963577072e-08
塚本高史,1.1846465964126793e-08
津田寛治,2.4280122538382607e-08
津田健次郎,0.0
土田晃之,2.132710760812809e-07
堤真一,3.2196508658545375e-07
坪倉由幸,2.5971333456237242e-08
妻夫木聡,5.068055722868263e-07
つるの剛士,2.782393645609314e-08
ディーン・フジオカ,1.6903037930578667e-08
出川哲朗,4.7058244306370264e-07
寺島進,1.7089325333842213e-07
寺田心,3.2834185272329256e-08
寺脇康文,1.5559922008408858e-07
でんでん,0.0
堂本光一,7.564557204169668e-08
堂本剛,9.697218626035415e-08
所ジョージ,3.738389931173075e-07
ØMI,0.0
トータス松本,2.47869640300748e-07
戸塚純貴,7.190058779259407e-10
戸次重幸,5.5336665293166885e-09
豊川悦司,1.1379804105982688e-07
内藤剛志,5.44881535434207e-217
中井貴一,2.4140431508880353e-07
中居正広,4.3631944915037185e-07
中尾明慶,1.0125610795202629e-07
中川大志,0.0
長嶋一茂,8.731316171560066e-08
中島健人,7.198985373460321e-08
中島裕翔,5.464123141302735e-07
永瀬正敏,9.674960812555063e-08
永瀬廉,1.4145350378348438e-08
中田圭祐,0.0
仲野太賀,7.315911715346202e-08
中丸雄一,2.504763238364286e-07
中村勘九郎,0.0
中村獅童,0.0
中村俊介,0.0
仲村トオル,0.0
中村倫也,0.0
中村雅俊,6.598841367426767e-08
永山瑛太,2.413403905459443e-07
永山絢斗,7.093602718360289e-08
中山秀征,2.9084939426040764e-07
名倉潤,3.7741575546398774e-08
生瀬勝久,6.344828617409287e-08
成田凌,8.69282713408163e-08
南原清隆,2.6019026600458707e-07
錦織圭,9.502835528795912e-09
西島秀俊,1.9056778721426663e-07
西田敏行,2.7193974410053154e-07
西畑大吾,3.346276364183947e-08
西村まさ彦,9.280030691975528e-09
二宮和也,5.427290140087479e-07
温水洋一,8.39422964542572e-08
野間口徹,0.0
野村周平,2.804256026060785e-08
野村萬斎,0.0
バカリズム,3.5735812173777765e-08
萩原利久,2.2634223554811635e-07
はじめしゃちょー,8.86063412199872e-239
長谷川博己,4.2793520298579666e-07
羽鳥慎一,1.28024154681137e-07
羽生結弦,5.848499915491214e-07
濱正悟,0.0
濱田岳,2.219292706349013e-07
濱田龍臣,0.0
浜田雅功,1.6634465482857503e-07
浜野謙太,6.528714391359024e-08
林修,3.02334508450674e-09
林遣都,2.9890467973942e-08
速水もこみち,0.0
原田泰造,1.3015338827642967e-07
原田龍二,0.0
はるな愛,2.4042497478181287e-08
坂東龍汰,0.0
HIKAKIN,2.3404060030000564e-239
東野幸治,5.403603233649319e-07
東山紀之,2.526087481052648e-07
ビートたけし,1.338215345009496e-06
ビビる大木,1.731617840561088e-07
日村勇紀,1.649273689072618e-08
日向亘,1.1378946290441341e-09
平泉成,0.0
平岡祐太,0.0
平野紫耀,1.4551646245959617e-08
平山浩行,6.709681628362957e-08
ヒロミ,7.041179716231804e-07
吹越満,0.0
福澤朗,9.188091746545884e-08
福士蒼汰,1.3274212458685835e-07
福山雅治,2.5734191610095904e-07
藤井隆,1.0941208387744331e-07
藤井流星,9.224002498826633e-08
藤岡弘、,0.0
藤ヶ谷太輔,4.661951230124619e-08
藤木直人,5.595299924210087e-08
藤森慎吾,0.0
藤原大祐,7.651498590460902e-08
藤原竜也,5.6796163788120856e-08
船越英一郎,4.150284659316955e-08
古川雄輝,5.860770216753984e-09
古川雄大,1.0955844866740105e-07
古田新太,8.825715780650625e-08
古舘伊知郎,3.843704576427094e-07
別所哲也,0.0
星野源,2.2897587879683635e-07
細田佳央太,9.419033680856452e-08
堀内健,2.6834820177797825e-07
本郷奏多,0.0
毎熊克哉,0.0
眞栄田郷敦,3.1059284897117767e-09
前野朋哉,0.0
マキタスポーツ,1.7874687007743222e-07
眞島秀和,0.0
又吉直樹,6.307769171396665e-08
町田啓太,8.257106558606616e-08
松岡修造,1.004881019270997e-07
松岡昌宏,1.6470676129365616e-07
マツコ・デラックス,1.6655640871335254e-07
松坂桃李,6.749211895629097e-08
松重豊,3.6505623115226038e-09
松下洸平,1.1011738163288774e-07
松田翔太,4.4799412494356475e-07
松田龍平,5.038539069978473e-07
松平健,1.3387923524411154e-07
松丸亮吾,0.0
松村北斗,2.559259832428874e-07
松本幸四郎,1.9923020605416053e-08
松本潤,6.174345947289661e-07
松本人志,1.2990324132839288e-06
松山ケンイチ,3.850635038347412e-08
的場浩司,1.0346718281434092e-07
間宮祥太朗,1.4838547615727858e-07
丸山隆平,4.701725456007586e-08
三浦知良,1.995742531509397e-09
三浦翔平,3.88230026290969e-08
三浦貴大,4.252729317068312e-08
三浦友和,1.0454032388375769e-07
水上恒司,2.9232362658082197e-08
水沢林太郎,1.05838318687863e-08
水谷豊,1.6709850161709317e-07
溝端淳平,1.1945268576972465e-08
道枝駿佑,9.950660456504266e-09
光石研,3.3973856280601234e-08
満島真之介,1.9843876042731985e-10
峰竜太,0.0
宮川大輔,0.0
三宅弘城,3.035499725757424e-07
三宅裕司,5.9559584469491687e-08
宮沢氷魚,0.0
宮世琉弥,8.086714854604655e-08
宮根誠司,3.212872493753057e-09
向井理,1.425950572959509e-07
向井康二,1.792414344460903e-08
六平直政,0.0
村上信五,4.861700843934468e-08
村上虹郎,1.695371872861833e-07
ムロツヨシ,1.8973592566835142e-07
恵俊彰,7.399764621001954e-08
目黒蓮,1.4856251721979289e-08
望月歩,0.0
本木雅弘,6.322222749326109e-08
森崎ウィン,0.0
森山未來,1.4165087583866816e-08
柳楽優弥,3.591358650003377e-07
役所広司,1.818324318480473e-07
薬丸裕英,8.74214551731774e-09
矢沢永吉,4.827732573393484e-07
八嶋智人,1.0303135910348764e-07
安田顕,1.9250520510389266e-07
安田章大,4.89448942517987e-08
柳沢慎吾,1.3319161072803377e-07
柳葉敏郎,7.733703792282298e-08
矢部浩之,2.758333805514198e-07
山口智充,3.2032391892046083e-07
山崎育三郎,4.358992824910741e-08
山﨑賢人,8.319072466889237e-08
山崎弘也,9.170934952741745e-08
山里亮太,2.3745457131178836e-08
山下健二郎,8.733166487137419e-05
山下智久,4.790602050073248e-07
山田孝之,4.483457769593038e-07
山田裕貴,0.0
山田涼介,2.342658529730596e-07
山中崇,0.0
山本耕史,1.3417785459362155e-07
矢本悠馬,8.69282713408163e-08
結木滉星,0.002766734186406082
ゆうたろう,0.0
ユースケ・サンタマリア,2.526869177687621e-07
横浜流星,4.792029184267864e-07
横山だいすけ,0.0
横山裕,3.6063944563968314e-08
吉岡秀隆,1.681984934340461e-08
吉沢亮,1.2511105487203905e-07
吉田鋼太郎,1.2177029051223005e-07
吉村崇,9.762219423881077e-09
ラウール_(アイドル),1.7447142051895945e-10
竜星涼,6.829305754776618e-09
リリー・フランキー,6.293638799592173e-08
六角精児,2.32045417547749e-09
若林正恭,6.39428274899003e-08
渡辺いっけい,9.852742538743196e-09
渡邊圭祐,3.085265457856012e-08
渡辺謙,7.865833928124059e-08
渡辺大知,2.190031747969217e-09
渡部篤郎,7.182236356006176e-08
EXIT_(お笑いコンビ),1.2868764097157608e-09
おぎやはぎ,1.5489860340736044e-07
かまいたち_(お笑いコンビ),8.61187927144261e-08
さまぁ〜ず,3.40905679806522e-07
サンドウィッチマン_(お笑いコンビ),3.860326643302793e-07
JO1,0.0
シソンヌ_(お笑いコンビ),3.0521894514628724e-08
霜降り明星,2.7395694023076967e-08
タカアンドトシ,2.146929163049289e-07
千鳥_(お笑いコンビ),2.8679331940612303e-07
チョコレートプラネット,5.601949758793384e-09
ティモンディ,5.657923534846204e-10
ナイツ_(お笑いコンビ),3.20902659623499e-07
錦鯉_(お笑いコンビ),2.4430074969344576e-08
ニューヨーク_(お笑いコンビ),5.442034662589888e-09
博多華丸・大吉,3.41243770127674e-07
ブラックマヨネーズ,1.0215856404940272e-07
ぺこぱ,2.2477911359269954e-08
ミキ_(お笑いコンビ),2.631469092771386e-08
見取り図_(お笑いコンビ),7.911788993351616e-08
ミルクボーイ,2.9797768099482645e-08
四千頭身,4.361271875701772e-09
和牛_(お笑いコンビ),2.8942261009901983e-08
相武紗季,8.350231301699482e-09
蒼井優,3.3713715710356007e-07
葵わかな,1.822975580635091e-08
秋田汐梨,2.2503317925924816e-09
秋元梢,8.225316938538103e-09
浅川梨奈,0.0
浅田舞,1.704270639528347e-08
浅田真央,6.068203947446262e-07
浅田美代子,3.781789030354511e-08
浅野ゆう子,4.9624567442545274e-08
朝日奈央,1.0789529378124094e-07
朝比奈彩,2.2025553279978304e-06
芦田愛菜,6.999453679345798e-07
麻生久美子,8.444838333805613e-09
麻生祐未,8.764713697120564e-75
安達祐実,6.667790604159458e-07
足立梨花,2.279076303068471e-08
天海祐希,3.217901482363197e-07
綾瀬はるか,2.3725242292550704e-07
新井恵理那,0.0
新垣結衣,1.3376091613049687e-06
新木優子,4.570542274124227e-08
嵐莉菜,0.0
有村架純,3.3460389760376534e-07
杏,0.0
アンミカ,5.475882298055036e-08
安藤サクラ,1.6888712177256005e-07
飯豊まりえ,8.796391114266543e-08
井川遥,7.43943045635413e-08
生田絵梨花,2.7492854504571935e-08
池田エライザ,3.7153124996944685e-08
井桁弘恵,1.1486543367324302e-08
池田美優,2.6296361451871585e-08
池間夏海,0.0
池脇千鶴,2.3423868481830112e-07
生駒里奈,9.143240694864015e-08
石井杏奈,1.7951231519238836e-09
石川恋,0.0
石田ニコル,2.574434691537849e-08
石田ひかり,1.6382344085217485e-09
石田ゆり子,4.8906364976444664e-08
石野真子,2.048895277800956e-09
石橋静河,0.008311818654286682
石原さとみ,1.7715325901987715e-06
泉里香,0.0
磯野貴理子,4.6686373103941155e-09
磯山さやか,2.121112021980494e-08
板谷由夏,6.787021504249675e-08
市川紗椰,0.0
市川実日子,5.190169546250959e-08
市毛良枝,2.0758474373285757e-12
いとうあさこ,5.732642762893764e-08
伊藤歩,3.5058865729181e-08
伊藤沙莉,5.323366547312318e-08
稲垣来泉,0.0
稲森いずみ,0.0
井上咲楽,8.3438858947152e-09
井上真央,5.355502517692596e-07
祷キララ,0.0
伊原六花,2.5673027151402756e-09
今田美桜,4.1045598506929103e-07
IMALU,1.7164939675777437e-09
芋生悠,4.718861289523296e-08
井本彩花,6.296735120153748e-09
イモトアヤコ,7.646798197163568e-08
井森美幸,1.9320092275774402e-07
上戸彩,4.0832108745351856e-08
上野樹里,6.011790733323891e-07
宇賀なつみ,4.907606296053689e-09
宇垣美里,0.0
臼田あさ美,2.5425827751235208e-08
宇多田ヒカル,0.0
内田有紀,1.493262488971403e-07
内田理央,7.703558542047071e-10
内山理名,0.0
榮倉奈々,5.9270280459333325e-08
江口のりこ,2.6197402327657175e-08
蛯原友里,2.4145283341494236e-08
王林,0.0
大久保佳代子,5.2526940413426913e-08
大坂なおみ,0.0
大沢あかね,6.421389861927768e-10
大島美幸,6.108839368805095e-09
大島優子,1.3794906825525102e-07
大竹しのぶ,9.558902811036805e-08
大塚寧々,4.9292038422582733e-08
大友花恋,7.017931585877616e-07
大野いと,1.4916424296024643e-08
大原櫻子,7.71591001326576e-08
大政絢,5.723631520314835e-08
岡崎紗絵,2.0657331369200917e-08
岡副麻希,0.0
岡田結実,0.0
岡本夏美,7.217014076366771e-08
岡本玲,8.213724757354816e-09
小川紗良,4.8518582413045756e-11
奥貫薫,1.566549639600852e-08
小倉優子,3.289789058163149e-08
押切もえ,2.621349656111783e-08
乙葉,4.301774557374849e-10
小野花梨,5.2663798655454896e-08
おのののか,0.0
尾野真千子,2.8361937639162157e-08
皆藤愛子,1.8398369636797426e-08
賀来千香子,3.6472659039565667e-10
筧美和子,4.674834825986441e-09
柏木由紀,7.734500178876731e-08
片桐はいり,0.0
かたせ梨乃,0.0
片平なぎさ,1.2815295975830352e-09
片山友希,0.0
加藤小夏,0.0
門脇麦,4.759908512506161e-08
夏帆,5.380920763521925e-07
上白石萌歌,8.143805136069302e-09
上白石萌音,3.2992665067495965e-07
茅島みずき,0.0
河合優実,2.6711782110576397e-08
川栄李奈,4.507078225431218e-08
河北麻友子,5.639825347410873e-08
川口春奈,1.349583304304437e-07
川島海荷,9.341786275441429e-08
川津明日香,0.0
貫地谷しほり,5.94688474897728e-08
菅野美穂,2.2821277776234293e-07
菅野莉央,0.0
菊池桃子,5.284651003552332e-08
岸井ゆきの,5.376829884462811e-08
貴島明日香,0.0009320776138879957
岸本加世子,0.0
北川景子,2.451662011967045e-06
北乃きい,1.8740481234383296e-08
吉瀬美智子,7.603609333905511e-08
木南晴夏,1.1659889558024782e-08
木村カエラ,3.8202429883138026e-08
木村多江,2.1200476146438488e-08
木村文乃,5.15782788977061e-07
キムラ緑子,8.014387756560651e-09
木村佳乃,8.890056824071009e-08
きゃりーぱみゅぱみゅ,7.843327161670052e-08
清原果耶,3.923543858222909e-07
桐谷美玲,5.117321069567642e-08
草刈民代,0.0
工藤美桜,0.0
国仲涼子,1.3575537558935448e-07
久保田紗友,7.016558087071286e-08
久間田琳加,1.8677384754914335e-07
倉科カナ,4.039010068123262e-08
栗山千明,3.4679794840361826e-08
黒木華,1.5021406173130896e-07
黒木瞳,3.4300888743833477e-07
黒沢かずこ,1.619705259133479e-08
黒島結菜,4.2568428353409625e-10
黒谷友香,8.704142227127455e-09
小池栄子,1.0399693872746365e-07
Cocomi,1.4782672082048004e-09
小芝風花,2.0407697444480288e-07
小嶋陽菜,7.035172819916774e-08
小西桜子,1.2621449860857952e-06
小西真奈美,2.2949128609183055e-08
小林聡美,1.7941221288687307e-217
小松菜奈,2.9534998839846343e-07
小雪,0.0
近藤春菜,3.3935506494775306e-08
紺野彩夏,0.0
紺野まひる,1.2464424832273587e-07
紺野美沙子,0.0
財前直見,0.0
齋藤飛鳥,2.0993165456720348e-08
斉藤由貴,2.4356308773059924e-07
紗栄子,4.200611537153303e-08
坂井真紀,2.4539884876716448e-254
酒井美紀,5.845699405246831e-255
酒井若菜,3.7855450947260185e-09
榊原郁恵,1.9050879471889507e-08
坂下千里子,9.930909501692887e-09
坂ノ上茜,2.3351603050167603e-08
佐久間由衣,1.8527316058732063e-08
桜井日奈子,4.793637905591815e-08
桜井ユキ,9.134901108031791e-08
桜田ひより,3.156446177699306e-07
桜庭ななみ,4.6739301588068816e-08
佐々木希,3.821935967746017e-08
指原莉乃,2.987938826742418e-07
佐藤栞里,0.0
佐野ひなこ,1.0115791273188215e-08
沢口靖子,1.764665011255683e-217
SHELLY,9.5977451883174e-09
シシド・カフカ,2.3173773057285642e-08
志田彩良,1.3264898088255745e-07
志田未来,5.7632787173468886e-08
篠原涼子,2.4346154891415893e-08
柴咲コウ,1.397861014855892e-07
柴田理恵,1.8225413073905453e-10
渋谷凪咲,0.0
島崎遥香,3.91277202451438e-08
島崎和歌子,2.341543094424515e-08
清水ミチコ,4.4956196449590496e-08
趣里,1.9177389590377762e-10
白石聖,0.0
白石麻衣,5.883175889586249e-08
白石美帆,4.110832958289309e-09
新川優愛,3.685901626872515e-08
杉咲花,3.9750301504477843e-07
杉本彩,0.0
鈴木京香,7.665994066112802e-07
鈴木砂羽,1.828041454257313e-08
鈴木奈々,0.0
鈴木保奈美,6.123017257256262e-08
鈴木ゆうか,4.521848947220978e-09
鈴木梨央,0.0
須藤理彩,0.0
鷲見玲奈,0.0
清野菜名,3.1177749931425406e-08
関水渚,8.812974256836504e-08
瀬戸朝香,2.841650147071113e-08
染野有来,0.0
大地真央,1.2514909544705957e-07
平祐奈,3.899258457275816e-08
高岡早紀,0.0048475322453605954
高島彩,0.0
高嶋ちさ子,3.399347720089326e-08
高島礼子,6.901591850813498e-08
高梨臨,1.8466506257808064e-07
高橋惠子,9.081832538312519e-13
髙橋ひかる,0.0
高橋ひとみ,0.0
高橋真麻,4.4411005568645424e-09
高橋みなみ,2.0347708294505866e-07
高橋メアリージュン,1.582100517436264e-09
高畑淳子,0.0
高畑充希,1.0898791980226352e-07
瀧内公美,8.782258651980903e-08
滝川クリステル,1.4898808388644845e-07
滝沢カレン,1.2072913890821567e-08
瀧本美織,5.2205598959071025e-09
竹下景子,9.300039130480881e-12
武田梨奈,5.0379857661895006e-08
武田玲奈,7.693206291235487e-08
田中美佐子,0.0
田中道子,0.0
田中みな実,1.5825516680367003e-08
田中律子,0.004847523703907055
田中麗奈,0.0
田辺桃子,2.6689748880477927e-06
田鍋梨々花,2.224005605578255e-09
谷まりあ,7.943347840693821e-10
多部未華子,2.2465980567397187e-07
玉城ティナ,1.2228385177299393e-07
ダレノガレ明美,6.771190251524329e-10
檀れい,6.617660971077272e-08
壇蜜,3.435170860868164e-08
千秋,0.0
知花くらら,0.0
土村芳,1.4071321901608392e-08
土屋アンナ,6.706332359750177e-08
土屋太鳳,2.3763593663999682e-07
恒松祐里,1.4537847321875718e-07
椿鬼奴,0.0
鶴田真由,5.574513180012925e-09
出口夏希,2.5028722424051543e-08
寺島しのぶ,8.703270863155741e-08
當真あみ,5.397708723658122e-08
常盤貴子,3.3565125146409613e-07
徳永えり,0.0
戸田恵梨香,1.5498786770387681e-07
戸田恵子,4.843644020433344e-13
戸田菜穂,0.0
富田望生,1.4788049652325047e-08
富田靖子,6.86317048815881e-08
ともさかりえ,4.2036916553642606e-08
友近,1.5184470727497677e-07
豊嶋花,1.4370025873886916e-08
トラウデン直美,0.0
トリンドル玲奈,0.0
なえなの,0.0
奈緒,1.7287092412875902e-07
仲里依紗,7.018111202519249e-09
長井短,0.0
中川翔子,2.9165432164615985e-153
中越典子,0.0
永作博美,4.046594452382862e-08
長澤樹,6.917961122739193e-09
長澤まさみ,1.846431471935065e-06
中島セナ,5.776748231834462e-09
中条あやみ,1.8072802857079442e-08
中谷美紀,3.940750408386104e-08
永野芽郁,7.357212126292749e-07
長濱ねる,1.612776596567286e-09
仲間由紀恵,1.3800965087382235e-07
中村アン,0.0
中村静香,0.0
中村ゆり,4.0762997955526825e-08
中村ゆりか,4.028596558194797e-08
中山美穂,2.0926903117848803e-07
夏川結衣,4.0945610889974225e-08
夏木マリ,1.193819051745573e-08
夏子,0.0
夏菜,5.1184727982877074e-08
名取裕子,1.2682202811904343e-74
菜々緒,1.6208899000497914e-08
成海璃子,7.264619379510538e-08
二階堂ふみ,1.0067902187355499e-07
西田尚美,3.618100758288857e-08
西野七瀬,2.6223801644160208e-08
仁村紗和,5.361361176856216e-07
生見愛瑠,0.0
萩原みのり,4.8588084141254985e-08
橋本愛,0.0
橋本環奈,1.802979802032663e-07
橋本マナミ,0.0
長谷川京子,9.652864674549775e-09
羽田美智子,2.3665143984676605e-08
畑芽育,1.800984677200659e-09
馬場ふみか,4.53857307080302e-08
濱田マリ,0.0
浜辺美波,9.438424201559233e-07
早見あかり,1.0621201050233692e-07
原沙知絵,0.0
原菜乃華,3.4089828224747756e-09
原日出子,3.1137711559928636e-12
原田知世,7.303394991588621e-08
原田美枝子,0.008311851070832533
波瑠,1.9523078423753193e-07
比嘉愛未,2.6042987965749614e-08
樋口可南子,6.445375110749569e-08
ヒコロヒー,0.0
久本雅美,5.664859078743845e-09
平岩紙,0.0
平子理沙,0.0
平手友梨奈,1.7315839074371706e-07
広末涼子,4.438026981911318e-08
広瀬アリス,1.8002739112526052e-07
広瀬すず,9.329819007613654e-07
ファーストサマーウイカ,6.155131316929564e-09
笛木優子,0.0
深川麻衣,0.0
深田恭子,5.980352376529148e-07
深津絵里,1.9300815728687089e-07
吹石一恵,5.597746419392769e-09
福地桃子,1.0659599644357076e-08
福原遥,4.988381200714095e-07
福本莉子,6.701241350366369e-09
藤田ニコル,7.862495101700984e-08
藤田弓子,0.0
藤野涼子,0.0
藤間爽子,0.0
藤本美貴,0.0
藤原さくら,1.0773849940090122e-08
藤原紀香,1.7543233920724222e-07
風吹ジュン,1.9983185595947095e-07
古川琴音,7.452107299564e-09
古畑星夏,4.470361869093302e-08
フワちゃん,8.191631474282393e-08
ベッキー,1.7431416531213373e-07
辺見えみり,2.4352194931971943e-09
北斗晶,0.0
堀田茜,1.398151712633225e-09
堀田真由,1.0631323654059904e-08
ホラン千秋,6.859522761615126e-08
堀内敬子,0.0
本上まなみ,1.5105663414902282e-08
本田翼,0.0
本田望結,3.406592899489874e-08
前田敦子,1.6354296684082007e-07
マギー_(モデル),1.7818921714537704e-09
真木よう子,3.597575653952808e-08
蒔田彩珠,1.987515863043008e-07
マーシュ彩,0.0009320776138879951
益若つばさ,1.1186100617940827e-07
松たか子,4.888771427112154e-07
松井愛莉,2.0589026194241736e-08
松井玲奈,1.5212806888061214e-08
松岡茉優,2.359832931458999e-07
松風理咲,0.0
松坂慶子,9.097171836504097e-10
松下奈緒,4.1559439472590796e-08
松下由樹,1.2866631717370333e-08
松嶋菜々子,6.016673971687628e-08
松嶋尚美,3.02334508450674e-09
松島花,0.0
松田聖子,3.833494195102785e-07
松田るか,0.0
松本伊代,1.871213630205514e-07
松本穂香,1.2980200862443996e-07
松本まりか,3.673412033120859e-08
松本若菜,0.0
松雪泰子,1.4014940289211352e-07
真飛聖,1.3525150983658655e-08
眞鍋かをり,4.15141723279386e-08
真矢ミキ,2.612371043764773e-09
丸山桂里奈,0.0
萬田久子,1.0839159225649598e-08
萬波ユカ,0.0
三浦透子,0.0
見上愛,1.402803025263698e-07
水川あさみ,1.3952913814439874e-07
水谷果穂,5.667569167910399e-08
水野真紀,7.800443620446864e-09
水野美紀,4.3546964586018005e-08
水原希子,1.4719978807661586e-09
光浦靖子,5.4698518990985116e-08
観月ありさ,1.3010077417704308e-07
満島ひかり,2.36322955067262e-07
三戸なつめ,0.0
南果歩,1.9302536395220415e-09
南沙良,1.1103168958440892e-07
南沢奈央,8.502828484988748e-09
南野陽子,2.1461394985602096e-07
美村里江,0.0
宮﨑あおい,2.8147973123935503e-07
宮崎美子,6.36009407990817e-12
宮澤エマ,0.0
宮沢りえ,1.1539636413096951e-07
宮本信子,0.0
宮本茉由,7.108213592388487e-10
宮脇咲良,4.747007539267412e-08
三吉彩花,2.069382278084843e-09
村上佳菜子,0.0
村上知子,1.9764897189144656e-08
室井滋,5.898490989323147e-217
MEGUMI,5.519073064174687e-08
本仮屋ユイカ,8.54747333687792e-08
桃井かおり,6.981755823277709e-08
百田夏菜子,1.4191699646897705e-07
森泉,0.00014580486751410802
森絵梨佳,4.211573089451942e-09
森七菜,3.6052143061497456e-07
森星,0.00014580486751410802
森尾由美,3.877913111438922e-09
森川葵,2.032468208246437e-08
森口瑤子,0.0
森田想,7.701223643913325e-07
森田望智,0.0
森高千里,1.3796116646520566e-08
八木莉可子,0.0
薬師丸ひろ子,6.247549395243669e-08
安めぐみ,1.1000820061350048e-08
安田成美,6.698435583363221e-08
安田美沙子,3.0335500142384366e-08
矢田亜希子,8.925165994925069e-09
箭内夢菜,3.044631887816797e-08
柳ゆり菜,5.8614397352304394e-09
柳原可奈子,1.3196727458465908e-08
矢作穂香,1.5137519157880074e-09
山口紗弥加,8.189866259613642e-09
山口智子,3.3064425321705095e-07
山口まゆ,0.0
山口もえ,0.0
山崎静代,5.001526675868935e-08
山崎紘菜,1.1087857235571657e-08
山下美月,4.7108937585752147e-08
山田杏奈,4.217026209239157e-08
山田真歩,0.0
山田優,0.0
山之内すず,1.3652251943630613e-09
山本千尋,0.0
山本舞香,1.0568697931212102e-07
山本美月,5.229303864502828e-09
YOU_(タレント),5.4309038085742444e-08
優香,9.455896955062463e-08
優木まおみ,2.608840543062394e-08
古川優奈,0.0
ゆりやんレトリィバァ,7.754873716089907e-10
余貴美子,2.2683827079704974e-08
横澤夏子,1.5844203707566985e-08
横田真悠,1.463418065295059e-07
吉岡里帆,1.928053671935569e-07
吉川愛,1.6710169335489332e-08
吉田美月喜,2.024148880863005e-08
吉田羊,0.0
吉田莉桜,0.0
吉高由里子,5.371288769651643e-07
吉谷彩子,0.0
吉永小百合,1.5844411877365683e-07
芳根京子,5.138898921014704e-08
与田祐希,1.744707674420304e-08
米倉涼子,1.224216823915578e-08
米倉れいあ,0.0
RIKACO,1.2249736721865293e-08
莉子,0.0
りょう,0.0
遼河はるひ,1.093633430808957e-07
LiLiCo,1.3043177782648037e-153
蓮佛美沙子,6.54958365386497e-09
ローラ_(モデル),1.0579984768006762e-09
若月佑美,3.567959102119973e-08
若村麻由美,7.306443373211492e-08
和久井映見,3.8192030326740516e-08
和田アキ子,3.917034708890916e-07
渡辺えり,1.4200081172027714e-07
渡辺直美,1.3993885620976872e-07
渡辺真起子,8.985110132630826e-08
渡辺満里奈,3.62005901734995e-10
阿佐ヶ谷姉妹,1.5055773922544062e-07
ガンバレルーヤ,3.503501180554249e-08
3時のヒロイン,8.701061429577085e-09
ぼる塾,1.6156962122925114e-10
