哀川翔,3.8535404914168224e-05
相葉雅紀,2.2344981776572757e-05
青木崇高,3.9754717045867336e-05
青柳翔,3.361379229556151e-06
明石家さんま,0.00016679690775137546
赤楚衛二,6.127429793742287e-06
秋山竜次,6.888564894151812e-07
浅野忠信,7.354698894025142e-05
浅利陽介,6.906926771506429e-06
厚切りジェイソン,0.0
あばれる君,0.0
阿部サダヲ,3.013025921513096e-06
阿部寛,1.3139096811265004e-05
天野ひろゆき,5.6549057369824505e-05
綾野剛,0.0002837940655669214
荒川良々,0.0
荒木飛羽,0.0
新田真剣佑,0.0009292828151460659
有岡大貴,2.8042802966111543e-05
有田哲平,0.0001089286088481387
有吉弘行,5.661455911885243e-05
飯尾和樹,7.299487942617605e-06
井浦新,2.0618854361865127e-05
生田斗真,0.00013937107610401052
池松壮亮,4.322922449070905e-05
伊沢拓司,0.0
石塚英彦,2.2436451064093662e-05
石橋貴明,0.00010129654286686569
石原良純,1.5222672540545987e-06
石丸幹二,3.5719521077118034e-07
伊集院光,2.9936282509595907e-06
泉澤祐希,0.0
磯村勇斗,1.2862632788319533e-06
板尾創路,1.0888362254452689e-05
板垣瑞生,2.958897135429375e-06
板垣李光人,2.2183680300524857e-08
市川猿之助_(4代目),3.706814832662559e-05
市川染五郎_(8代目),4.132669638061816e-05
市川團十郎_(13代目),1.68104771711038e-05
一ノ瀬颯,0.0
市原隼人,3.819013517324083e-06
市村正親,4.676360725413096e-05
IKKO,0.0
井手上漠,1.768476106942458e-07
伊藤あさひ,0.005527914973229714
伊藤淳史,0.0
伊藤英明,1.356883915151855e-05
稲垣吾郎,2.987578905782714e-05
稲葉友,0.00023114773963231014
犬飼貴丈,5.5313332828063475e-06
井上想良,0.0010391181447588994
井上祐貴,0.0
伊野尾慧,5.795608597261416e-05
井ノ原快彦,6.313430213034935e-05
井之脇海,5.848925989503405e-07
伊原剛志,0.0
伊武雅刀,2.042720473767322e-05
今井翼,2.44282192445121e-06
今田耕司,8.912410939889299e-05
岩田剛典,1.797081377757033e-05
上田晋也,0.0001074716327735848
ウエンツ瑛士,2.1639067937009487e-05
宇梶剛士,9.924885780216716e-05
内野聖陽,1.174237512249522e-05
内村光良,6.71824126550325e-05
ウド鈴木,5.6012371334609185e-05
梅沢富美男,2.5578197898914988e-06
江口洋介,0.00018795443199317948
柄本明,0.00046175442993494044
柄本佑,0.0008672358289185699
柄本時生,0.0005890315985800016
遠藤憲一,4.591810373980248e-06
遠藤章造,1.5756618293381181e-06
及川光博,6.381719681132688e-05
大泉洋,7.203427586866439e-05
大倉孝二,0.0
大倉忠義,1.6755490200673833e-05
大沢たかお,9.5209796974454e-06
太田光,2.0596821230242847e-05
大谷翔平,6.499583157015635e-05
大谷亮平,0.0
大橋和也,2.3025766971489294e-06
大森南朋,6.763593346928681e-06
岡田圭右,2.8592031898356067e-15
岡田准一,0.00022130845383432424
岡田将生,1.2738429464071258e-05
岡村隆史,0.0002855977507590295
岡山天音,1.5034586185487563e-06
奥田瑛二,0.00022927699832556224
奥平大兼,2.0944754178110316e-06
小栗旬,4.594325552398536e-06
小澤征悦,1.5945033827856628e-06
織田裕二,1.2919255389066175e-05
オダギリジョー,5.622179939543752e-06
音尾琢真,5.5310916373523684e-05
尾上松也,0.0
香川照之,3.83373759431466e-05
柿澤勇人,6.378390535841919e-07
賀来賢人,0.0001200981399892958
角田晃広,1.2543780998118456e-06
筧利夫,1.0186208672972341e-05
風間俊介,1.7646889457696247e-05
笠松将,0.0
梶原善,0.0
春日俊彰,3.132159508899873e-05
カズレーザー,2.1035336272686747e-07
加瀬亮,5.8845157754166985e-05
片岡愛之助,0.0
片桐仁,0.0
片寄涼太,0.0002455217744658613
勝地涼,6.711557092009332e-05
勝俣州和,1.659285752741756e-05
勝村政信,7.057509515166105e-06
加藤浩次,1.51444723330366e-06
加藤清史郎,3.0197907355294865e-05
加藤諒,0.0
香取慎吾,4.43759200337448e-05
要潤,0.0
金子大地,0.0
金子ノブアキ,0.0
川平慈英,1.3865188636167307e-06
神尾楓珠,1.3724797110121828e-05
上川隆也,2.40891947004836e-06
神木隆之介,1.2632038534133631e-05
上地雄輔,2.4731795566779092e-05
亀梨和也,1.1458820388802801e-05
唐沢寿明,0.0001497843593883017
河合郁人,2.352636293655755e-08
川島明,4.002289042542495e-07
神田正輝,1.847223545622698e-05
カンニング竹山,2.688225034997795e-05
菊池風磨,7.065762412616126e-06
岸優太,8.847066813765216e-06
岸谷五朗,8.864357456038527e-06
岸部一徳,1.491529798794204e-05
北大路欣也,0.0
北村一輝,1.9245313929723755e-05
北村匠海,1.670326859145287e-05
北村有起哉,8.296078999235718e-06
北山宏光,1.4398310286231616e-06
吉川晃司,1.809104492420424e-05
木梨憲武,0.00014821637850520375
木村昴,0.0
木村拓哉,8.275308044075779e-05
桐谷健太,1.7228812528009182e-07
桐山漣,3.899976654067533e-06
草刈正雄,0.0
草彅剛,3.360126276858868e-05
くっきー!,6.007446193321802e-07
工藤阿須加,0.0
國村隼,0.0
窪田正孝,0.00014948080387343525
黒羽麻璃央,0.00010580461081920411
桑田佳祐,2.028702806699812e-05
劇団ひとり,0.00012544584968502946
ケンドーコバヤシ,4.171147215414954e-05
小池徹平,1.947175649653898e-05
小泉孝太郎,0.00012721799254839018
郷ひろみ,1.3555550898178073e-05
高良健吾,3.665796214469573e-05
国分太一,1.0408906227393289e-05
児嶋一哉,3.0796236395967696e-05
小関裕太,4.697153658647156e-06
小瀧望,1.523152050423174e-06
小手伸也,0.0
後藤輝基,5.608512564960352e-06
小峠英二,8.713745572054352e-06
小林薫,7.073368623465301e-06
小日向文世,5.805432390465369e-07
駒木根葵汰,1.4286109066022084e-07
小宮浩信,0.0
小宮璃央,0.0010391181447588986
小籔千豊,1.0723080258049796e-05
今野浩喜,1.1593585259535214e-05
斎藤工,6.23115530031027e-06
堺正章,7.387462871911467e-07
堺雅人,1.8249534944326623e-05
坂上忍,1.4147289610228623e-05
坂口健太郎,9.701382680886134e-06
櫻井海音,2.79152213901458e-07
櫻井翔,2.2529198044492688e-05
桜田通,8.627028208047606e-07
佐々木蔵之介,3.785525839781143e-06
笹野高史,1.972705037608469e-05
佐藤寛太,7.418550717274334e-06
佐藤浩市,3.500839656980098e-05
佐藤勝利,4.117777309452899e-06
佐藤二朗,3.96188190246871e-06
佐藤大樹,0.0
佐藤健,0.0
佐藤隆太,3.621967645386299e-05
佐野史郎,5.384664801204123e-07
佐野勇斗,2.3610834610454894e-08
澤部佑,2.824122660424479e-06
沢村一樹,2.8795371959815105e-06
サンシャイン池崎,6.073886374161381e-07
椎名桔平,1.1037197555617103e-05
ジェシー_(アイドル),5.990990548449354e-05
重岡大毅,2.785850491065589e-06
志尊淳,1.185206903623757e-05
設楽統,3.500637165891904e-05
清水尋也,0.0
春風亭昇太,3.443766780539783e-07
城島茂,9.604292682398325e-06
笑福亭鶴瓶,0.0002403265400623526
白濱亜嵐,1.0672184212298607e-05
城田優,2.248968967638498e-06
神宮寺勇太,8.367347303605862e-06
陣内孝則,2.5685039399908126e-05
陣内智則,0.00016176657834965832
須賀健太,2.6777140686710813e-06
杉浦太陽,1.693732119800526e-06
杉野遥亮,3.7302188002173926e-06
杉本哲太,0.0
鈴鹿央士,5.440185001473276e-05
鈴木浩介,0.0
鈴木仁,0.0
鈴木伸之,2.474590169592963e-05
鈴木福,6.912947741902212e-05
鈴木亮平,0.0
菅田将暉,0.00010113455185437392
駿河太郎,0.00021390594803054726
関口メンディー,2.6358453938716203e-05
関根勤,4.90972203243213e-06
瀬戸康史,0.00012566838326186466
曽田陵介,0.0
染谷将太,8.66823820310652e-06
反町隆史,8.462889946967511e-05
DAIGO,0.00038749341203187686
醍醐虎汰朗,0.0
髙嶋政伸,0.00017376238613279674
髙嶋政宏,0.00017243599637452995
高杉真宙,7.277413723584047e-07
高田純次,1.955099920333321e-05
高橋一生,3.717821621028925e-05
髙橋海人,8.572110384838511e-06
高橋克典,0.0
高橋克実,3.158680027818359e-05
高橋茂雄,2.9161298047470357e-06
高橋英樹,0.0
高橋文哉,7.794607220627565e-06
高橋光臣,0.0
滝藤賢一,2.3259193035972072e-06
武井壮,4.6624729497817494e-06
竹内涼真,2.3210223701613877e-06
武田鉄矢,6.555646193627632e-06
竹中直人,2.1351609463891446e-06
竹野内豊,2.7377825968795535e-05
舘ひろし,4.25857225230015e-06
田中圭,6.754844627279798e-07
田中卓志,6.094322826075022e-07
田中直樹,0.0
田中将大,6.174560458098529e-05
田中裕二,0.0
田中要次,0.0
田辺誠一,0.0002913421896201954
谷原章介,2.3956636698639677e-06
玉木宏,0.001991210872903394
玉森裕太,2.5699607291992278e-06
玉山鉄二,2.6428595931078646e-06
田村淳,1.910274811595364e-07
タモリ,5.488434460407741e-05
知念侑李,3.979886084395741e-05
千葉雄大,1.916677396270195e-05
千原ジュニア,8.001466886869623e-06
塚地武雅,9.75852950269106e-07
塚本高史,2.7439463109676028e-05
津田寛治,1.122924384036021e-06
津田健次郎,0.0
土田晃之,1.8857464334489833e-05
堤真一,8.056740347498087e-06
坪倉由幸,3.037578651308537e-06
妻夫木聡,5.831674546864939e-05
つるの剛士,2.5265874295395402e-05
ディーン・フジオカ,5.693896518790554e-07
出川哲朗,4.323235744868932e-05
寺島進,2.1519776267173974e-06
寺田心,8.350958615578454e-07
寺脇康文,1.0666195873197613e-05
でんでん,0.0
堂本光一,5.5765427840809966e-05
堂本剛,6.133917455246847e-05
所ジョージ,1.125886019437996e-05
ØMI,0.0
トータス松本,8.016237234042182e-06
戸塚純貴,9.736930336354171e-07
戸次重幸,8.072589251244466e-05
豊川悦司,6.538864811378372e-06
内藤剛志,7.50918684831179e-71
中井貴一,1.4707397929010765e-05
中居正広,2.1877935222968493e-05
中尾明慶,0.0007089929854698283
中川大志,0.0
長嶋一茂,1.5472643572627864e-06
中島健人,9.870728019705076e-06
中島裕翔,3.087632974893982e-05
永瀬正敏,3.6674421952042507e-06
永瀬廉,1.1967832160852837e-05
中田圭祐,0.0
仲野太賀,1.881942208786816e-05
中丸雄一,6.230399543327192e-06
中村勘九郎,0.0
中村獅童,0.0
中村俊介,0.0
仲村トオル,0.0
中村倫也,0.0
中村雅俊,1.955113843019846e-06
永山瑛太,0.0003957663435933931
永山絢斗,0.0004313342984317437
中山秀征,1.5703864057619534e-05
名倉潤,6.264542823102901e-05
生瀬勝久,4.439309594734538e-06
成田凌,2.433940473401595e-06
南原清隆,5.664444799814696e-05
錦織圭,4.837237042260103e-06
西島秀俊,1.0800066219846552e-05
西田敏行,1.183982460420294e-05
西畑大吾,5.593963684367475e-06
西村まさ彦,6.209961327391407e-06
二宮和也,1.8491844711925814e-05
温水洋一,3.164271933178432e-06
野間口徹,0.0
野村周平,7.85472401553009e-06
野村萬斎,0.0
バカリズム,6.993020814092389e-06
萩原利久,9.17855758528599e-07
はじめしゃちょー,1.3133602785128734e-10
長谷川博己,1.5074544959017635e-06
羽鳥慎一,1.0877498612043193e-06
羽生結弦,4.09214110351934e-06
濱正悟,0.0
濱田岳,2.721271053765936e-06
濱田龍臣,0.0
浜田雅功,0.00011716548226133804
浜野謙太,2.7573839390521526e-06
林修,1.8000581976645802e-07
林遣都,0.00014084364939333254
速水もこみち,0.0
原田泰造,4.1428294375286385e-05
原田龍二,0.0
はるな愛,1.4751506424470493e-06
坂東龍汰,0.0
HIKAKIN,1.2667171344731328e-10
東野幸治,6.38891476981483e-05
東山紀之,9.531392227834968e-05
ビートたけし,6.95946306704922e-05
ビビる大木,2.441511563961745e-05
日村勇紀,3.141268884720637e-05
日向亘,1.4809428649688837e-06
平泉成,0.0
平岡祐太,0.0
平野紫耀,1.1373106917386273e-05
平山浩行,3.08884510547849e-06
ヒロミ,0.0002049091421004854
吹越満,0.0
福澤朗,1.4134430328762102e-06
福士蒼汰,2.09853312504131e-06
福山雅治,0.0002745489046673511
藤井隆,0.00022086666616067934
藤井流星,1.2920170397685e-06
藤岡弘、,0.0
藤ヶ谷太輔,5.824000818624491e-06
藤木直人,0.00010107139447848911
藤森慎吾,0.0
藤原大祐,2.538151786900332e-07
藤原竜也,3.754546312381872e-06
船越英一郎,4.539753241588349e-06
古川雄輝,1.6902863882974045e-05
古川雄大,7.5275633662815495e-06
古田新太,1.1669675278717553e-05
古舘伊知郎,5.0457172629182565e-06
別所哲也,0.0
星野源,0.00019323595031918653
細田佳央太,6.557612261918359e-05
堀内健,4.533851207215212e-05
本郷奏多,0.0
毎熊克哉,0.0
眞栄田郷敦,0.0009274031293474772
前野朋哉,0.0
マキタスポーツ,1.1161174354679603e-06
眞島秀和,0.0
又吉直樹,2.6005717338052954e-06
町田啓太,4.48968047448643e-05
松岡修造,5.303816566155559e-06
松岡昌宏,1.5011209544005388e-05
マツコ・デラックス,7.72064902633779e-06
松坂桃李,0.00016001197062529644
松重豊,2.836647885196984e-06
松下洸平,2.7107326512834175e-05
松田翔太,0.0010246862708250695
松田龍平,0.0005939945591190448
松平健,0.00013275779810592928
松丸亮吾,0.0
松村北斗,2.169374971036268e-05
松本幸四郎,1.017106831702253e-05
松本潤,6.875806517223395e-06
松本人志,0.0001261029279457102
松山ケンイチ,1.3198687613632984e-05
的場浩司,5.289141416867334e-06
間宮祥太朗,3.2113536565265473e-06
丸山隆平,2.062050904035108e-05
三浦知良,1.4372973475432929e-06
三浦翔平,7.415736194888243e-05
三浦貴大,4.9641571006866676e-05
三浦友和,4.8904909874383314e-05
水上恒司,1.6555359920396521e-06
水沢林太郎,1.610349093946712e-08
水谷豊,7.837832401986911e-05
溝端淳平,3.1530830904123133e-07
道枝駿佑,3.2338422763343424e-06
光石研,3.155221605742768e-06
満島真之介,0.00035700699947261106
峰竜太,0.0
宮川大輔,0.0
三宅弘城,2.0540666265618e-07
三宅裕司,3.1586999286954146e-06
宮沢氷魚,0.0
宮世琉弥,4.984377145475129e-07
宮根誠司,3.905585260791512e-07
向井理,0.00011367951753087717
向井康二,1.836228707719954e-06
六平直政,0.0
村上信五,8.300181963372594e-06
村上虹郎,2.942960947203119e-06
ムロツヨシ,3.137627072721782e-05
恵俊彰,2.181852714610553e-05
目黒蓮,1.4925538627028322e-06
望月歩,0.0
本木雅弘,7.542136881182818e-06
森崎ウィン,0.0
森山未來,5.0892954359105555e-06
柳楽優弥,1.166379731747263e-05
役所広司,9.923889273254568e-06
薬丸裕英,1.0168501183205856e-05
矢沢永吉,9.986740321175559e-06
八嶋智人,3.940990653483397e-05
安田顕,7.473478591480163e-05
安田章大,1.7093334013976465e-05
柳沢慎吾,5.821263508264961e-06
柳葉敏郎,9.573030039140603e-06
矢部浩之,0.00027507798224216817
山口智充,1.1666546549294813e-05
山崎育三郎,2.1384244829062188e-06
山﨑賢人,7.378467249885591e-06
山崎弘也,2.408649349537417e-06
山里亮太,8.067112721685593e-05
山下健二郎,0.0005424285484664713
山下智久,2.777445179873702e-05
山田孝之,1.640539190837165e-05
山田裕貴,0.0
山田涼介,5.0549693034163436e-05
山中崇,0.0
山本耕史,1.3010862564759259e-05
矢本悠馬,2.433940473401595e-06
結木滉星,0.0055293955447878055
ゆうたろう,0.0
ユースケ・サンタマリア,1.0886181282717135e-05
横浜流星,5.605240192857969e-06
横山だいすけ,0.0
横山裕,9.768221272086703e-06
吉岡秀隆,0.01634790746924681
吉沢亮,1.3252657597741476e-05
吉田鋼太郎,4.416873119044016e-06
吉村崇,2.661092512235287e-06
ラウール_(アイドル),9.011416375566308e-07
竜星涼,0.00011329747757755394
リリー・フランキー,2.9032852579418265e-06
六角精児,5.221313587216113e-07
若林正恭,3.827081949081093e-05
渡辺いっけい,4.25385801496704e-06
渡邊圭祐,2.0792610638811562e-07
渡辺謙,4.756132857449624e-05
渡辺大知,2.2906335001801474e-07
渡部篤郎,6.544061957363396e-05
EXIT_(お笑いコンビ),3.293950940447084e-08
おぎやはぎ,5.951555289811331e-06
かまいたち_(お笑いコンビ),5.245179962639288e-05
さまぁ〜ず,1.4573634553379501e-05
サンドウィッチマン_(お笑いコンビ),1.2306604050574297e-05
JO1,0.0
シソンヌ_(お笑いコンビ),4.9379885299064013e-05
霜降り明星,9.055507627784766e-06
タカアンドトシ,7.817492749623681e-06
千鳥_(お笑いコンビ),3.820309632074268e-05
チョコレートプラネット,4.676941071049668e-05
ティモンディ,1.2319037261563033e-07
ナイツ_(お笑いコンビ),7.394061594603418e-06
錦鯉_(お笑いコンビ),8.665742177360113e-06
ニューヨーク_(お笑いコンビ),3.828758827818685e-07
博多華丸・大吉,3.6132966194677934e-05
ブラックマヨネーズ,7.31929178193513e-06
ぺこぱ,4.669062806331386e-06
ミキ_(お笑いコンビ),1.4144575146112287e-06
見取り図_(お笑いコンビ),8.150750533669359e-07
ミルクボーイ,6.2166712978601345e-06
四千頭身,6.248101524230452e-07
和牛_(お笑いコンビ),3.372875225774913e-05
相武紗季,0.00038093813522099135
蒼井優,7.438469427092959e-05
葵わかな,1.2150705443887639e-05
秋田汐梨,2.576213011176658e-07
秋元梢,0.0006709130024186372
浅川梨奈,0.0
浅田舞,0.00020799541588609733
浅田真央,0.00021139133706013274
浅田美代子,1.630739955842917e-06
浅野ゆう子,3.547575952381503e-06
朝日奈央,1.2651067415149006e-05
朝比奈彩,0.0005392854904674197
芦田愛菜,6.792428860655883e-05
麻生久美子,1.0922467462839005e-05
麻生祐未,3.241530613607445e-267
安達祐実,1.124747753839091e-05
足立梨花,7.630621858598535e-06
天海祐希,3.46881065898138e-05
綾瀬はるか,1.722259911091418e-05
新井恵理那,0.0
新垣結衣,0.0002843389067696717
新木優子,1.901345010133792e-06
嵐莉菜,0.0
有村架純,4.8994186593934286e-05
杏,0.0
アンミカ,7.957685251806453e-06
安藤サクラ,0.0005635104936687517
飯豊まりえ,2.7621909796353572e-05
井川遥,6.415228866114337e-06
生田絵梨花,1.4600076091456546e-05
池田エライザ,2.738819117079251e-05
井桁弘恵,9.23089346925109e-06
池田美優,3.707056521449658e-05
池間夏海,0.0
池脇千鶴,5.867333626307057e-05
生駒里奈,7.5912441574017895e-06
石井杏奈,4.177376810583118e-05
石川恋,0.0
石田ニコル,3.4066498463746824e-06
石田ひかり,0.003145527383714886
石田ゆり子,0.0032489145806765306
石野真子,1.291336731171291e-06
石橋静河,0.0011047608286842206
石原さとみ,1.241747915363795e-05
泉里香,0.0
磯野貴理子,4.471488461422587e-05
磯山さやか,1.3036666779601612e-06
板谷由夏,0.00020630990337344146
市川紗椰,0.0
市川実日子,7.110827892346015e-06
市毛良枝,9.80613211327086e-32
いとうあさこ,3.285520445493054e-06
伊藤歩,1.022938740082926e-06
伊藤沙莉,0.00010567950380617523
稲垣来泉,0.0
稲森いずみ,0.0
井上咲楽,7.122291805215331e-08
井上真央,9.404141296945795e-05
祷キララ,0.0
伊原六花,1.6853750564376796e-07
今田美桜,5.3257405414185494e-05
IMALU,0.0001194667724816522
芋生悠,1.8175010721387377e-06
井本彩花,1.4155655018284562e-06
イモトアヤコ,4.42337872451468e-06
井森美幸,5.346642213895311e-06
上戸彩,2.749898958714226e-06
上野樹里,1.1017697497176405e-05
宇賀なつみ,5.451496260212798e-06
宇垣美里,0.0
臼田あさ美,4.02968860461388e-06
宇多田ヒカル,0.0
内田有紀,0.016356819565252874
内田理央,2.229109919970682e-06
内山理名,0.0
榮倉奈々,8.162135447332734e-05
江口のりこ,1.0638524919912052e-05
蛯原友里,1.8569336634645098e-05
王林,0.0
大久保佳代子,0.00010763309968772078
大坂なおみ,0.0
大沢あかね,9.27520326802109e-05
大島美幸,2.038749562638599e-05
大島優子,0.00014050862133155025
大竹しのぶ,0.00012986181998206336
大塚寧々,0.0002890570587473855
大友花恋,7.06713085340292e-06
大野いと,2.032225508608275e-06
大原櫻子,3.7335661905993365e-06
大政絢,2.4070980762773368e-05
岡崎紗絵,1.2309586721793825e-05
岡副麻希,0.0
岡田結実,2.8403986825759693e-15
岡本夏美,9.461536100859612e-07
岡本玲,1.3205578700020794e-06
小川紗良,8.807361692867382e-06
奥貫薫,5.392993277952538e-06
小倉優子,1.5177875881574865e-06
押切もえ,1.8704353146001753e-05
乙葉,0.00021056828756325232
小野花梨,9.578667037439886e-07
おのののか,0.0
尾野真千子,6.238367628814378e-06
皆藤愛子,1.0718002647634094e-06
賀来千香子,5.004195466205809e-05
筧美和子,2.2071073506343345e-05
柏木由紀,4.421800768784135e-06
片桐はいり,0.0
かたせ梨乃,0.0
片平なぎさ,7.675639670705348e-06
片山友希,0.0
加藤小夏,0.0
門脇麦,7.961107768792829e-06
夏帆,1.0916185197410257e-05
上白石萌歌,0.0006638487721379687
上白石萌音,0.000684121841078944
茅島みずき,0.0
河合優実,5.5556346844807325e-06
川栄李奈,1.6264992801166753e-05
河北麻友子,1.2945449729815558e-05
川口春奈,3.5439034460479332e-06
川島海荷,0.00011428129204870468
川津明日香,0.0
貫地谷しほり,3.1683748471334203e-06
菅野美穂,1.6592514192137287e-05
菅野莉央,0.0
菊池桃子,5.56422849765619e-07
岸井ゆきの,6.573831615968491e-06
貴島明日香,0.0009320776138879957
岸本加世子,0.0
北川景子,0.00042242080478262955
北乃きい,4.011894074174905e-06
吉瀬美智子,1.1546697195080488e-06
木南晴夏,0.002347944922084507
木村カエラ,0.00011530219590242471
木村多江,4.39445026777697e-07
木村文乃,1.863687403288868e-05
キムラ緑子,2.3907330169569348e-06
木村佳乃,8.821473317205581e-05
きゃりーぱみゅぱみゅ,2.320887352004251e-06
清原果耶,1.2379960572636935e-05
桐谷美玲,7.939813629527353e-05
草刈民代,0.0
工藤美桜,0.0
国仲涼子,0.000112824207420967
久保田紗友,2.0531448805938464e-06
久間田琳加,2.0933910484125316e-06
倉科カナ,6.428423171436197e-07
栗山千明,1.5538732728163984e-05
黒木華,2.424725782597855e-05
黒木瞳,6.874512877475391e-05
黒沢かずこ,2.1409961495623443e-05
黒島結菜,7.167614332769766e-06
黒谷友香,1.519823301508694e-06
小池栄子,2.1354365298431592e-06
Cocomi,6.191995282665418e-05
小芝風花,1.8455188471959793e-06
小嶋陽菜,5.910044609898871e-06
小西桜子,1.5955889158473118e-06
小西真奈美,2.5233608493354297e-06
小林聡美,2.2805678576354326e-70
小松菜奈,0.00011858245212900729
小雪,0.0
近藤春菜,3.023953660479413e-06
紺野彩夏,0.0
紺野まひる,1.6270512676846914e-05
紺野美沙子,0.0
財前直見,0.0
齋藤飛鳥,6.424116496411851e-06
斉藤由貴,5.1827348462511266e-06
紗栄子,3.143485589239592e-07
坂井真紀,4.2252110662190195e-26
酒井美紀,3.767879426676827e-26
酒井若菜,5.2284933122222245e-06
榊原郁恵,1.0036018983067612e-05
坂下千里子,3.0006294050788416e-07
坂ノ上茜,1.040546086302293e-07
佐久間由衣,0.0003225675160000325
桜井日奈子,4.523038644116385e-06
桜井ユキ,0.00010543699436274062
桜田ひより,1.7799723199243679e-06
桜庭ななみ,2.8903880463145456e-06
佐々木希,1.377068550713461e-05
指原莉乃,3.989664339874534e-06
佐藤栞里,0.0
佐野ひなこ,9.35183280911195e-07
沢口靖子,9.017755699765273e-72
SHELLY,8.591516665070544e-07
シシド・カフカ,1.880913269552825e-06
志田彩良,7.608574315034735e-05
志田未来,0.0001107911388367498
篠原涼子,4.68464522183381e-05
柴咲コウ,2.4833949168711884e-05
柴田理恵,5.006768375601085e-06
渋谷凪咲,0.0
島崎遥香,6.142041981903766e-06
島崎和歌子,1.2449403656280253e-05
清水ミチコ,2.0320697028003737e-06
趣里,7.306374379575811e-05
白石聖,0.0
白石麻衣,1.234207776703087e-05
白石美帆,7.702566827796062e-06
新川優愛,2.729190648881475e-05
杉咲花,1.7793023884582772e-05
杉本彩,0.0
鈴木京香,5.688665184794115e-06
鈴木砂羽,2.900316640481705e-06
鈴木奈々,0.0
鈴木保奈美,5.1594580965533766e-05
鈴木ゆうか,9.77690276290563e-07
鈴木梨央,1.0726573951901988e-288
須藤理彩,0.0
鷲見玲奈,0.0
清野菜名,0.00014257079675638858
関水渚,2.675598316033875e-06
瀬戸朝香,6.061302790866755e-05
染野有来,0.0
大地真央,0.00018293925319840836
平祐奈,4.6592482846650474e-07
高岡早紀,0.008403670937019204
高島彩,0.0
高嶋ちさ子,7.185738299637475e-05
高島礼子,2.4081842094543975e-07
高梨臨,2.7821379859688473e-06
高橋惠子,2.2414016258904824e-31
髙橋ひかる,0.0
高橋ひとみ,0.0
高橋真麻,1.3381275512828803e-07
高橋みなみ,7.251478970971741e-06
高橋メアリージュン,1.1442039705353811e-06
高畑淳子,0.0
高畑充希,3.096654317869311e-05
瀧内公美,1.5044929725824846e-05
滝川クリステル,0.00010152667587313962
滝沢カレン,1.4612591031531741e-06
瀧本美織,4.756110463340178e-06
竹下景子,7.585558531589047e-31
武田梨奈,5.5617174566210076e-06
武田玲奈,1.1380561758858497e-05
田中美佐子,0.0
田中道子,0.0
田中みな実,4.9936095781320666e-06
田中律子,0.008401843952623885
田中麗奈,0.0
田辺桃子,7.1827626886794825e-06
田鍋梨々花,2.561925489897896e-07
谷まりあ,1.3065216268720018e-06
多部未華子,3.5120083119762134e-05
玉城ティナ,1.789800249971126e-05
ダレノガレ明美,6.869034091225253e-08
檀れい,5.731029298105202e-05
壇蜜,7.071231968216407e-07
千秋,0.0
知花くらら,0.0
土村芳,2.6665500003700305e-06
土屋アンナ,9.679236823445717e-07
土屋太鳳,0.00025897307539499804
恒松祐里,1.3358693615264904e-07
椿鬼奴,0.0
鶴田真由,1.0344143720949946e-05
出口夏希,1.5099339825969191e-06
寺島しのぶ,4.352199522397267e-06
當真あみ,4.7178824332917794e-06
常盤貴子,1.2660720182054892e-05
徳永えり,0.0
戸田恵梨香,0.00021628365072665355
戸田恵子,4.2026280485446535e-31
戸田菜穂,0.0
富田望生,4.1859258142878835e-06
富田靖子,7.5001184898823415e-06
ともさかりえ,6.752872333046591e-06
友近,1.1561709642661945e-06
豊嶋花,9.166368450872885e-06
トラウデン直美,0.0
トリンドル玲奈,0.0
なえなの,0.0
奈緒,3.4036710167445416e-05
仲里依紗,0.0006917716168771236
長井短,0.0
中川翔子,1.1597463515713635e-25
中越典子,0.0
永作博美,1.6215417286914922e-05
長澤樹,1.98571864860262e-06
長澤まさみ,4.046808638345165e-05
中島セナ,1.0241065841178295e-06
中条あやみ,1.2882657674421983e-05
中谷美紀,4.883777440963947e-06
永野芽郁,6.214818987842898e-05
長濱ねる,1.1607709100010907e-06
仲間由紀恵,1.2231844747781342e-05
中村アン,0.0
中村静香,0.0
中村ゆり,6.781417527990235e-06
中村ゆりか,6.7434955014539084e-06
中山美穂,7.751230708915948e-06
夏川結衣,1.6305200300861008e-05
夏木マリ,3.1554462043803336e-07
夏子,0.0
夏菜,2.5286334931595366e-06
名取裕子,1.475316190927204e-266
菜々緒,1.0218431218695131e-06
成海璃子,1.7212124160160327e-05
二階堂ふみ,3.133949556913064e-05
西田尚美,1.4069566131798144e-06
西野七瀬,1.4557772844627003e-05
仁村紗和,2.3223482071142404e-06
生見愛瑠,0.0
萩原みのり,3.820325837665972e-07
橋本愛,0.0
橋本環奈,1.2272268427749585e-05
橋本マナミ,0.0
長谷川京子,1.2820735446638004e-06
羽田美智子,6.588495671431087e-06
畑芽育,5.684568077009495e-08
馬場ふみか,4.405993716662723e-06
濱田マリ,0.0
浜辺美波,2.4194171557786338e-05
早見あかり,1.5683067421948707e-06
原沙知絵,0.0
原菜乃華,2.418043238316446e-07
原日出子,6.53742140884724e-32
原田知世,6.594642024107556e-05
原田美枝子,0.001104917554355516
波瑠,2.1151393367143026e-05
比嘉愛未,5.3808717514968105e-05
樋口可南子,3.1258948758024215e-07
ヒコロヒー,0.0
久本雅美,6.463360243172421e-06
平岩紙,0.0
平子理沙,0.0
平手友梨奈,1.0607934404827983e-05
広末涼子,3.004962798169337e-06
広瀬アリス,0.0002298216554223359
広瀬すず,0.00026663521620988977
ファーストサマーウイカ,7.043002397949944e-08
笛木優子,0.0
深川麻衣,0.0
深田恭子,8.505402650061443e-06
深津絵里,2.907997141524144e-05
吹石一恵,0.0002647708785821298
福地桃子,3.415682483349742e-05
福原遥,5.3092580778406755e-06
福本莉子,2.2571625269463717e-06
藤田ニコル,0.000267271506361004
藤田弓子,0.0
藤野涼子,0.0
藤間爽子,0.0
藤本美貴,0.0
藤原さくら,2.6707145747503876e-06
藤原紀香,0.0001082543092983389
風吹ジュン,4.688368511027448e-05
古川琴音,6.13779301266328e-08
古畑星夏,1.6281415691441046e-05
フワちゃん,3.075071592638738e-06
ベッキー,9.649647260645096e-06
辺見えみり,9.059574779500551e-07
北斗晶,0.0
堀田茜,8.536533378198133e-07
堀田真由,1.4149804413856334e-06
ホラン千秋,4.030572991509881e-07
堀内敬子,0.0
本上まなみ,6.851321375665449e-06
本田翼,0.0
本田望結,8.225495793318418e-07
前田敦子,9.562410171490727e-05
マギー_(モデル),2.610232954665596e-08
真木よう子,9.461049522541263e-06
蒔田彩珠,1.573188336762993e-05
マーシュ彩,0.0009320776138879951
益若つばさ,9.271191479143803e-06
松たか子,6.361904327800706e-05
松井愛莉,3.330614447366281e-05
松井玲奈,8.699434117332618e-06
松岡茉優,6.0673266866242165e-05
松風理咲,0.0
松坂慶子,2.0903168437343042e-06
松下奈緒,5.3382086454325305e-06
松下由樹,5.9466933819832e-06
松嶋菜々子,6.761866669855234e-05
松嶋尚美,1.8000581976645802e-07
松島花,0.0
松田聖子,3.111726108649777e-05
松田るか,0.0
松本伊代,0.00010878886224343793
松本穂香,4.001335195771893e-06
松本まりか,2.002610533230731e-05
松本若菜,0.0
松雪泰子,1.6606655527161284e-07
真飛聖,4.0682727024323095e-06
眞鍋かをり,3.126241924360473e-07
真矢ミキ,2.6789223878368098e-05
丸山桂里奈,0.0
萬田久子,2.5851558207572175e-06
萬波ユカ,0.0
三浦透子,0.0
見上愛,1.863708430366846e-06
水川あさみ,0.00016354511340755239
水谷果穂,2.6556243525129473e-06
水野真紀,7.71798936886756e-06
水野美紀,7.402185771072419e-06
水原希子,3.159755681963616e-08
光浦靖子,0.00010955002774222335
観月ありさ,1.3413336044484786e-05
満島ひかり,0.0003981874327323669
三戸なつめ,0.0
南果歩,4.348271681653301e-05
南沙良,1.5122321214558125e-05
南沢奈央,9.298326682626105e-06
南野陽子,7.617804971977033e-06
美村里江,0.0
宮﨑あおい,0.00020516638687601292
宮崎美子,1.4062983943507389e-31
宮澤エマ,0.0
宮沢りえ,2.2815339723293924e-05
宮本信子,0.0
宮本茉由,5.030693364822671e-08
宮脇咲良,1.2431706385298596e-05
三吉彩花,2.525986301941878e-05
村上佳菜子,0.0
村上知子,2.2784396806202084e-05
室井滋,3.2252099941801824e-70
MEGUMI,4.584173608018547e-06
本仮屋ユイカ,1.5914219420539415e-06
桃井かおり,5.556295362719253e-06
百田夏菜子,1.2204147985104477e-05
森泉,0.00014580486751410802
森絵梨佳,6.637028215597222e-07
森七菜,1.1871058811258385e-06
森星,0.00014580486751410802
森尾由美,4.09645255935977e-05
森川葵,2.4986859735729695e-05
森口瑤子,0.0
森田想,2.6149929454164277e-06
森田望智,0.0
森高千里,0.0001524819612608084
八木莉可子,0.0
薬師丸ひろ子,6.330343491755393e-05
安めぐみ,9.006020522487676e-07
安田成美,8.094846208909469e-05
安田美沙子,1.00207638116276e-06
矢田亜希子,6.784737422268087e-07
箭内夢菜,3.8105107584276145e-06
柳ゆり菜,1.8651247190886053e-06
柳原可奈子,4.319795968994819e-07
矢作穂香,6.662932025118562e-06
山口紗弥加,7.008258327296178e-06
山口智子,0.00012435655917855613
山口まゆ,0.0
山口もえ,0.0
山崎静代,3.1866846525804596e-05
山崎紘菜,1.0262510069532595e-06
山下美月,1.851232700506314e-05
山田杏奈,1.4028857316682595e-07
山田真歩,0.0
山田優,0.0
山之内すず,8.041010263018059e-08
山本千尋,0.0
山本舞香,3.247646099556407e-05
山本美月,0.00013240750294774969
YOU_(タレント),1.8491245570694307e-06
優香,4.0631584433399277e-05
優木まおみ,1.705807239993277e-06
古川優奈,0.0
ゆりやんレトリィバァ,5.899066804707936e-07
余貴美子,6.410129902531723e-06
横澤夏子,4.168671758330975e-07
横田真悠,3.490240979490278e-06
吉岡里帆,5.417982411285108e-05
吉川愛,1.1622063445280465e-06
吉田美月喜,2.5573494175639745e-06
吉田羊,1.425516492003899e-288
吉田莉桜,0.0
吉高由里子,2.4840591981718886e-05
吉谷彩子,0.0
吉永小百合,5.463261259390139e-06
芳根京子,2.328643126519081e-05
与田祐希,1.5993803499199903e-06
米倉涼子,4.315939438993274e-06
米倉れいあ,0.0
RIKACO,6.557987533846685e-05
莉子,0.0
りょう,0.0
遼河はるひ,1.1665661916447408e-05
LiLiCo,1.0373086715083752e-25
蓮佛美沙子,2.459514522118507e-05
ローラ_(モデル),4.3961818183841614e-08
若月佑美,1.6596333618727522e-06
若村麻由美,1.0932730711204943e-06
和久井映見,6.7072685312519e-06
和田アキ子,9.484841774973793e-06
渡辺えり,1.655161370842901e-05
渡辺直美,2.3742087898310567e-06
渡辺真起子,3.901600659317086e-06
渡辺満里奈,2.5287433955238328e-05
阿佐ヶ谷姉妹,2.1516438804341797e-07
ガンバレルーヤ,8.869012468710858e-07
3時のヒロイン,6.255801914044334e-07
ぼる塾,3.38734220450783e-07
