name,burst_count,sentiment_mean,news_count,pop_diff,aware_diff
3時のヒロイン,15,0.9038461538461539,52,0.1999999999999993,-0.6000000000000085
Cocomi,15,0.9722222222222222,72,2.3000000000000003,8.700000000000003
DAIGO,4,1.0,12,-4.0,-0.5999999999999943
EXIT_(お笑いコンビ),16,0.9361702127659575,47,-1.1999999999999993,-0.6999999999999886
HIKAKIN,3,0.38461538461538464,13,-5.300000000000001,-1.0999999999999943
IKKO,11,0.7931034482758621,29,-0.1999999999999993,-0.9000000000000057
IMALU,13,0.8723404255319149,47,-0.20000000000000018,-0.20000000000000284
JO1,13,1.0,25,1.5999999999999996,2.5
LiLiCo,25,0.7727272727272727,22,2.6000000000000014,-1.5999999999999943
MEGUMI,14,0.9090909090909091,55,0.8000000000000007,-1.9000000000000057
RIKACO,10,0.9285714285714286,14,1.5999999999999996,-0.7000000000000028
SHELLY,15,0.9,20,-2.8000000000000007,-4.0
YOU_(タレント),12,0.9473684210526315,19,4.100000000000001,-1.2999999999999972
あばれる君,14,0.9333333333333333,15,-0.10000000000000142,-0.9000000000000057
いとうあさこ,13,0.8823529411764706,17,-4.100000000000001,0.0
おぎやはぎ,11,0.8928571428571429,28,-4.899999999999999,0.0
おのののか,12,0.875,24,0.6000000000000005,4.400000000000006
かたせ梨乃,13,0.6,10,2.700000000000001,-0.7000000000000028
かまいたち_(お笑いコンビ),4,1.0,6,-0.6000000000000014,-1.4000000000000057
きゃりーぱみゅぱみゅ,7,0.6538461538461539,26,3.0,0.8999999999999915
くっきー!,7,0.9047619047619048,21,-2.5,1.0
さまぁ〜ず,6,0.7647058823529411,17,-3.5,1.3999999999999915
つるの剛士,9,0.7777777777777778,27,0.9000000000000004,1.0999999999999943
でんでん,5,0.5,2,1.4000000000000004,5.5
ともさかりえ,9,0.9787234042553191,47,1.4000000000000004,1.0999999999999943
なえなの,20,0.9024390243902439,41,-0.5,4.600000000000001
はじめしゃちょー,2,0.6,5,-5.1000000000000005,0.5999999999999943
はるな愛,7,1.0,15,-1.3000000000000007,1.7999999999999972
ぺこぱ,10,0.9523809523809523,21,-2.799999999999997,0.8999999999999915
ぼる塾,19,0.8809523809523809,42,2.0,-0.30000000000001137
ゆうたろう_(モデル),5,0.9411764705882353,17,1.2000000000000002,-4.6
ゆりやんレトリィバァ,7,0.7297297297297297,37,0.3000000000000007,-0.8999999999999915
りょう_(女優),7,1.0,12,-1.5999999999999979,2.200000000000003
アンミカ,10,0.92,25,7.100000000000001,0.5
イモトアヤコ,12,1.0,10,1.2999999999999972,-0.20000000000000284
ウエンツ瑛士,10,1.0,15,-3.6999999999999993,1.1000000000000085
ウド鈴木,11,1.0,21,-0.6999999999999993,-0.5
オダギリジョー,10,0.7540983606557377,61,3.0,0.6999999999999886
カズレーザー,14,0.925,40,0.3999999999999986,0.7000000000000028
カンニング竹山,9,0.9230769230769231,26,-0.3000000000000007,0.29999999999999716
ガンバレルーヤ,17,0.8620689655172413,29,2.5,0.5
キムラ緑子,7,0.75,8,0.09999999999999964,0.7999999999999972
ケンドーコバヤシ,6,0.8333333333333334,12,0.3000000000000007,0.0
サンシャイン池崎,17,1.0,25,0.29999999999999716,0.0
サンドウィッチマン_(お笑いコンビ),9,0.9411764705882353,17,2.6000000000000085,0.19999999999998863
シシド・カフカ,4,1.0,9,0.0,0.0
シソンヌ_(お笑いコンビ),9,0.8333333333333334,30,3.1000000000000014,2.6000000000000014
タカアンドトシ,11,0.8888888888888888,9,-0.8999999999999986,-0.29999999999999716
タモリ,16,0.8923076923076924,65,-2.700000000000003,0.0
ダレノガレ明美,14,0.6333333333333333,30,1.3999999999999995,1.2999999999999972
チョコレートプラネット,15,0.8541666666666666,48,-0.8999999999999986,0.3999999999999915
ティモンディ,16,0.96875,64,-1.7999999999999972,5.099999999999994
ディーン・フジオカ,4,0.8947368421052632,19,1.6000000000000014,0.7000000000000028
トラウデン直美,23,0.8888888888888888,18,0.5,-0.30000000000000426
トリンドル玲奈,12,0.88,50,-0.7000000000000011,-1.0
トータス松本,5,0.9230769230769231,13,-0.7000000000000011,4.3999999999999915
ナイツ_(お笑いコンビ),6,0.8888888888888888,9,0.0,-0.5
バカリズム,7,0.9,20,-1.6999999999999957,0.20000000000000284
ヒコロヒー,13,0.9210526315789473,38,4.300000000000001,4.300000000000011
ヒロミ,10,0.90625,32,-0.1999999999999993,1.0999999999999943
ビビる大木,7,0.9285714285714286,14,-1.3000000000000007,-0.4000000000000057
ビートたけし,2,0.5,6,-6.599999999999998,-0.7000000000000028
ファーストサマーウイカ,11,0.9024390243902439,41,1.0,2.0
フワちゃん,8,0.9130434782608695,23,2.799999999999997,0.7999999999999972
ブラックマヨネーズ,7,1.0,11,-2.0,-0.6000000000000085
ベッキー,11,0.7777777777777778,27,0.40000000000000036,1.5
ホラン千秋,12,0.9555555555555556,45,1.7000000000000028,0.0
マキタスポーツ,4,0.25,4,-0.20000000000000018,4.200000000000003
マギー_(モデル),12,0.9130434782608695,23,-1.0,-1.8999999999999986
マツコ・デラックス,5,0.8235294117647058,17,-1.6000000000000014,0.30000000000001137
ミキ_(お笑いコンビ),12,0.8064516129032258,31,-1.8000000000000007,-1.7999999999999972
ミルクボーイ,4,1.0,5,1.4000000000000004,-1.2000000000000028
ムロツヨシ,8,0.95,20,-2.6999999999999957,0.20000000000000284
ユースケ・サンタマリア,11,0.9166666666666666,24,-3.5,1.2000000000000028
リリー・フランキー,3,1.0,5,-0.6999999999999993,1.7999999999999972
ローラ_(モデル),1,1.0,4,-1.0999999999999979,0.20000000000000284
一ノ瀬颯,11,0.9230769230769231,13,-0.7,1.8000000000000007
三吉彩花,8,1.0,30,0.5,-0.19999999999999574
三宅弘城,1,1.0,1,0.2999999999999998,0.5999999999999943
三宅裕司,8,0.8181818181818182,11,1.5999999999999996,2.299999999999997
三戸なつめ,2,,0,-0.20000000000000018,-1.0999999999999943
三浦友和,6,0.9130434782608695,23,0.40000000000000213,0.20000000000000284
三浦知良,12,0.9615384615384616,26,-1.4000000000000021,2.1000000000000085
三浦翔平,12,0.8947368421052632,38,-3.0,-1.2999999999999972
三浦貴大,8,1.0,3,-0.5999999999999996,1.1999999999999957
三浦透子,6,0.88,25,1.9,4.699999999999999
上地雄輔,8,1.0,6,2.0,1.9000000000000057
上川隆也,8,0.8666666666666667,15,0.10000000000000142,-0.20000000000000284
上戸彩,8,0.9473684210526315,19,-2.700000000000003,1.3999999999999915
上田晋也,5,0.75,8,-2.099999999999998,-2.0
上白石萌歌,12,0.8947368421052632,57,-2.8000000000000007,-1.5
上白石萌音,10,0.926829268292683,41,-1.9000000000000021,-1.6000000000000085
上野樹里,12,0.84,50,-1.3000000000000007,-2.299999999999997
与田祐希,4,0.6296296296296297,27,-1.2999999999999998,4.200000000000001
中丸雄一,19,0.9,40,-0.8999999999999986,2.5
中井貴一,10,0.8913043478260869,46,1.8000000000000007,4.199999999999989
中尾明慶,6,0.7894736842105263,19,3.9000000000000004,5.1000000000000085
中居正広,11,0.6615384615384615,65,3.5,0.4000000000000057
中山秀征,15,0.9545454545454546,44,-1.299999999999999,1.1000000000000085
中山美穂,10,0.9545454545454546,44,-0.7000000000000011,1.8000000000000114
中島セナ,8,0.9545454545454546,22,-0.4,0.19999999999999973
中島健人,11,0.9583333333333334,24,0.6000000000000014,1.5999999999999943
中島裕翔,9,0.9555555555555556,45,0.5,2.0999999999999943
中川大志_(俳優),16,0.96,50,5.300000000000001,9.399999999999999
中川翔子,11,0.8636363636363636,44,-3.1999999999999993,0.09999999999999432
中村ゆり,12,0.8727272727272727,55,3.1000000000000005,6.399999999999999
中村ゆりか,4,1.0,3,-0.4999999999999999,1.5999999999999996
中村アン,4,0.9090909090909091,11,-0.10000000000000142,1.4000000000000057
中村俊介,13,1.0,13,-1.1000000000000005,-1.4000000000000057
中村倫也,5,0.8333333333333334,18,-2.3000000000000007,3.700000000000003
中村勘九郎_(6代目),7,1.0,14,-0.20000000000000018,1.7999999999999972
中村獅童_(2代目),9,0.975609756097561,41,0.6999999999999993,4.5
中村隼人,21,0.9318181818181818,88,-0.19999999999999996,5.700000000000001
中村雅俊,10,0.9,20,1.700000000000001,7.599999999999994
中村静香,8,0.8125,16,0.7999999999999998,3.8999999999999986
中条あやみ,13,0.96875,32,-2.299999999999997,4.099999999999994
中田圭祐,9,1.0,28,0.40000000000000013,-1.9000000000000004
中谷美紀,4,1.0,5,3.0,2.0
中越典子,9,0.9,10,2.2,-2.299999999999997
丸山桂里奈,18,0.94,50,-1.1999999999999993,-1.7999999999999972
丸山隆平,5,1.0,6,-1.3999999999999986,-5.300000000000004
久保田紗友,8,0.9166666666666666,12,0.09999999999999987,1.4000000000000004
久本雅美,8,0.9333333333333333,15,0.6999999999999993,-1.0999999999999943
久間田琳加,10,0.9583333333333334,24,0.40000000000000036,2.0999999999999996
乙葉,10,0.8461538461538461,13,0.7000000000000011,-2.0
亀梨和也,6,0.8888888888888888,9,-2.6999999999999993,-1.0
二宮和也,11,0.9565217391304348,23,-1.2999999999999972,1.0999999999999943
二階堂ふみ,2,1.0,4,-2.5,0.9000000000000057
井ノ原快彦,13,0.6896551724137931,29,-4.099999999999998,0.7999999999999972
井上咲楽,16,0.8974358974358975,39,2.3000000000000007,2.299999999999997
井上真央,9,0.9166666666666666,36,7.099999999999998,1.5999999999999943
井上祐貴,15,0.8148148148148148,27,-0.09999999999999998,-0.8000000000000003
井之脇海,17,0.9016393442622951,61,2.8000000000000003,8.299999999999997
井川遥,7,0.5555555555555556,9,0.9000000000000021,2.5
井手上漠,15,1.0,20,-0.40000000000000013,2.9000000000000004
井本彩花,15,1.0,16,-0.2,-0.19999999999999973
井桁弘恵,20,0.9615384615384616,52,0.2999999999999998,7.800000000000001
井森美幸,15,0.8571428571428571,21,2.3000000000000007,-0.7000000000000028
井浦新,6,0.8571428571428571,14,6.899999999999999,5.100000000000001
今井翼,4,1.0,1,-4.6,1.7999999999999972
今田耕司,12,0.9487179487179487,39,-3.1999999999999993,-0.6999999999999886
今野浩喜,6,1.0,3,-0.9000000000000004,2.200000000000003
仲村トオル,10,0.896551724137931,29,-1.3999999999999986,4.3999999999999915
仲里依紗,8,0.9459459459459459,37,-0.1999999999999993,1.4000000000000057
仲野太賀,5,0.9285714285714286,14,-0.1999999999999993,1.2000000000000028
仲間由紀恵,6,0.8888888888888888,9,-1.5999999999999979,1.2999999999999972
伊原六花,16,0.9428571428571428,35,-0.40000000000000036,4.100000000000001
伊原剛志,11,0.7692307692307693,13,4.300000000000001,1.5999999999999943
伊武雅刀,8,1.0,18,1.4000000000000004,3.6000000000000085
伊沢拓司,9,1.0,10,-2.700000000000001,2.799999999999997
伊藤あさひ,4,0.7142857142857143,7,-0.29999999999999993,2.5
伊藤歩,7,1.0,3,0.20000000000000018,-0.5
伊藤沙莉,9,0.9019607843137255,51,-1.1000000000000014,0.7000000000000028
伊藤淳史,6,1.0,6,1.6000000000000014,3.700000000000003
伊藤英明,12,0.8837209302325582,43,6.900000000000002,3.799999999999997
伊野尾慧,6,1.0,4,-2.0,-1.2000000000000028
伊集院光,13,0.9230769230769231,26,-3.8999999999999986,0.29999999999999716
佐々木希,10,0.9318181818181818,44,-2.6999999999999993,-1.8999999999999915
佐々木蔵之介,5,1.0,12,-0.20000000000000284,3.8999999999999915
佐久間由衣,9,1.0,29,-0.20000000000000018,9.200000000000003
佐藤二朗,5,0.9166666666666666,24,3.3000000000000007,0.5
佐藤健_(俳優),13,0.8421052631578947,38,2.0,6.200000000000003
佐藤勝利,11,0.96875,32,0.5,4.799999999999997
佐藤大樹_(ダンサー),6,1.0,22,-0.6000000000000001,-1.0999999999999996
佐藤寛太,4,1.0,4,-1.4,-2.0
佐藤栞里,15,1.0,25,3.700000000000003,3.5
佐藤浩市,7,0.6,5,0.0,1.8000000000000114
佐藤玲,11,0.9375,16,-0.19999999999999996,0.3999999999999999
佐藤隆太,4,1.0,7,2.3000000000000007,1.0999999999999943
佐野ひなこ,4,0.9333333333333333,15,-0.7000000000000002,0.3000000000000007
佐野勇斗,7,0.875,16,0.5,-3.1000000000000014
佐野史郎,12,0.9090909090909091,22,-0.5,4.3999999999999915
余貴美子,10,0.9333333333333333,15,-0.1999999999999993,-0.8999999999999986
倉科カナ,11,0.9722222222222222,36,-4.199999999999999,-0.10000000000000853
優木まおみ,23,0.9666666666666667,30,-2.0,-2.6000000000000014
優香,8,0.9,10,-3.0,-0.5999999999999943
光浦靖子,12,0.9583333333333334,24,-1.9000000000000004,-1.4000000000000057
光石研,3,1.0,6,1.799999999999999,1.6000000000000014
児嶋一哉,2,0.0,2,0.5,1.5999999999999943
八嶋智人,9,1.0,7,-2.3000000000000007,1.4000000000000057
八木莉可子,14,0.9615384615384616,26,2.3,5.300000000000001
六平直政,8,0.875,16,-1.3000000000000007,-0.6999999999999957
六角精児,14,0.9375,16,-0.9000000000000021,1.2000000000000028
内山理名,13,1.0,40,1.5999999999999996,-1.4000000000000057
内村光良,6,0.8235294117647058,17,-2.799999999999997,-0.7000000000000028
内田有紀,7,0.85,20,-0.6999999999999993,-0.4000000000000057
内田理央,7,1.0,14,1.0,3.6000000000000014
内藤剛志,5,0.9166666666666666,12,-1.3999999999999986,2.0999999999999943
内野聖陽,2,0.5,2,0.0,0.7999999999999972
出口夏希,15,0.92,25,-0.40000000000000013,-0.9000000000000004
出川哲朗,10,0.8484848484848485,33,3.200000000000003,0.5
別所哲也,8,1.0,10,-1.3999999999999986,3.5
前田敦子,11,0.8421052631578947,19,0.9000000000000004,-1.0999999999999943
前野朋哉,6,0.8181818181818182,11,1.0999999999999996,3.9000000000000057
劇団ひとり,13,0.675,40,-3.400000000000002,0.0
加瀬亮,3,,0,2.0,5.699999999999996
加藤小夏,15,0.9,20,-0.7,-0.5
加藤浩次,9,0.75,24,1.1000000000000014,0.29999999999999716
加藤清史郎,11,0.88,25,-0.40000000000000036,1.5999999999999943
加藤諒,11,0.875,8,-1.6000000000000014,-0.20000000000000284
勝俣州和,8,0.9047619047619048,21,-1.1000000000000014,2.0
勝地涼,15,0.7916666666666666,24,0.5999999999999996,1.4000000000000057
勝村政信,16,0.9523809523809523,21,-0.40000000000000036,4.400000000000006
北乃きい,17,0.9473684210526315,19,-1.5999999999999996,0.7000000000000028
北大路欣也,11,0.9047619047619048,21,4.799999999999997,2.5
北山宏光,4,1.0,3,0.5,1.8000000000000043
北川景子,10,0.8367346938775511,49,4.199999999999996,-0.9000000000000057
北斗晶,13,1.0,34,1.8999999999999986,-0.5
北村一輝,9,0.9615384615384616,26,-1.5,2.799999999999997
北村匠海,7,0.9166666666666666,12,3.0,6.0
北村有起哉,7,1.0,12,1.3999999999999995,5.599999999999994
千原ジュニア,7,0.9166666666666666,12,-1.0,0.0
千秋_(タレント),13,0.9696969696969697,33,2.8999999999999986,1.3999999999999915
千葉雄大,10,0.972972972972973,37,-2.8000000000000007,1.7000000000000028
千鳥_(お笑いコンビ),5,0.9333333333333333,15,0.7000000000000028,-1.0999999999999943
南原清隆,11,0.9272727272727272,55,-1.200000000000001,4.0
南果歩,15,0.6875,16,0.7999999999999998,-2.0999999999999943
南沙良,11,0.8979591836734694,49,0.7000000000000002,2.3000000000000007
南沢奈央,10,1.0,3,-0.5,1.7000000000000028
南野陽子,11,0.9024390243902439,41,-0.8999999999999986,-0.29999999999999716
博多華丸・大吉,12,0.8076923076923077,26,2.1000000000000014,1.1000000000000085
厚切りジェイソン,6,0.8333333333333334,6,-0.3000000000000007,-0.8000000000000114
原日出子,10,1.0,17,-1.9000000000000004,0.5
原沙知絵,14,1.0,11,-0.40000000000000036,2.5
原田泰造,10,0.9047619047619048,21,2.3000000000000007,2.1000000000000085
原田知世,11,0.9655172413793104,29,0.7000000000000011,0.4000000000000057
原田美枝子,12,0.9166666666666666,24,1.3999999999999986,-0.3999999999999986
原田龍二,10,0.7857142857142857,14,-1.9000000000000004,1.5999999999999943
原菜乃華,11,1.0,34,0.30000000000000004,3.9000000000000004
又吉直樹,3,1.0,6,0.0,1.6000000000000085
及川光博,7,1.0,19,1.3999999999999986,0.30000000000001137
友近,8,0.75,12,4.400000000000002,0.3999999999999915
反町隆史,7,0.90625,32,-1.1999999999999993,1.7999999999999972
古川優奈,21,0.6666666666666666,21,3.8999999999999995,10.300000000000004
古川琴音,12,0.9032258064516129,31,1.3999999999999995,3.400000000000002
古川雄大,6,0.9,30,0.0,-0.8999999999999986
古田新太,10,0.8695652173913043,46,-0.3000000000000007,1.5999999999999943
古畑星夏,9,0.96875,32,0.5,0.3000000000000007
古舘伊知郎,6,0.6666666666666666,9,-3.0,0.20000000000000284
吉岡秀隆,12,0.7966101694915254,59,2.5,5.299999999999997
吉岡里帆,1,1.0,2,-2.1000000000000014,1.2000000000000028
吉川愛,8,0.6153846153846154,26,2.499999999999999,1.4000000000000021
吉川晃司,5,0.9210526315789473,38,3.1999999999999993,-0.6000000000000085
吉村崇,15,0.6842105263157895,19,-0.5,-0.9000000000000057
吉永小百合,6,1.0,9,-3.6999999999999993,0.20000000000000284
吉沢亮,2,1.0,9,4.599999999999998,5.299999999999997
吉瀬美智子,8,1.0,21,-1.3999999999999986,0.7999999999999972
吉田羊,7,0.8666666666666667,15,-2.299999999999997,-2.0999999999999943
吉田美月喜,11,0.9555555555555556,45,-0.4,0.30000000000000004
吉田莉桜,4,,0,-0.4,-0.20000000000000018
吉田鋼太郎,6,0.896551724137931,29,-2.8999999999999986,-2.8999999999999915
吉谷彩子,10,0.8235294117647058,17,0.6999999999999997,6.199999999999999
吉高由里子,10,0.9743589743589743,39,0.3999999999999986,-0.29999999999999716
名倉潤,10,0.8461538461538461,13,-0.8000000000000007,2.299999999999997
名取裕子,6,1.0,5,2.6999999999999993,-1.2000000000000028
向井康二,4,0.8,10,0.7000000000000002,0.3999999999999986
向井理,2,0.75,4,-2.700000000000003,2.299999999999997
吹石一恵,10,,0,-0.10000000000000142,-0.20000000000000284
吹越満,8,0.875,8,-0.7999999999999998,2.3000000000000043
和久井映見,4,1.0,1,-3.400000000000002,-3.0
和牛_(お笑いコンビ),7,0.9375,16,-0.1999999999999993,-1.0
和田アキ子,14,0.8222222222222222,45,2.3000000000000007,-0.19999999999998863
哀川翔,9,0.8823529411764706,17,0.5,0.8999999999999915
唐沢寿明,1,1.0,1,0.3999999999999986,3.0999999999999943
四千頭身,13,0.76,25,0.5,-0.30000000000001137
国仲涼子,7,0.9333333333333333,15,1.1999999999999993,-2.299999999999997
国分太一,13,0.6428571428571429,28,-2.3000000000000007,1.0999999999999943
國村隼,2,,0,-0.1999999999999993,3.0
土屋アンナ,17,0.9387755102040817,49,-0.6999999999999993,-1.2000000000000028
土屋太鳳,8,0.9629629629629629,27,-4.399999999999999,-1.3999999999999915
土村芳,6,1.0,12,-0.19999999999999996,-2.1000000000000005
土田晃之,6,0.875,8,-2.5,0.5
坂ノ上茜,14,0.8823529411764706,17,-0.29999999999999993,-0.09999999999999964
坂上忍,8,0.6764705882352942,34,-2.5,0.09999999999999432
坂下千里子,23,0.7096774193548387,31,2.5,-1.1000000000000085
坂井真紀,9,1.0,9,-1.200000000000001,-1.999999999999993
坂口健太郎,4,0.9655172413793104,29,3.900000000000002,2.1000000000000085
坂東龍汰,12,0.9705882352941176,34,0.8999999999999999,0.1999999999999993
城島茂,13,0.9047619047619048,21,-3.0,1.6000000000000085
城田優,6,1.0,14,0.5999999999999996,3.200000000000003
堀内健,7,0.7647058823529411,17,-2.0,-0.5
堀内敬子,6,1.0,7,-2.0,-1.5
堀田真由,9,0.6923076923076923,13,1.6000000000000005,2.6000000000000014
堀田茜,12,0.9,10,3.0999999999999996,5.0
堂本光一,10,0.88,25,-0.5,1.2000000000000028
堂本剛,7,0.75,8,-0.5999999999999979,0.5
堤真一,1,0.75,4,0.29999999999999716,0.9000000000000057
堺正章,9,0.9285714285714286,14,0.0,-0.3999999999999915
堺雅人,6,0.8888888888888888,18,-2.299999999999997,0.0
塚地武雅,6,0.7692307692307693,13,6.100000000000001,2.799999999999997
塚本高史,10,1.0,8,-0.5,2.1000000000000085
壇蜜,3,1.0,5,-1.6999999999999993,0.5
夏川結衣,9,1.0,1,-0.5,-4.100000000000001
夏帆,11,0.9811320754716981,53,7.600000000000001,7.100000000000001
夏木マリ,6,0.9166666666666666,12,3.6999999999999993,0.20000000000000284
夏菜,3,0.9655172413793104,29,-1.6999999999999993,-8.399999999999999
多部未華子,9,0.8888888888888888,18,-4.800000000000004,-3.5999999999999943
大久保佳代子,17,0.8529411764705882,34,1.0999999999999979,-0.20000000000000284
大倉孝二,6,1.0,8,-4.0,2.3000000000000043
大倉忠義,11,0.7857142857142857,14,-0.6999999999999993,1.0999999999999943
大原櫻子,3,1.0,6,-3.0999999999999996,1.1999999999999957
大友花恋,20,1.0,26,-0.9000000000000001,5.5
大地真央,13,0.9782608695652174,46,-1.6000000000000014,-1.2000000000000028
大坂なおみ,9,0.6862745098039216,51,-1.3999999999999986,0.0
大塚寧々,10,0.84,25,2.5999999999999996,-1.2999999999999972
大島優子,4,1.0,40,-3.200000000000003,1.4000000000000057
大島美幸,11,0.9,10,3.0,1.8000000000000114
大政絢,8,0.9615384615384616,26,0.29999999999999893,1.8999999999999986
大森南朋,10,0.9130434782608695,23,1.0,3.700000000000003
大沢あかね,18,0.8888888888888888,45,1.4000000000000004,1.1000000000000085
大沢たかお,6,0.75,4,3.1999999999999993,3.9000000000000057
大泉洋,7,0.875,40,1.4000000000000057,-0.30000000000001137
大竹しのぶ,9,0.9285714285714286,42,0.9000000000000021,-1.7000000000000028
大谷亮平,10,0.8823529411764706,17,-1.6999999999999993,-1.5999999999999943
大谷翔平,3,0.9411764705882353,17,-3.700000000000003,0.5
大野いと,15,1.0,14,0.7,0.1999999999999993
天海祐希,2,0.8,5,0.6999999999999957,-0.29999999999999716
天野ひろゆき,15,0.875,32,0.20000000000000107,1.3999999999999915
太田光,11,0.7380952380952381,42,-7.0,0.5
奈緒,13,0.8717948717948718,39,5.0,7.800000000000001
奥平大兼,4,0.9523809523809523,21,-1.1,-2.0
奥田瑛二,7,0.75,8,-0.5999999999999996,1.3999999999999915
奥貫薫,7,1.0,7,0.0,0.3999999999999986
妻夫木聡,10,0.967741935483871,31,4.799999999999997,3.0
宇垣美里,5,1.0,5,1.4000000000000004,-1.2000000000000028
宇多田ヒカル,5,1.0,20,0.3999999999999986,1.4000000000000057
宇梶剛士,2,1.0,3,-2.799999999999999,1.2999999999999972
宇賀なつみ,21,0.8461538461538461,26,-0.9000000000000004,1.1000000000000014
安めぐみ,13,0.7857142857142857,28,-0.40000000000000036,-0.20000000000000284
安田成美,4,0.6666666666666666,3,0.0,0.0
安田章大,10,0.75,36,-0.9000000000000004,-2.8000000000000043
安田美沙子,18,0.9090909090909091,55,-1.799999999999999,-1.4000000000000057
安田顕,9,0.9444444444444444,18,5.0,1.9000000000000057
安藤サクラ,9,0.9130434782608695,23,5.300000000000001,8.099999999999994
安達祐実,8,0.8235294117647058,17,2.0,-1.2999999999999972
室井滋,6,1.0,5,2.3000000000000007,-0.9000000000000057
宮世琉弥,10,0.9473684210526315,38,0.8000000000000003,4.4
宮崎美子,8,0.875,8,4.300000000000001,-0.4000000000000057
宮川大輔_(タレント),7,0.8461538461538461,13,0.8000000000000007,0.5
宮本信子,9,1.0,13,-0.5,-1.2000000000000028
宮本茉由,17,0.9444444444444444,18,0.09999999999999998,1.4000000000000004
宮根誠司,9,0.7142857142857143,7,-0.7000000000000002,2.8999999999999915
宮沢りえ,8,0.9512195121951219,41,0.8999999999999986,-0.9000000000000057
宮沢氷魚,19,0.8961038961038961,77,1.299999999999999,7.299999999999997
宮澤エマ,20,0.8524590163934426,61,1.5999999999999996,1.3999999999999986
宮﨑あおい,9,1.0,10,-1.4000000000000021,0.29999999999999716
富田望生,8,0.9333333333333333,15,-0.09999999999999964,-0.6999999999999957
富田靖子,8,0.9230769230769231,13,-1.5999999999999996,-2.5
寺島しのぶ,16,0.9302325581395349,86,5.200000000000001,1.4000000000000057
寺島進,6,0.8333333333333334,12,0.6999999999999993,2.0
寺田心,17,0.8913043478260869,92,0.20000000000000107,-1.7000000000000028
寺脇康文,13,0.9767441860465116,43,2.3000000000000007,4.1000000000000085
小倉優子,11,0.8260869565217391,23,-1.4000000000000004,-0.19999999999998863
小宮浩信,11,0.5833333333333334,12,0.1999999999999993,3.5
小宮璃央,12,0.8333333333333334,36,0.7999999999999999,1.200000000000001
小峠英二,13,0.8076923076923077,26,2.200000000000003,1.1000000000000085
小嶋陽菜,5,1.0,19,0.1999999999999993,2.6000000000000014
小川紗良,15,,0,-0.3,0.2999999999999998
小手伸也,14,0.8181818181818182,22,0.40000000000000036,2.799999999999997
小日向文世,5,1.0,1,3.200000000000003,3.0999999999999943
小松菜奈,3,1.0,6,0.5,0.8999999999999915
小林聡美,5,0.8571428571428571,7,0.3999999999999986,0.30000000000000426
小林薫,1,0.0,1,3.1999999999999993,4.099999999999994
小栗旬,6,0.875,16,2.799999999999997,1.1999999999999886
小池徹平,8,0.9666666666666667,30,-0.9000000000000004,3.200000000000003
小池栄子,6,0.8636363636363636,22,6.400000000000006,-0.7000000000000028
小泉孝太郎,12,0.9558823529411765,68,-1.0,1.1000000000000085
小澤征悦,8,0.7142857142857143,7,1.799999999999999,-1.8000000000000114
小瀧望,9,0.6153846153846154,13,1.1999999999999997,1.4000000000000021
小籔千豊,9,0.868421052631579,38,-3.6000000000000014,-0.5
小芝風花,15,0.9090909090909091,55,0.6999999999999993,2.5
小西桜子,2,0.6666666666666666,3,0.0,-1.7999999999999998
小西真奈美,5,1.0,7,-2.5,-1.0
小野花梨,13,1.0,18,0.5,-0.9000000000000004
小関裕太,4,0.625,8,1.1,2.700000000000003
小雪_(女優),10,0.9761904761904762,42,0.0,1.2999999999999972
尾上松也_(2代目),9,1.0,20,1.4000000000000004,2.299999999999997
尾野真千子,1,1.0,2,-1.0999999999999996,-0.20000000000000284
山下健二郎,13,0.8888888888888888,9,-0.9000000000000004,-0.3999999999999986
山下智久,7,0.8837209302325582,43,0.7000000000000028,2.1999999999999886
山下美月,12,1.0,27,0.7999999999999998,7.200000000000003
山中崇,7,0.8181818181818182,11,1.1,2.5
山之内すず,16,0.88,25,-2.5,0.6999999999999886
山口まゆ_(女優),6,1.0,4,0.7,-0.29999999999999893
山口もえ,23,0.9722222222222222,36,4.9,1.6000000000000085
山口智充,6,0.7777777777777778,9,-0.6999999999999993,1.7000000000000028
山口智子,3,0.8,5,0.5,-1.5999999999999943
山口紗弥加,6,0.9130434782608695,23,0.20000000000000107,0.10000000000000142
山崎弘也,11,1.0,10,-1.6000000000000014,-0.4000000000000057
山崎紘菜,16,1.0,34,2.3,6.0
山崎育三郎,14,1.0,54,-1.1000000000000014,0.19999999999998863
山崎静代,14,0.9666666666666667,30,0.40000000000000213,-0.7999999999999972
山本美月,7,1.0,20,-1.4000000000000021,-0.4000000000000057
山本耕史,11,1.0,27,6.9,4.799999999999997
山本舞香,11,0.9285714285714286,42,1.5999999999999996,4.599999999999994
山田優_(モデル),14,0.9333333333333333,30,-1.0,-3.4000000000000057
山田孝之,4,0.7333333333333333,15,0.29999999999999716,1.2000000000000028
山田杏奈,6,0.8823529411764706,17,1.2000000000000002,1.6000000000000014
山田涼介,5,0.8571428571428571,21,1.3999999999999986,8.099999999999994
山田真歩,10,1.0,5,0.7,2.0999999999999996
山田裕貴,7,0.9375,16,5.0,5.5
山里亮太,11,0.7962962962962963,54,0.3000000000000007,-0.09999999999999432
山﨑賢人,9,0.7777777777777778,27,1.6999999999999993,1.9000000000000057
岡副麻希,12,1.0,17,-0.9000000000000004,-3.1999999999999957
岡山天音,10,0.7777777777777778,36,0.20000000000000018,6.200000000000003
岡崎紗絵,13,0.8333333333333334,24,-1.3000000000000007,-0.7000000000000011
岡本夏美,2,,0,0.20000000000000007,1.6999999999999997
岡本玲,10,0.9285714285714286,28,0.2999999999999998,0.0
岡村隆史,3,0.8333333333333334,12,-2.5,0.8999999999999915
岡田准一,7,0.9230769230769231,13,4.100000000000001,2.299999999999997
岡田圭右,15,0.86,50,-0.1999999999999993,0.9000000000000057
岡田将生,7,0.84375,32,-1.4000000000000021,3.5999999999999943
岡田結実,14,0.95,20,0.40000000000000036,-0.29999999999999716
岩田剛典,9,0.9722222222222222,36,-6.199999999999999,-1.7000000000000028
岸井ゆきの,18,0.9180327868852459,61,3.4000000000000004,7.599999999999998
岸優太,10,0.8235294117647058,51,4.099999999999998,5.499999999999993
岸本加世子,6,0.6666666666666666,3,3.7,-1.8000000000000114
岸谷五朗,10,0.9166666666666666,12,0.09999999999999964,1.0999999999999943
岸部一徳,3,1.0,2,2.8000000000000007,1.8999999999999915
峰竜太,9,1.0,8,-1.1000000000000005,1.0999999999999943
島崎和歌子,13,0.8888888888888888,18,2.3000000000000007,0.0
島崎遥香,8,0.7333333333333333,15,0.9000000000000004,-1.1000000000000014
川口春奈,9,0.9523809523809523,42,6.0000000000000036,2.799999999999997
川島明,15,0.7413793103448276,58,2.3000000000000007,0.8999999999999915
川島海荷,7,0.7272727272727273,22,-0.1999999999999993,-0.29999999999999716
川平慈英,9,1.0,20,-0.6999999999999993,3.8999999999999915
川栄李奈,10,0.8809523809523809,42,0.6000000000000014,2.0
川津明日香,9,0.8181818181818182,22,0.0,0.20000000000000018
工藤美桜,23,0.9591836734693877,49,0.0,2.0999999999999996
工藤阿須加,16,0.8461538461538461,13,-3.5,-2.0999999999999943
市原隼人,13,0.9333333333333333,60,4.600000000000001,4.6000000000000085
市川実日子,4,1.0,6,0.0,2.5
市川猿之助_(4代目),14,0.8823529411764706,34,-3.3000000000000007,-0.6999999999999886
市川紗椰,18,0.9047619047619048,21,0.9000000000000004,0.10000000000000142
市村正親,11,0.8846153846153846,26,0.5999999999999996,4.1000000000000085
市毛良枝,8,1.0,4,1.799999999999999,0.0
常盤貴子,7,0.9166666666666666,12,1.7000000000000028,0.8999999999999915
平子理沙,16,0.9393939393939394,33,-1.4,-2.0
平山浩行,8,1.0,3,0.8999999999999995,5.100000000000001
平岡祐太,9,1.0,14,1.2000000000000002,3.8999999999999986
平岩紙,12,0.96,25,-1.4000000000000004,1.2000000000000028
平手友梨奈,4,0.8148148148148148,27,-3.0,1.7999999999999972
平泉成,7,0.75,8,0.0,-0.5
平祐奈,15,0.9607843137254902,51,1.4,0.8999999999999986
平野紫耀,6,0.7586206896551724,29,8.0,6.700000000000003
広末涼子,14,1.0,31,2.6000000000000014,-0.29999999999999716
広瀬すず,6,1.0,24,3.1999999999999957,-1.4000000000000057
広瀬アリス,7,0.8888888888888888,27,-4.0,0.5
役所広司,3,0.7894736842105263,19,-1.8999999999999986,0.5
後藤輝基,11,0.5,4,1.6999999999999993,3.3999999999999915
徳永えり,7,1.0,11,-0.8999999999999999,-2.6999999999999993
志尊淳,4,0.5789473684210527,19,0.6999999999999993,2.4000000000000057
志田彩良,9,1.0,20,1.4,2.0999999999999996
志田未来,14,0.9473684210526315,38,-0.9000000000000021,3.700000000000003
恒松祐里,12,1.0,19,2.6999999999999997,2.200000000000001
恵俊彰,5,0.0,1,0.5,2.299999999999997
成海璃子,9,0.9444444444444444,18,-0.10000000000000142,-0.29999999999999716
成田凌,4,1.0,5,-2.0,-2.1999999999999957
戸塚純貴,8,0.9615384615384616,26,-1.6,0.0
戸次重幸,13,1.0,14,-1.6999999999999993,-0.5
戸田恵子,7,1.0,17,1.6999999999999993,-0.8999999999999915
戸田恵梨香,10,0.8571428571428571,21,-2.200000000000003,-0.5999999999999943
戸田菜穂,12,1.0,11,0.1999999999999993,1.7999999999999972
所ジョージ,5,0.9,20,-6.200000000000003,-1.5
押切もえ,13,0.8888888888888888,9,-0.2999999999999998,-0.29999999999999716
斉藤由貴,7,0.8333333333333334,12,0.3000000000000007,0.0
斎藤工,1,0.8,5,-1.1999999999999993,0.29999999999999716
新井恵理那,14,0.7575757575757576,33,1.1000000000000014,3.0
新垣結衣,3,0.8888888888888888,18,-2.5,0.9000000000000057
新川優愛,12,1.0,30,-1.3999999999999995,7.800000000000004
新木優子,4,0.9285714285714286,14,3.6999999999999993,4.600000000000001
新田真剣佑,6,0.9230769230769231,26,1.4000000000000004,1.4000000000000057
日村勇紀,18,0.8333333333333334,24,2.1999999999999957,-0.20000000000000284
早見あかり,17,1.0,24,0.0,-0.5
明石家さんま,8,0.7142857142857143,28,-6.200000000000003,-0.8999999999999915
星野源,3,0.9,10,-2.1000000000000014,0.9000000000000057
春日俊彰,4,0.75,4,-0.7000000000000028,0.09999999999999432
春風亭昇太,20,0.7857142857142857,28,4.400000000000002,2.299999999999997
有吉弘行,8,0.9090909090909091,44,-2.6000000000000014,0.5999999999999943
有岡大貴,8,1.0,9,1.200000000000001,4.199999999999996
有村架純,12,1.0,45,3.0,2.200000000000003
有田哲平,9,0.6666666666666666,54,-1.1000000000000014,-0.3999999999999915
望月歩,9,0.9333333333333333,30,-0.40000000000000013,1.299999999999999
朝日奈央,12,0.9428571428571428,35,0.9000000000000021,3.700000000000003
朝比奈彩,10,0.8709677419354839,31,2.0999999999999996,7.199999999999999
木南晴夏,14,0.9655172413793104,29,4.100000000000001,7.800000000000004
木村カエラ,11,0.95,20,0.3000000000000007,-1.7000000000000028
木村佳乃,5,0.7692307692307693,13,-1.3999999999999986,-1.2000000000000028
木村多江,13,0.8947368421052632,19,-1.0,1.2000000000000028
木村拓哉,7,0.8571428571428571,21,2.900000000000002,1.7000000000000028
木村文乃,4,1.0,8,1.8999999999999986,1.7000000000000028
木村昴,11,0.8888888888888888,36,3.0,10.5
木梨憲武,2,1.0,5,-2.599999999999998,0.8999999999999915
本上まなみ,17,1.0,12,-1.0999999999999996,-1.4000000000000057
本仮屋ユイカ,14,0.7931034482758621,58,-2.5,-0.20000000000000284
本木雅弘,7,1.0,5,-5.900000000000002,-0.29999999999999716
本田望結,10,0.95,40,-1.9000000000000004,2.5
本田翼,4,1.0,20,-8.900000000000002,1.5999999999999943
杉咲花,3,1.0,3,-4.099999999999998,-0.20000000000000284
杉本哲太,5,0.625,8,0.1999999999999993,6.0
杉本彩,5,0.875,8,0.20000000000000107,0.5
杉浦太陽,6,0.9655172413793104,29,-1.2000000000000002,4.0
杉野遥亮,9,0.8787878787878788,33,2.8999999999999986,2.299999999999997
杏_(女優),6,0.9655172413793104,29,-5.0,-1.2000000000000028
村上佳菜子,14,0.875,16,-2.6000000000000014,1.4000000000000057
村上信五,9,0.7777777777777778,27,3.5,1.9000000000000057
村上知子,10,1.0,5,7.599999999999998,2.5
村上虹郎,10,0.9032258064516129,31,2.1000000000000005,3.8999999999999986
東山紀之,9,0.9310344827586207,29,-3.8000000000000007,1.2000000000000028
東野幸治,6,0.6666666666666666,12,0.0,2.299999999999997
松たか子,2,1.0,7,-1.0,0.0
松下奈緒,6,0.9,10,-2.6999999999999993,0.9000000000000057
松下洸平,12,0.9666666666666667,30,3.3999999999999986,8.100000000000001
松下由樹,8,0.8888888888888888,9,-3.1000000000000014,-1.5999999999999943
松丸亮吾,8,1.0,10,-4.399999999999999,0.5
松井愛莉,6,1.0,15,-0.5,-2.1999999999999993
松井玲奈,8,0.9166666666666666,12,-0.20000000000000018,1.2000000000000028
松坂慶子,8,0.9047619047619048,21,0.7000000000000011,0.09999999999999432
松坂桃李,7,1.0,11,0.6000000000000014,2.0
松山ケンイチ,10,0.9722222222222222,36,-3.0,4.599999999999994
松岡修造,7,0.9,10,-0.6999999999999993,-1.2000000000000028
松岡昌宏,11,1.0,23,-2.6999999999999993,1.3999999999999915
松岡茉優,4,0.8,10,1.8000000000000007,3.8000000000000043
松島花,21,1.0,27,-0.40000000000000036,1.1000000000000014
松嶋尚美,13,0.85,20,0.8000000000000007,0.5
松嶋菜々子,7,0.9444444444444444,36,-4.100000000000001,-2.799999999999997
松平健,10,0.9375,48,-2.6000000000000014,2.3000000000000114
松本まりか,6,0.7692307692307693,26,0.1999999999999993,5.0
松本人志,7,0.8461538461538461,26,1.2999999999999972,1.4000000000000057
松本伊代,8,0.6785714285714286,28,1.6999999999999993,1.2999999999999972
松本幸四郎,10,0.9354838709677419,31,0.8999999999999995,2.3999999999999915
松本潤,3,1.0,12,-4.099999999999994,0.29999999999999716
松本穂香,7,0.9444444444444444,18,-0.6999999999999993,3.4000000000000057
松本若菜,21,0.8813559322033898,59,4.1,8.100000000000001
松村北斗,5,0.9375,16,5.5,2.799999999999997
松田るか,8,0.9523809523809523,21,-0.9999999999999999,-1.4
松田翔太,4,0.5,2,-0.6999999999999993,3.1999999999999886
松田聖子,2,1.0,4,-2.5,1.0999999999999943
松田龍平,6,0.9090909090909091,11,-1.8000000000000007,2.0
松重豊,12,0.9148936170212766,47,5.600000000000001,1.8000000000000114
松雪泰子,10,0.9354838709677419,31,3.1999999999999993,0.0
松風理咲,12,1.0,4,-0.2,-0.20000000000000018
板垣李光人,15,0.9047619047619048,42,3.2,10.2
板垣瑞生,2,1.0,2,0.5,-1.3999999999999995
板尾創路,6,0.9,10,-0.3000000000000007,4.900000000000006
板谷由夏,13,1.0,22,1.0,0.6999999999999957
林修,8,0.8421052631578947,19,-5.0,-0.7000000000000028
林遣都,8,0.9777777777777777,45,-0.6999999999999993,5.900000000000006
柄本佑,7,0.9512195121951219,41,-1.8000000000000007,1.7000000000000028
柄本明,7,0.8571428571428571,14,-1.8000000000000007,2.8999999999999915
柄本時生,7,0.5555555555555556,9,0.6000000000000014,2.5
柏木由紀,15,0.8571428571428571,49,-3.2,-2.299999999999997
染谷将太,12,0.9473684210526315,19,0.5999999999999996,6.900000000000006
染野有来,11,0.8666666666666667,30,0.0,0.19999999999999973
柳ゆり菜,8,,0,-1.1,1.4000000000000004
柳原可奈子,12,0.9642857142857143,28,-2.5,-1.2000000000000028
柳楽優弥,2,1.0,3,-4.100000000000001,0.9000000000000057
柳沢慎吾,6,1.0,8,-1.8999999999999986,-0.7000000000000028
柳葉敏郎,10,0.7647058823529411,17,-2.3999999999999986,2.5999999999999943
柴咲コウ,7,0.8888888888888888,18,2.8000000000000007,-0.5999999999999943
柴田理恵,6,0.9333333333333333,15,1.1000000000000014,-0.10000000000000853
栗山千明,3,0.6666666666666666,3,0.1999999999999993,-1.1999999999999886
桃井かおり,4,1.0,10,1.799999999999999,-0.7000000000000028
桐山漣,4,0.9333333333333333,15,-0.40000000000000036,0.0
桐谷健太,8,0.9230769230769231,13,1.1999999999999993,3.1999999999999886
桐谷美玲,5,0.9642857142857143,28,0.5,-0.20000000000000284
桑田佳祐,9,0.9318181818181818,44,3.1999999999999957,1.6000000000000085
桜井ユキ,8,0.9333333333333333,15,-0.1999999999999993,1.3000000000000007
桜井日奈子,10,0.9090909090909091,11,-1.5,2.5
桜庭ななみ,13,0.8979591836734694,49,-1.6000000000000005,-2.6999999999999957
桜田ひより,11,0.8809523809523809,42,5.1000000000000005,7.799999999999999
桜田通,3,0.8461538461538461,13,0.40000000000000013,0.1999999999999993
梅沢富美男,13,0.8518518518518519,27,-0.29999999999999716,0.7999999999999972
森七菜,7,0.8235294117647058,17,0.10000000000000142,3.700000000000003
森口瑤子,14,1.0,29,0.20000000000000107,-0.6000000000000014
森尾由美,23,0.8666666666666667,30,-0.40000000000000036,0.29999999999999716
森山未來,5,1.0,8,-1.9000000000000004,5.299999999999997
森崎ウィン,22,0.9347826086956522,46,1.7999999999999998,4.099999999999994
森川葵,12,0.9047619047619048,42,-0.7000000000000011,-0.6999999999999993
森星,17,0.9649122807017544,57,2.0999999999999996,2.299999999999997
森泉,22,0.9622641509433962,53,-0.3000000000000007,1.4000000000000057
森田想,6,1.0,1,-0.2,0.20000000000000018
森田望智,5,0.8947368421052632,19,-0.30000000000000004,-1.5
森絵梨佳,4,,0,-0.19999999999999996,0.20000000000000018
森高千里,10,1.0,38,-1.4000000000000021,0.7000000000000028
椎名桔平,5,1.0,1,1.2000000000000028,4.6000000000000085
椿鬼奴,13,0.9230769230769231,26,1.1000000000000014,-1.7999999999999972
榊原郁恵,8,0.9655172413793104,29,6.899999999999999,0.6000000000000085
榮倉奈々,11,0.9696969696969697,33,1.5999999999999979,-0.8000000000000114
樋口可南子,3,0.0,1,4.3999999999999995,13.999999999999993
横山だいすけ,4,,0,-1.0000000000000018,-1.1999999999999957
横山裕,11,0.9259259259259259,54,-1.299999999999999,1.4000000000000057
横浜流星,8,1.0,24,-2.599999999999998,0.0
横澤夏子,17,0.9365079365079365,63,1.5999999999999979,-0.3999999999999915
横田真悠,10,1.0,16,1.0,2.6000000000000014
橋本マナミ,8,0.9047619047619048,21,0.9000000000000004,0.3999999999999915
橋本愛_(1996年生),9,0.92,25,0.1999999999999993,-1.5
橋本環奈,9,0.8333333333333334,36,0.9000000000000057,0.0
檀れい,9,0.9285714285714286,14,1.3999999999999986,-0.5
櫻井海音,17,0.9523809523809523,21,-0.40000000000000013,3.5
櫻井翔,8,1.0,20,-0.6999999999999957,0.5999999999999943
武井壮,7,0.782608695652174,23,-3.9000000000000004,0.9000000000000057
武田梨奈,16,0.9230769230769231,13,-0.2999999999999998,0.10000000000000142
武田玲奈,5,1.0,3,0.2999999999999998,1.3000000000000007
武田鉄矢,9,0.7647058823529411,17,-1.799999999999999,1.2999999999999972
毎熊克哉,8,1.0,15,0.5,-1.200000000000001
比嘉愛未,14,0.9056603773584906,53,0.3000000000000007,2.6000000000000014
水原希子,12,1.0,43,-4.1,-1.3999999999999915
水川あさみ,14,0.9428571428571428,70,-5.899999999999999,0.7000000000000028
水谷果穂,10,0.9565217391304348,23,0.0,2.3
水谷豊,9,0.9310344827586207,29,1.1000000000000014,0.5
水野真紀,14,0.9032258064516129,31,-0.20000000000000018,0.09999999999999432
水野美紀,10,0.75,20,-0.8999999999999986,-0.8999999999999915
永作博美,10,0.9230769230769231,26,5.699999999999999,0.0
永山瑛太,3,1.0,10,-1.5,2.299999999999997
永山絢斗,7,1.0,23,-0.3000000000000007,4.600000000000001
永瀬廉,7,0.8787878787878788,33,5.999999999999998,11.700000000000003
永瀬正敏,2,1.0,1,0.9000000000000004,1.8000000000000043
永野芽郁,9,0.9428571428571428,35,2.299999999999997,2.299999999999997
江口のりこ,7,0.8333333333333334,12,-4.100000000000001,-1.7999999999999972
江口洋介,6,0.8125,16,6.699999999999999,4.700000000000003
池松壮亮,5,0.9583333333333334,24,2.1000000000000005,9.900000000000006
池田エライザ,12,0.9555555555555556,45,3.1999999999999993,5.500000000000007
池田美優,9,0.9583333333333334,24,0.9000000000000021,0.0
池脇千鶴,4,,0,2.1000000000000005,2.200000000000003
池間夏海,6,1.0,8,0.19999999999999996,1.3000000000000003
沢口靖子,6,0.875,32,-4.5,-3.5
沢村一樹,15,0.9423076923076923,52,-1.1999999999999993,1.6000000000000085
河北麻友子,14,1.0,35,-0.9000000000000004,-3.0
河合優実,7,0.90625,32,0.0,-0.9
河合郁人,19,0.896551724137931,58,5.0,3.6000000000000014
泉澤祐希,4,1.0,5,0.30000000000000004,2.8000000000000007
泉里香,9,0.9714285714285714,35,0.6999999999999993,2.3000000000000007
波瑠,7,0.9230769230769231,26,-2.3000000000000007,-0.4000000000000057
津田健次郎,6,0.8333333333333334,42,2.9000000000000004,11.000000000000004
津田寛治,9,0.7692307692307693,13,0.39999999999999947,1.6000000000000014
浅利陽介,9,0.9411764705882353,17,0.7000000000000011,1.0
浅川梨奈,11,0.9615384615384616,26,-0.40000000000000013,-0.40000000000000036
浅田真央,13,0.9852941176470589,68,-3.5,1.3999999999999915
浅田美代子,8,0.9375,16,-1.4000000000000004,-0.19999999999998863
浅田舞,15,0.9814814814814815,54,2.299999999999999,-1.2000000000000028
浅野ゆう子,11,1.0,16,-1.0,2.0
浅野忠信,7,1.0,28,3.0,0.7000000000000028
浜田雅功,19,0.8709677419354839,62,-0.8999999999999986,2.1000000000000085
浜辺美波,2,0.8571428571428571,7,-3.8000000000000007,1.5999999999999943
浜野謙太,8,1.0,16,-1.0,-1.2999999999999972
深川麻衣,2,,0,-0.8999999999999999,-0.8999999999999986
深津絵里,2,0.6470588235294118,17,0.5,-5.199999999999989
深田恭子,4,0.8695652173913043,23,-1.2999999999999972,0.20000000000000284
清原果耶,12,0.8833333333333333,60,4.300000000000001,4.799999999999997
清水ミチコ,13,1.0,15,1.5,-3.6000000000000085
清水尋也,6,0.8275862068965517,29,0.0,0.40000000000000213
清野菜名,6,0.9310344827586207,29,2.6000000000000014,2.799999999999997
渋谷凪咲,17,0.8372093023255814,43,1.4000000000000004,6.899999999999999
渡辺いっけい,7,0.7142857142857143,7,2.1000000000000014,4.3999999999999915
渡辺えり,8,0.8636363636363636,22,1.4000000000000021,-3.700000000000003
渡辺大知,12,0.9473684210526315,38,-0.20000000000000018,-0.20000000000000284
渡辺満里奈,4,0.8571428571428571,7,1.5999999999999996,0.20000000000000284
渡辺直美,8,0.95,20,-1.7000000000000028,-0.20000000000000284
渡辺真起子,10,0.5,4,0.5,3.0
渡辺謙,6,0.873015873015873,63,0.3999999999999986,2.299999999999997
渡邊圭祐,8,0.75,20,-1.5,-2.0
渡部篤郎,8,0.8,15,3.599999999999998,7.6000000000000085
温水洋一,12,0.9375,16,-2.1999999999999993,0.7000000000000028
満島ひかり,9,0.85,20,0.0,0.7999999999999972
満島真之介,18,0.8529411764705882,34,-2.099999999999998,2.700000000000003
溝端淳平,12,0.7741935483870968,31,-2.0999999999999996,5.299999999999997
滝川クリステル,7,1.0,18,0.5,-0.4000000000000057
滝沢カレン,18,0.8536585365853658,41,-1.8999999999999986,-1.0999999999999943
滝藤賢一,12,0.8333333333333334,24,3.6999999999999993,8.599999999999994
澤部佑,17,0.6923076923076923,13,2.0,0.0
濱正悟,9,1.0,18,-0.09999999999999998,-0.40000000000000036
濱田マリ,14,0.8823529411764706,17,5.9,-0.5
濱田岳,9,0.9090909090909091,22,4.599999999999998,3.0
濱田龍臣,12,0.7407407407407407,27,1.0,0.6999999999999957
瀧内公美,5,0.875,16,-0.8999999999999999,-1.0999999999999996
瀧本美織,7,1.0,14,1.5999999999999996,2.299999999999997
瀬戸康史,6,0.9615384615384616,26,1.0,3.8999999999999986
瀬戸朝香,8,0.875,16,1.5,-0.10000000000000853
片寄涼太,11,0.8235294117647058,34,-1.6000000000000005,9.5
片山友希,10,0.875,8,-0.7,0.0
片岡愛之助_(6代目),5,0.8181818181818182,11,0.7000000000000011,2.5999999999999943
片平なぎさ,9,0.9285714285714286,14,3.0,-0.3999999999999915
片桐はいり,9,0.9285714285714286,14,-0.3000000000000007,-1.0999999999999943
片桐仁,5,0.4,5,-1.6999999999999993,2.5999999999999943
犬飼貴丈,10,0.7333333333333333,15,1.1,4.600000000000001
玉城ティナ,9,1.0,17,0.9000000000000004,2.8999999999999986
玉山鉄二,3,1.0,4,-0.5,2.0999999999999943
玉木宏,11,0.8947368421052632,19,3.6999999999999993,2.8999999999999915
玉森裕太,4,0.875,8,4.6,7.799999999999997
生瀬勝久,6,0.5,8,0.3000000000000007,1.6000000000000085
生田斗真,9,0.8333333333333334,18,2.1000000000000014,-0.9000000000000057
生田絵梨花,5,0.8571428571428571,7,4.1,5.299999999999997
生見愛瑠,13,0.9142857142857143,35,3.0,3.700000000000003
生駒里奈,6,1.0,11,-2.999999999999999,1.0
田中みな実,2,1.0,3,1.8999999999999986,0.5
田中卓志,18,0.9358974358974359,78,-2.3000000000000007,0.9000000000000057
田中圭,10,0.9772727272727273,44,-1.0,3.9000000000000057
田中将大,10,0.6896551724137931,29,-5.800000000000001,0.0
田中律子,28,0.9803921568627451,51,-0.3000000000000007,-1.0999999999999943
田中直樹_(お笑い芸人),8,0.8461538461538461,26,0.8000000000000007,0.9000000000000057
田中美佐子,7,1.0,9,-1.0999999999999996,-0.7999999999999972
田中裕二,15,0.9583333333333334,48,-1.8000000000000007,1.5999999999999943
田中要次,7,0.8888888888888888,18,2.5,5.599999999999994
田中道子,22,0.8888888888888888,54,1.9000000000000001,6.800000000000001
田中麗奈,4,1.0,4,1.0999999999999996,-3.1000000000000014
田村淳,9,0.9333333333333333,30,-2.0,0.9000000000000057
田辺桃子,13,0.9411764705882353,34,0.7999999999999998,1.5999999999999996
田辺誠一,6,0.625,8,-0.6999999999999993,3.3999999999999915
田鍋梨々花,1,1.0,3,0.19999999999999996,2.3
町田啓太,11,0.9787234042553191,47,3.9000000000000004,14.700000000000003
當真あみ,16,0.9272727272727272,55,0.9,8.0
白濱亜嵐,10,0.9285714285714286,28,-2.4000000000000004,-1.8999999999999986
白石美帆,7,1.0,4,0.3000000000000007,-1.8999999999999986
白石聖,11,0.9375,16,-1.6,0.9000000000000004
白石麻衣,5,0.9545454545454546,22,-3.099999999999998,-2.4000000000000057
百田夏菜子,11,0.92,25,1.0,4.299999999999997
的場浩司,9,0.8888888888888888,18,-3.0,2.0
皆藤愛子,15,0.9032258064516129,31,2.3000000000000007,2.799999999999997
益若つばさ,12,0.7352941176470589,34,0.5,-2.0999999999999943
目黒蓮,3,0.9,10,14.200000000000001,24.599999999999994
相武紗季,6,0.9090909090909091,22,-3.1999999999999993,-0.5
相葉雅紀,14,0.9459459459459459,37,-3.700000000000003,-1.5999999999999943
眞島秀和,9,0.7272727272727273,11,1.5999999999999996,2.1000000000000014
眞栄田郷敦,10,0.8918918918918919,37,2.6999999999999993,5.800000000000004
眞鍋かをり,24,0.8333333333333334,24,-0.9000000000000004,1.2000000000000028
真木よう子,17,0.8292682926829268,41,-2.5,-0.3999999999999915
真矢ミキ,12,0.7586206896551724,29,-0.5999999999999979,-0.29999999999999716
真飛聖,15,0.7777777777777778,27,0.5999999999999996,2.8000000000000007
矢作穂香,4,0.6923076923076923,13,-0.20000000000000018,0.9000000000000004
矢本悠馬,7,0.625,8,0.5,-1.7999999999999972
矢沢永吉,6,0.65,40,-4.400000000000002,-1.2999999999999972
矢田亜希子,14,0.9310344827586207,29,0.1999999999999993,-1.2000000000000028
矢部浩之,10,0.6818181818181818,22,-0.1999999999999993,3.700000000000003
知念侑李,7,0.875,8,-0.9000000000000004,0.7000000000000028
知花くらら,10,0.8,20,0.3999999999999999,-3.6000000000000014
石丸幹二,9,0.42857142857142855,7,0.6999999999999993,1.1999999999999957
石井杏奈_(E-girls),5,1.0,13,-1.0,1.0
石原さとみ,4,0.9565217391304348,23,1.6000000000000014,-1.1999999999999886
石原良純,17,0.8275862068965517,29,-3.5,-1.4000000000000057
石塚英彦,8,0.6363636363636364,11,-1.9000000000000021,-1.4000000000000057
石川恋,15,0.9122807017543859,57,-0.5,3.0
石橋貴明,8,0.8813559322033898,59,-1.8999999999999986,0.29999999999999716
石橋静河,10,0.975,40,0.2999999999999998,2.8000000000000007
石田ひかり,8,1.0,2,-1.8999999999999986,0.5999999999999943
石田ゆり子,4,0.8888888888888888,18,0.9000000000000057,-1.3999999999999915
石田ニコル,9,0.9230769230769231,13,-1.4,3.3000000000000007
石野真子,9,0.9230769230769231,13,0.40000000000000036,0.29999999999999716
磯山さやか,15,0.8571428571428571,35,-2.799999999999999,0.5
磯村勇斗,5,1.0,4,2.700000000000001,1.8999999999999986
磯野貴理子,13,0.875,8,0.0,-1.5999999999999943
神宮寺勇太,6,0.6666666666666666,36,-0.7999999999999998,7.600000000000001
神尾楓珠,8,0.75,12,-1.0000000000000009,-1.1000000000000014
神木隆之介,4,0.9285714285714286,14,-0.8999999999999986,-0.9000000000000057
神田正輝,8,0.8888888888888888,9,-0.20000000000000018,1.8999999999999915
祷キララ,8,1.0,7,-0.2,-0.09999999999999987
福原遥,9,1.0,32,5.700000000000001,8.899999999999999
福地桃子,12,0.8181818181818182,11,2.3,1.5999999999999979
福士蒼汰,3,0.9,10,0.9000000000000021,-0.4000000000000057
福山雅治,10,0.9523809523809523,42,3.200000000000003,1.5
福本莉子,5,0.8461538461538461,13,0.0,1.3000000000000007
福澤朗,4,1.0,3,-1.0,-0.4000000000000057
秋元梢,9,1.0,9,0.2999999999999998,0.0
秋山竜次,8,0.9411764705882353,17,-4.5,-0.5
秋田汐梨,4,0.875,16,0.29999999999999993,0.8000000000000003
稲垣吾郎,3,1.0,8,-2.799999999999999,-0.4000000000000057
稲森いずみ,8,0.9259259259259259,27,-0.6999999999999993,-1.1999999999999957
稲葉友,7,0.9166666666666666,12,-0.6999999999999997,1.9999999999999982
窪田正孝,9,0.9130434782608695,46,-2.1999999999999993,1.2000000000000028
竜星涼,12,0.7380952380952381,42,3.0,10.799999999999997
竹下景子,5,1.0,10,3.5999999999999996,-3.1999999999999957
竹中直人,3,0.8571428571428571,7,-1.8999999999999986,2.799999999999997
竹内涼真,11,0.9090909090909091,33,0.7000000000000028,6.400000000000006
竹野内豊,3,0.9545454545454546,22,6.899999999999999,4.6000000000000085
笑福亭鶴瓶,8,0.9411764705882353,34,-4.5,-0.5
笛木優子,11,1.0,7,-0.09999999999999964,0.5
笠松将,3,1.0,5,-0.6999999999999997,-1.8999999999999986
笹野高史,14,0.7692307692307693,13,-0.7000000000000028,1.9000000000000057
筧利夫,6,0.5,6,4.6,2.1000000000000085
筧美和子,7,0.7894736842105263,19,-0.5,-0.30000000000000426
箭内夢菜,12,0.8,10,0.2999999999999998,-0.2999999999999998
篠原涼子,10,0.9436619718309859,71,1.8999999999999986,0.7000000000000028
米倉れいあ,7,1.0,2,-0.20000000000000007,1.0999999999999996
米倉涼子,9,0.4,25,-2.6000000000000014,-1.2999999999999972
紗栄子,13,0.8275862068965517,29,2.2,2.299999999999997
細田佳央太,9,0.9375,32,1.4000000000000004,2.8999999999999986
紺野まひる,9,0.7,10,-0.6999999999999997,1.8000000000000007
紺野彩夏,16,0.8823529411764706,34,0.40000000000000013,0.40000000000000036
紺野美沙子,11,1.0,9,-0.39999999999999947,1.8000000000000043
結木滉星,13,0.8823529411764706,34,0.40000000000000013,2.3000000000000007
綾瀬はるか,3,0.8461538461538461,13,-0.6999999999999957,0.5
綾野剛,5,0.8717948717948718,39,-0.9000000000000021,1.6000000000000085
織田裕二,1,,0,-1.2000000000000028,0.9000000000000057
美村里江,11,0.9130434782608695,23,0.6000000000000005,2.099999999999998
羽生結弦,6,0.96,25,-2.799999999999997,0.0
羽田美智子,16,1.0,21,-0.5999999999999979,2.1000000000000014
羽鳥慎一,12,0.6,30,-0.8999999999999986,-0.9000000000000057
臼田あさ美,9,0.8888888888888888,9,-3.2,-1.8000000000000007
舘ひろし,6,0.9,20,-3.0,2.1000000000000085
船越英一郎,4,1.0,7,-1.0999999999999996,1.7000000000000028
芋生悠,6,1.0,3,0.0,0.20000000000000018
芦田愛菜,9,0.8823529411764706,34,-0.9000000000000057,1.1000000000000085
芳根京子,8,0.9473684210526315,19,-2.5,-6.599999999999994
若月佑美,11,0.75,20,-0.9000000000000001,-2.1000000000000014
若村麻由美,8,1.0,7,-0.40000000000000036,-1.0
若林正恭,3,1.0,3,-1.8999999999999986,-0.7000000000000028
茅島みずき,8,1.0,22,-0.29999999999999993,0.0
草刈正雄,8,0.9130434782608695,46,1.4000000000000021,2.700000000000003
草刈民代,8,1.0,13,0.5,-0.9000000000000057
草彅剛,4,0.9090909090909091,22,-3.200000000000003,0.09999999999999432
荒川良々,6,1.0,9,2.5,2.8999999999999915
荒木飛羽,12,0.7878787878787878,33,1.4,0.8999999999999995
莉子_(モデル),9,0.6,35,0.3999999999999999,1.5999999999999996
菅田将暉,6,1.0,14,3.3000000000000043,0.5
菅野美穂,5,0.9230769230769231,13,-1.0,-2.3999999999999915
菅野莉央,15,0.9285714285714286,14,-0.5,0.0
菊池桃子,13,0.8695652173913043,23,-0.6999999999999993,0.6999999999999886
菊池風磨,15,0.775,40,2.1999999999999993,3.6999999999999886
菜々緒,9,0.8936170212765957,47,1.3000000000000007,-2.3000000000000114
萩原みのり,4,1.0,1,-0.7,-0.09999999999999964
萩原利久,3,1.0,10,0.29999999999999993,1.1000000000000014
萬波ユカ,3,,0,0.0,-0.9000000000000004
萬田久子,7,1.0,12,-2.5,-1.0
葵わかな,8,0.9655172413793104,29,-0.7000000000000002,4.800000000000004
蒔田彩珠,3,0.9,10,0.20000000000000018,-2.8000000000000007
蒼井優,8,0.9318181818181818,44,-1.4000000000000021,-1.9000000000000057
蓮佛美沙子,5,0.7777777777777778,27,2.1000000000000005,2.1000000000000014
薬丸裕英,5,1.0,8,-3.000000000000001,1.1999999999999886
薬師丸ひろ子,6,0.5,2,-2.5,-0.7000000000000028
藤ヶ谷太輔,8,0.55,20,1.9000000000000004,6.200000000000003
藤井流星,7,0.9230769230769231,13,1.5999999999999996,-0.6999999999999957
藤井隆,5,0.9090909090909091,11,0.3000000000000007,1.8999999999999915
藤原さくら,12,0.9393939393939394,33,0.0,2.0
藤原大祐,12,0.7647058823529411,17,0.7,0.2999999999999998
藤原竜也,6,0.9444444444444444,18,-0.9000000000000021,0.0
藤原紀香,9,0.9230769230769231,26,0.7000000000000011,0.29999999999999716
藤岡弘、,14,0.9142857142857143,35,-1.6999999999999993,-0.20000000000000284
藤木直人,4,0.9629629629629629,27,-3.099999999999998,2.0999999999999943
藤本美貴,7,0.96,25,3.5,-3.0
藤森慎吾,9,0.8333333333333334,24,-1.5999999999999996,0.5
藤田ニコル,10,0.8235294117647058,34,-3.4999999999999982,1.4000000000000057
藤田弓子,8,1.0,2,2.4000000000000004,0.29999999999999716
藤野涼子,3,,0,-0.7,-0.5
蛯原友里,11,1.0,52,-2.8999999999999986,1.3999999999999915
西島秀俊,6,0.9130434782608695,23,6.899999999999999,6.400000000000006
西村まさ彦,8,0.8461538461538461,13,-1.799999999999999,2.4000000000000057
西田尚美,5,1.0,5,0.40000000000000036,-0.8999999999999986
西田敏行,5,0.9411764705882353,17,-1.6000000000000014,1.0
西畑大吾,4,0.75,8,0.7000000000000002,2.6000000000000014
西野七瀬,2,1.0,3,-1.9000000000000004,3.1999999999999957
要潤,3,1.0,7,1.9000000000000004,0.0
見上愛,6,1.0,10,-0.5,-0.2999999999999998
観月ありさ,8,0.9393939393939394,33,-1.6000000000000014,-0.6999999999999886
角田晃広,9,0.7272727272727273,11,1.4000000000000021,5.200000000000003
設楽統,8,0.8,10,1.2000000000000028,1.0999999999999943
谷まりあ,21,0.98,50,2.3000000000000007,6.700000000000003
谷原章介,9,0.5652173913043478,23,1.5999999999999996,4.6000000000000085
豊嶋花,12,0.9473684210526315,19,-0.09999999999999998,0.7000000000000002
豊川悦司,9,0.8372093023255814,43,1.1000000000000014,4.299999999999997
財前直見,15,0.9230769230769231,13,-0.6999999999999993,-0.8999999999999915
貫地谷しほり,6,1.0,12,0.6999999999999993,-1.4000000000000057
貴島明日香,15,1.0,34,0.5999999999999996,6.200000000000003
賀来千香子,11,1.0,3,0.20000000000000107,-1.7000000000000028
賀来賢人,12,0.8484848484848485,33,1.6000000000000014,-0.20000000000000284
赤楚衛二,11,0.9574468085106383,47,6.199999999999999,6.700000000000003
趣里,17,0.9193548387096774,62,2.5,7.699999999999999
足立梨花,12,0.9148936170212766,47,1.5999999999999996,4.6000000000000085
辺見えみり,9,0.7777777777777778,9,1.3999999999999995,-0.6000000000000085
近藤春菜,12,0.925,40,1.1999999999999993,0.5
速水もこみち,9,1.0,9,-1.8000000000000007,1.9000000000000057
道枝駿佑,4,1.0,8,-1.1999999999999993,3.5
遠藤憲一,4,0.9375,16,-2.5,-0.9000000000000057
遠藤章造,7,0.7142857142857143,7,1.0,2.299999999999997
遼河はるひ,13,0.9285714285714286,14,-2.0,-1.5
郷ひろみ,15,0.9583333333333334,48,2.5,1.0999999999999943
酒井美紀,13,0.95,20,-1.8000000000000007,-1.2999999999999972
酒井若菜,4,0.7777777777777778,9,-0.7000000000000002,-3.5
醍醐虎汰朗,9,0.8,10,-0.09999999999999998,3.1999999999999997
重岡大毅,6,0.75,16,1.3999999999999995,0.19999999999999574
野村周平,11,0.8214285714285714,28,-0.5,-0.8999999999999986
野村萬斎,7,0.7096774193548387,31,0.5000000000000018,3.4000000000000057
野間口徹,10,0.8888888888888888,27,2.0999999999999996,6.200000000000003
金子ノブアキ,5,0.8333333333333334,6,0.2999999999999998,2.5
金子大地,8,0.84,25,0.09999999999999987,3.9000000000000004
鈴木ゆうか,6,0.9090909090909091,11,0.20000000000000007,0.8999999999999995
鈴木京香,8,0.9615384615384616,26,-2.5,-0.20000000000000284
鈴木亮平_(俳優),6,0.8823529411764706,17,5.300000000000004,4.200000000000003
鈴木仁_(俳優),3,1.0,4,0.09999999999999987,0.0
鈴木伸之,9,0.9387755102040817,49,-0.1999999999999993,4.700000000000003
鈴木保奈美,12,0.7647058823529411,17,0.9000000000000004,0.20000000000000284
鈴木奈々,11,0.9473684210526315,19,3.1999999999999993,1.7999999999999972
鈴木梨央,9,1.0,15,0.2999999999999998,1.8999999999999986
鈴木浩介_(俳優),8,1.0,10,2.0,6.5
鈴木砂羽,13,0.75,16,4.700000000000001,1.6000000000000014
鈴木福,19,0.8795180722891566,83,2.5,0.5
鈴鹿央士,15,0.9545454545454546,44,6.9,13.899999999999999
錦織圭,6,0.9259259259259259,27,-8.100000000000001,2.0
錦鯉_(お笑いコンビ),12,0.8095238095238095,42,-1.6000000000000014,1.7999999999999972
長井短,9,0.9166666666666666,12,0.0,2.0
長嶋一茂,24,0.8765432098765432,81,-0.29999999999999893,2.0
長澤まさみ,4,0.9166666666666666,24,-8.700000000000003,-0.6999999999999886
長谷川京子,7,0.9655172413793104,29,3.0,0.4000000000000057
長谷川博己,5,1.0,3,-1.6000000000000014,2.1999999999999886
門脇麦,10,0.975609756097561,41,1.5999999999999996,7.200000000000003
間宮祥太朗,3,0.9285714285714286,14,-1.6999999999999993,2.299999999999997
関口メンディー,16,0.8636363636363636,44,-1.1999999999999993,-3.0
関根勤,10,1.0,18,-3.6000000000000014,-0.5
関水渚,13,0.8611111111111112,36,-0.6999999999999997,0.5
阿佐ヶ谷姉妹,17,0.8928571428571429,28,-0.30000000000000426,-1.0
阿部サダヲ,9,0.9523809523809523,21,2.8000000000000043,1.7000000000000028
阿部寛,6,1.0,17,1.6000000000000014,0.20000000000000284
陣内孝則,3,0.8571428571428571,7,-2.700000000000001,2.299999999999997
陣内智則,9,0.6086956521739131,23,-1.8999999999999986,0.6999999999999886
霜降り明星,3,1.0,5,1.8000000000000007,-1.3999999999999915
青木崇高,8,0.8181818181818182,11,-0.7999999999999989,-0.6999999999999957
青柳翔,6,0.8888888888888888,36,0.7000000000000002,-3.0
音尾琢真,9,0.7714285714285715,35,-0.5,0.8000000000000007
須藤理彩,14,1.0,22,-0.7999999999999998,-2.799999999999997
須賀健太,16,0.9393939393939394,33,-1.4000000000000004,4.100000000000001
風吹ジュン,11,0.9047619047619048,21,2.6000000000000014,1.4000000000000057
風間俊介,14,0.9285714285714286,56,8.2,4.099999999999994
飯尾和樹,12,1.0,12,1.3999999999999986,0.7000000000000028
飯豊まりえ,8,0.9545454545454546,44,-0.7000000000000011,2.299999999999997
香取慎吾,3,1.0,13,-3.0,0.30000000000001137
香川照之,9,0.39705882352941174,68,-18.400000000000002,2.0
馬場ふみか,6,0.9166666666666666,36,0.5999999999999996,-0.9000000000000021
駒木根葵汰,9,0.8888888888888888,9,-0.29999999999999993,-0.10000000000000009
駿河太郎,12,0.875,16,0.0,2.8999999999999986
高岡早紀,12,1.0,24,0.0,0.19999999999998863
高島彩,27,0.8181818181818182,11,-1.4000000000000004,-3.5999999999999943
高島礼子,8,1.0,9,-0.7000000000000011,-1.2000000000000028
高嶋ちさ子,18,0.8260869565217391,46,0.1999999999999993,-1.4000000000000057
高杉真宙,17,0.984375,64,3.3999999999999986,10.200000000000003
高梨臨,20,0.9538461538461539,65,3.0,4.400000000000002
高橋ひとみ,7,1.0,11,-0.5,-1.5
高橋みなみ,16,0.8095238095238095,42,-1.5999999999999996,-1.0999999999999943
高橋メアリージュン,8,0.9090909090909091,22,-0.1999999999999993,0.20000000000000284
高橋一生,4,1.0,8,-1.7000000000000028,1.9000000000000057
高橋光臣,7,0.8571428571428571,7,1.0999999999999996,2.5
高橋克典,14,0.9230769230769231,39,1.3999999999999986,4.6000000000000085
高橋克実,12,0.95,20,2.6000000000000014,2.5
高橋惠子,10,0.8571428571428571,7,0.2999999999999998,-0.6999999999999957
高橋文哉,9,0.9583333333333334,24,4.800000000000001,6.400000000000002
高橋真麻,11,0.96,50,0.6999999999999993,-0.29999999999999716
高橋英樹_(俳優),8,0.925,40,2.0999999999999996,2.5
高橋茂雄,18,0.9634146341463414,82,3.400000000000002,0.7000000000000028
高田純次,5,0.4,5,1.3999999999999986,3.0
高畑充希,4,1.0,3,-2.299999999999997,0.0
高畑淳子,14,1.0,27,7.800000000000001,-0.9000000000000057
高良健吾,1,,0,2.299999999999999,5.200000000000003
髙嶋政宏,14,0.9285714285714286,14,0.5,3.0
髙橋ひかる,18,0.9333333333333333,15,-1.8999999999999995,1.3000000000000007
髙橋海人,8,0.8709677419354839,31,4.200000000000001,8.700000000000003
鶴田真由,12,0.75,4,0.0,-0.3999999999999986
鷲見玲奈,14,0.9285714285714286,28,0.3000000000000007,3.1000000000000014
麻生久美子,5,0.8,5,0.40000000000000213,2.5999999999999943
麻生祐未,9,0.75,8,-0.5999999999999996,-1.3999999999999986
黒島結菜,9,1.0,29,1.4000000000000004,15.900000000000002
黒木瞳,11,0.9,30,-1.8000000000000007,-0.7999999999999972
黒木華,5,0.9090909090909091,11,1.2999999999999972,-2.299999999999997
黒沢かずこ,11,0.9333333333333333,15,7.900000000000002,6.400000000000006
黒羽麻璃央,10,0.9583333333333334,24,0.20000000000000007,2.0
黒谷友香,16,0.8235294117647058,34,-2.8999999999999995,-1.3999999999999986
齋藤飛鳥,8,0.8846153846153846,26,-1.0999999999999996,6.899999999999999
