name,人気度変化,知名度変化,スコア,ニュース数,positive数,negative数,202208人気度,202208知名度,202302人気度,202302知名度
哀川翔,0.5,0.8999999999999915,0,76,0,0,18.1,89.9,18.6,90.8
相葉雅紀,-3.700000000000003,-1.5999999999999943,0,207,0,0,47.6,96.3,43.9,94.7
青木崇高,-0.7999999999999989,-0.6999999999999957,0,68,0,0,11.2,52.9,10.4,52.2
青柳翔,0.7000000000000002,-3.0,0,73,0,0,1.4,15,2.1,12
明石家さんま,-6.200000000000003,-0.8999999999999915,0,210,0,0,52.7,98.6,46.5,97.7
赤楚衛二,6.199999999999999,6.700000000000003,0,210,0,0,10.3,29.9,16.5,36.6
秋山竜次,-4.5,-0.5,0,151,0,0,37.2,92.4,32.7,91.9
浅野忠信,3.0,0.7000000000000028,0,90,0,0,17.2,80.2,20.2,80.9
浅利陽介,0.7000000000000011,1.0,0,55,0,0,14.7,71.2,15.4,72.2
厚切りジェイソン,-0.3000000000000007,-0.8000000000000114,0,68,0,0,19.8,90.4,19.5,89.6
あばれる君,-0.10000000000000142,-0.9000000000000057,0,81,0,0,22.8,94.7,22.7,93.8
阿部サダヲ,2.8000000000000043,1.7000000000000028,0,205,0,0,32.4,89.6,35.2,91.3
阿部寛,1.6000000000000014,0.20000000000000284,0,210,0,0,53.6,96.1,55.2,96.3
天野ひろゆき,0.20000000000000107,1.3999999999999915,0,80,0,0,15.6,89.2,15.8,90.6
綾野剛,-0.9000000000000021,1.6000000000000085,0,209,0,0,24.1,87.1,23.2,88.7
荒川良々,2.5,2.8999999999999915,0,69,0,0,11,72.7,13.5,75.6
荒木飛羽,1.4,0.8999999999999995,0,93,0,0,0.5,6.7,1.9,7.6
新田真剣佑,1.4000000000000004,1.4000000000000057,0,185,0,0,15.6,73.3,17,74.7
有岡大貴,1.200000000000001,4.199999999999996,0,71,0,0,8.7,53.1,9.9,57.3
有田哲平,-1.1000000000000014,-0.3999999999999915,0,146,0,0,33.5,96.3,32.4,95.9
有吉弘行,-2.6000000000000014,0.5999999999999943,0,210,0,0,42.1,98.2,39.5,98.8
飯尾和樹,1.3999999999999986,0.7000000000000028,0,84,0,0,38.2,91.3,39.6,92
井浦新,6.899999999999999,5.100000000000001,0,137,0,0,14.3,53.5,21.2,58.6
生田斗真,2.1000000000000014,-0.9000000000000057,0,189,0,0,29.4,85.7,31.5,84.8
池松壮亮,2.1000000000000005,9.900000000000006,0,100,0,0,6.2,42.3,8.3,52.2
伊沢拓司,-2.700000000000001,2.799999999999997,0,96,0,0,15.8,72.2,13.1,75
石塚英彦,-1.9000000000000021,-1.4000000000000057,0,63,0,0,28.8,94.9,26.9,93.5
石橋貴明,-1.8999999999999986,0.29999999999999716,0,179,0,0,20,91.9,18.1,92.2
石原良純,-3.5,-1.4000000000000057,0,95,0,0,20.5,94.7,17,93.3
石丸幹二,0.6999999999999993,1.1999999999999957,0,71,0,0,10.3,60.7,11,61.9
伊集院光,-3.8999999999999986,0.29999999999999716,0,102,0,0,20.2,90.3,16.3,90.6
泉澤祐希,0.30000000000000004,2.8000000000000007,0,62,0,0,1.8,17.9,2.1,20.7
磯村勇斗,2.700000000000001,1.8999999999999986,0,174,0,0,13.1,48,15.8,49.9
板尾創路,-0.3000000000000007,4.900000000000006,0,77,0,0,12.9,78.6,12.6,83.5
板垣瑞生,0.5,-1.3999999999999995,0,79,0,0,1.4,9.2,1.9,7.8
板垣李光人,3.2,10.2,0,210,0,0,1.8,10.3,5,20.5
市川猿之助,-3.3000000000000007,-0.6999999999999886,0,102,0,0,14.3,81.1,11,80.4
一ノ瀬颯,-0.7,1.8000000000000007,0,68,0,0,1.4,7.6,0.7,9.4
市原隼人,4.600000000000001,4.6000000000000085,0,148,0,0,19.5,79.6,24.1,84.2
市村正親,0.5999999999999996,4.1000000000000085,0,99,0,0,15,82.8,15.6,86.9
IKKO,-0.1999999999999993,-0.9000000000000057,0,97,0,0,29,98.4,28.8,97.5
井手上漠,-0.40000000000000013,2.9000000000000004,0,95,0,0,1.8,12.9,1.4,15.8
伊藤あさひ,-0.29999999999999993,2.5,0,49,0,0,0.7,3.5,0.4,6
伊藤淳史,1.6000000000000014,3.700000000000003,0,67,0,0,20.2,82.1,21.8,85.8
伊藤英明,6.900000000000002,3.799999999999997,0,163,0,0,18.4,82.7,25.3,86.5
稲垣吾郎,-2.799999999999999,-0.4000000000000057,0,198,0,0,18.2,91.7,15.4,91.3
稲葉友,-0.6999999999999997,1.9999999999999982,0,64,0,0,2.8,15.9,2.1,17.9
犬飼貴丈,1.1,4.600000000000001,0,98,0,0,3.9,18.2,5,22.8
井上祐貴,-0.09999999999999998,-0.8000000000000003,0,92,0,0,0.5,4.2,0.4,3.4
伊野尾慧,-2.0,-1.2000000000000028,0,106,0,0,13.3,69.9,11.3,68.7
井ノ原快彦,-4.099999999999998,0.7999999999999972,0,153,0,0,31.9,88.8,27.8,89.6
井之脇海,2.8000000000000003,8.299999999999997,0,173,0,0,3.9,31,6.7,39.3
伊原剛志,4.300000000000001,1.5999999999999943,0,64,0,0,9.2,69.2,13.5,70.8
伊武雅刀,1.4000000000000004,3.6000000000000085,0,55,0,0,15.6,79.6,17,83.2
今井翼,-4.6,1.7999999999999972,0,60,0,0,12,66.9,7.4,68.7
今田耕司,-3.1999999999999993,-0.6999999999999886,0,181,0,0,29.2,96.1,26,95.4
岩田剛典,-6.199999999999999,-1.7000000000000028,0,210,0,0,24.4,69.7,18.2,68
上田晋也,-2.099999999999998,-2.0,0,176,0,0,30.4,94.9,28.3,92.9
ウエンツ瑛士,-3.6999999999999993,1.1000000000000085,0,104,0,0,20.2,93.1,16.5,94.2
宇梶剛士,-2.799999999999999,1.2999999999999972,0,60,0,0,17.7,79.8,14.9,81.1
内野聖陽,0.0,0.7999999999999972,0,65,0,0,19.5,64.2,19.5,65
内村光良,-2.799999999999997,-0.7000000000000028,0,129,0,0,48.8,96.8,46,96.1
ウド鈴木,-0.6999999999999993,-0.5,0,66,0,0,16.8,92.4,16.1,91.9
梅沢富美男,-0.29999999999999716,0.7999999999999972,0,119,0,0,18.9,95,18.6,95.8
江口洋介,6.699999999999999,4.700000000000003,0,210,0,0,24.8,85,31.5,89.7
柄本明,-1.8000000000000007,2.8999999999999915,0,128,0,0,25.7,84.2,23.9,87.1
柄本佑,-1.8000000000000007,1.7000000000000028,0,152,0,0,22.7,75.8,20.9,77.5
柄本時生,0.6000000000000014,2.5,0,102,0,0,12.7,76.3,13.3,78.8
遠藤憲一,-2.5,-0.9000000000000057,0,184,0,0,41.6,92.4,39.1,91.5
遠藤章造,1.0,2.299999999999997,0,71,0,0,8.7,80.2,9.7,82.5
及川光博,1.3999999999999986,0.30000000000001137,0,119,0,0,25.5,89.6,26.9,89.9
大泉洋,1.4000000000000057,-0.30000000000001137,0,210,0,0,50.8,95.9,52.2,95.6
大倉孝二,-4.0,2.3000000000000043,0,63,0,0,13.6,58.8,9.6,61.1
大倉忠義,-0.6999999999999993,1.0999999999999943,0,88,0,0,12.2,64.4,11.5,65.5
大沢たかお,3.1999999999999993,3.9000000000000057,0,109,0,0,20.2,79.3,23.4,83.2
太田光,-7.0,0.5,0,210,0,0,20.5,91.5,13.5,92
大谷翔平,-3.700000000000003,0.5,0,210,0,0,59.5,96.5,55.8,97
大谷亮平,-1.6999999999999993,-1.5999999999999943,0,88,0,0,15,71.3,13.3,69.7
大森南朋,1.0,3.700000000000003,0,171,0,0,16.5,72.2,17.5,75.9
岡田圭右,-0.1999999999999993,0.9000000000000057,0,198,0,0,10.6,84.6,10.4,85.5
岡田准一,4.100000000000001,2.299999999999997,0,202,0,0,36.8,90.8,40.9,93.1
岡田将生,-1.4000000000000021,3.5999999999999943,0,199,0,0,22.8,75,21.4,78.6
岡村隆史,-2.5,0.8999999999999915,0,210,0,0,31.7,95.2,29.2,96.1
岡山天音,0.20000000000000018,6.200000000000003,0,132,0,0,6.2,41.9,6.4,48.1
奥田瑛二,-0.5999999999999996,1.3999999999999915,0,62,0,0,7.3,63.7,6.7,65.1
奥平大兼,-1.1,-2.0,0,190,0,0,1.6,10.1,0.5,8.1
小栗旬,2.799999999999997,1.1999999999999886,0,210,0,0,38.1,92.4,40.9,93.6
小澤征悦,1.799999999999999,-1.8000000000000114,0,74,0,0,10.8,81.4,12.6,79.6
織田裕二,-1.2000000000000028,0.9000000000000057,0,70,0,0,22.1,88.3,20.9,89.2
オダギリジョー,3.0,0.6999999999999886,0,210,0,0,23.5,87.4,26.5,88.1
音尾琢真,-0.5,0.8000000000000007,0,185,0,0,3.5,18.8,3,19.6
尾上松也,1.4000000000000004,2.299999999999997,0,210,0,0,11.5,74.3,12.9,76.6
香川照之,-18.400000000000002,2.0,0,160,0,0,39.6,90.4,21.2,92.4
賀来賢人,1.6000000000000014,-0.20000000000000284,0,183,0,0,33.6,85.3,35.2,85.1
角田晃広,1.4000000000000021,5.200000000000003,0,64,0,0,20.9,69,22.3,74.2
筧利夫,4.6,2.1000000000000085,0,62,0,0,10.1,76.1,14.7,78.2
風間俊介,8.2,4.099999999999994,0,189,0,0,22.8,83.5,31,87.6
笠松将,-0.6999999999999997,-1.8999999999999986,0,88,0,0,3.4,29.2,2.7,27.3
春日俊彰,-0.7000000000000028,0.09999999999999432,0,148,0,0,24.6,96.5,23.9,96.6
カズレーザー,0.3999999999999986,0.7000000000000028,0,210,0,0,33.6,96.1,34,96.8
加瀬亮,2.0,5.699999999999996,0,60,0,0,8.3,53.6,10.3,59.3
片岡愛之助,0.7000000000000011,2.5999999999999943,0,121,0,0,11.2,82.5,11.9,85.1
片桐仁,-1.6999999999999993,2.5999999999999943,0,72,0,0,13.6,69.4,11.9,72
片寄涼太,-1.6000000000000005,9.5,0,128,0,0,6.4,36.5,4.8,46
勝地涼,0.5999999999999996,1.4000000000000057,0,88,0,0,6.5,76.8,7.1,78.2
勝俣州和,-1.1000000000000014,2.0,0,93,0,0,13.3,85.1,12.2,87.1
勝村政信,-0.40000000000000036,4.400000000000006,0,75,0,0,14,75.8,13.6,80.2
加藤浩次,1.1000000000000014,0.29999999999999716,0,193,0,0,20.5,92.4,21.6,92.7
加藤清史郎,-0.40000000000000036,1.5999999999999943,0,112,0,0,10.3,72.9,9.9,74.5
加藤諒,-1.6000000000000014,-0.20000000000000284,0,85,0,0,14.3,88,12.7,87.8
香取慎吾,-3.0,0.30000000000001137,0,210,0,0,28,95.6,25,95.9
要潤,1.9000000000000004,0.0,0,199,0,0,14.9,86,16.8,86
金子大地,0.09999999999999987,3.9000000000000004,0,144,0,0,1.1,9,1.2,12.9
金子ノブアキ,0.2999999999999998,2.5,0,60,0,0,6.4,41.2,6.7,43.7
川平慈英,-0.6999999999999993,3.8999999999999915,0,46,0,0,15.2,84.4,14.5,88.3
神尾楓珠,-1.0000000000000009,-1.1000000000000014,0,186,0,0,8.3,38.6,7.3,37.5
上川隆也,0.10000000000000142,-0.20000000000000284,0,92,0,0,17.2,73.3,17.3,73.1
神木隆之介,-0.8999999999999986,-0.9000000000000057,0,161,0,0,33.8,89.2,32.9,88.3
上地雄輔,2.0,1.9000000000000057,0,119,0,0,8.8,85.5,10.8,87.4
亀梨和也,-2.6999999999999993,-1.0,0,131,0,0,21.8,93.6,19.1,92.6
唐沢寿明,0.3999999999999986,3.0999999999999943,0,98,0,0,30.8,84.2,31.2,87.3
河合郁人,5.0,3.6000000000000014,0,210,0,0,10.8,61.4,15.8,65
川島明,2.3000000000000007,0.8999999999999915,0,202,0,0,25.8,86.4,28.1,87.3
神田正輝,-0.20000000000000018,1.8999999999999915,0,50,0,0,6.9,75.4,6.7,77.3
カンニング竹山,-0.3000000000000007,0.29999999999999716,0,131,0,0,16.6,94,16.3,94.3
菊池風磨,2.1999999999999993,3.6999999999999886,0,210,0,0,22.8,64.4,25,68.1
岸優太,4.099999999999998,5.499999999999993,0,207,0,0,17.3,59.1,21.4,64.6
岸谷五朗,0.09999999999999964,1.0999999999999943,0,65,0,0,13.5,75.4,13.6,76.5
岸部一徳,2.8000000000000007,1.8999999999999915,0,62,0,0,19.3,86.2,22.1,88.1
北大路欣也,4.799999999999997,2.5,0,92,0,0,21.6,87.6,26.4,90.1
北村一輝,-1.5,2.799999999999997,0,153,0,0,27.3,83,25.8,85.8
北村匠海,3.0,6.0,0,195,0,0,21.8,68,24.8,74
北村有起哉,1.3999999999999995,5.599999999999994,0,72,0,0,5.7,43.2,7.1,48.8
北山宏光,0.5,1.8000000000000043,0,93,0,0,4.6,58.4,5.1,60.2
吉川晃司,3.1999999999999993,-0.6000000000000085,0,152,0,0,16.8,80.2,20,79.6
木梨憲武,-2.599999999999998,0.8999999999999915,0,116,0,0,29.9,92.4,27.3,93.3
木村昴,3.0,10.5,0,210,0,0,14.3,57.3,17.3,67.8
木村拓哉,2.900000000000002,1.7000000000000028,0,210,0,0,31.3,96.5,34.2,98.2
桐谷健太,1.1999999999999993,3.1999999999999886,0,123,0,0,24.6,86.9,25.8,90.1
桐山漣,-0.40000000000000036,0.0,0,60,0,0,5,28.3,4.6,28.3
草刈正雄,1.4000000000000021,2.700000000000003,0,100,0,0,23.7,86,25.1,88.7
草彅剛,-3.200000000000003,0.09999999999999432,0,210,0,0,27.6,94.2,24.4,94.3
くっきー!,-2.5,1.0,0,205,0,0,21.1,88,18.6,89
工藤阿須加,-3.5,-2.0999999999999943,0,77,0,0,15.9,65.8,12.4,63.7
國村隼,-0.1999999999999993,3.0,0,63,0,0,16.8,78.9,16.6,81.9
窪田正孝,-2.1999999999999993,1.2000000000000028,0,184,0,0,23.4,78.8,21.2,80
黒羽麻璃央,0.20000000000000007,2.0,0,210,0,0,0.9,8.8,1.1,10.8
桑田佳祐,3.1999999999999957,1.6000000000000085,0,193,0,0,42.1,91.3,45.3,92.9
劇団ひとり,-3.400000000000002,0.0,0,210,0,0,30.3,94,26.9,94
ケンドーコバヤシ,0.3000000000000007,0.0,0,107,0,0,22.7,91.9,23,91.9
小池徹平,-0.9000000000000004,3.200000000000003,0,116,0,0,15.9,83.7,15,86.9
小泉孝太郎,-1.0,1.1000000000000085,0,124,0,0,21.9,91.3,20.9,92.4
郷ひろみ,2.5,1.0999999999999943,0,194,0,0,15,92.4,17.5,93.5
高良健吾,2.299999999999999,5.200000000000003,0,75,0,0,8.3,48.8,10.6,54
国分太一,-2.3000000000000007,1.0999999999999943,0,210,0,0,24.6,92.9,22.3,94
児嶋一哉,0.5,1.5999999999999943,0,73,0,0,26.4,89.2,26.9,90.8
小関裕太,1.1,2.700000000000003,0,102,0,0,3.9,34.5,5,37.2
小瀧望,1.1999999999999997,1.4000000000000021,0,115,0,0,3.4,23.7,4.6,25.1
小手伸也,0.40000000000000036,2.799999999999997,0,72,0,0,13.1,71.7,13.5,74.5
後藤輝基,1.6999999999999993,3.3999999999999915,0,85,0,0,20.2,86.7,21.9,90.1
小峠英二,2.200000000000003,1.1000000000000085,0,165,0,0,32,94.3,34.2,95.4
小林薫,3.1999999999999993,4.099999999999994,0,181,0,0,13.3,69.9,16.5,74
小日向文世,3.200000000000003,3.0999999999999943,0,79,0,0,29.9,86.5,33.1,89.6
駒木根葵汰,-0.29999999999999993,-0.10000000000000009,0,72,0,0,0.7,3.5,0.4,3.4
小宮浩信,0.1999999999999993,3.5,0,70,0,0,10.4,72.4,10.6,75.9
小宮璃央,0.7999999999999999,1.200000000000001,0,119,0,0,0.4,7.6,1.2,8.8
小籔千豊,-3.6000000000000014,-0.5,0,204,0,0,16.3,88.5,12.7,88
今野浩喜,-0.9000000000000004,2.200000000000003,0,54,0,0,8.5,68.8,7.6,71
斎藤工,-1.1999999999999993,0.29999999999999716,0,210,0,0,29,88.7,27.8,89
堺正章,0.0,-0.3999999999999915,0,65,0,0,15.2,93.3,15.2,92.9
堺雅人,-2.299999999999997,0.0,0,143,0,0,33.3,89.9,31,89.9
坂上忍,-2.5,0.09999999999999432,0,155,0,0,13.3,94.9,10.8,95
坂口健太郎,3.900000000000002,2.1000000000000085,0,203,0,0,21.9,79.1,25.8,81.2
櫻井海音,-0.40000000000000013,3.5,0,128,0,0,1.8,8.5,1.4,12
櫻井翔,-0.6999999999999957,0.5999999999999943,0,210,0,0,36.8,95.9,36.1,96.5
桜田通,0.40000000000000013,0.1999999999999993,0,85,0,0,1.2,11.3,1.6,11.5
佐々木蔵之介,-0.20000000000000284,3.8999999999999915,0,210,0,0,24.1,81.2,23.9,85.1
笹野高史,-0.7000000000000028,1.9000000000000057,0,72,0,0,25.1,87.1,24.4,89
佐藤寛太,-1.4,-2.0,0,88,0,0,1.9,13.3,0.5,11.3
佐藤浩市,0.0,1.8000000000000114,0,110,0,0,25.1,84.6,25.1,86.4
佐藤勝利,0.5,4.799999999999997,0,210,0,0,10.1,46.5,10.6,51.3
佐藤二朗,3.3000000000000007,0.5,0,208,0,0,30.3,86.4,33.6,86.9
佐藤大樹,-0.6000000000000001,-1.0999999999999996,0,194,0,0,1.8,14.7,1.2,13.6
佐藤健,2.0,6.200000000000003,0,210,0,0,35.9,80.7,37.9,86.9
佐藤隆太,2.3000000000000007,1.0999999999999943,0,78,0,0,21.8,88.5,24.1,89.6
佐野史郎,-0.5,4.3999999999999915,0,69,0,0,11.3,81.4,10.8,85.8
佐野勇斗,0.5,-3.1000000000000014,0,197,0,0,8,38.9,8.5,35.8
澤部佑,2.0,0.0,0,108,0,0,25.1,93.5,27.1,93.5
沢村一樹,-1.1999999999999993,1.6000000000000085,0,148,0,0,28.3,85.1,27.1,86.7
サンシャイン池崎,0.29999999999999716,0.0,0,102,0,0,21.1,91.5,21.4,91.5
椎名桔平,1.2000000000000028,4.6000000000000085,0,65,0,0,20.9,79.1,22.1,83.7
重岡大毅,1.3999999999999995,0.19999999999999574,0,125,0,0,6.7,49.7,8.1,49.9
志尊淳,0.6999999999999993,2.4000000000000057,0,210,0,0,16.6,67.3,17.3,69.7
設楽統,1.2000000000000028,1.0999999999999943,0,111,0,0,34,92.2,35.2,93.3
清水尋也,0.0,0.40000000000000213,0,95,0,0,1.4,18.9,1.4,19.3
春風亭昇太,4.400000000000002,2.299999999999997,0,71,0,0,11.7,86.2,16.1,88.5
城島茂,-3.0,1.6000000000000085,0,128,0,0,28.1,92.6,25.1,94.2
笑福亭鶴瓶,-4.5,-0.5,0,210,0,0,34.9,97,30.4,96.5
白濱亜嵐,-2.4000000000000004,-1.8999999999999986,0,210,0,0,8.8,53.8,6.4,51.9
城田優,0.5999999999999996,3.200000000000003,0,130,0,0,12,80.7,12.6,83.9
神宮寺勇太,-0.7999999999999998,7.600000000000001,0,183,0,0,8.1,39.1,7.3,46.7
陣内孝則,-2.700000000000001,2.299999999999997,0,58,0,0,18.6,83.7,15.9,86
陣内智則,-1.8999999999999986,0.6999999999999886,0,139,0,0,21.2,92.9,19.3,93.6
須賀健太,-1.4000000000000004,4.100000000000001,0,85,0,0,6.9,46.9,5.5,51
杉浦太陽,-1.2000000000000002,4.0,0,189,0,0,7.4,76.5,6.2,80.5
杉野遥亮,2.8999999999999986,2.299999999999997,0,210,0,0,11.3,40.7,14.2,43
杉本哲太,0.1999999999999993,6.0,0,63,0,0,13.3,76.8,13.5,82.8
鈴鹿央士,6.9,13.899999999999999,0,201,0,0,4.6,33.5,11.5,47.4
鈴木浩介,2.0,6.5,0,73,0,0,9.7,59.5,11.7,66
鈴木仁,0.09999999999999987,0.0,0,182,0,0,1.8,8.8,1.9,8.8
鈴木伸之,-0.1999999999999993,4.700000000000003,0,169,0,0,11.2,35.8,11,40.5
鈴木福,2.5,0.5,0,196,0,0,21.4,88.3,23.9,88.8
鈴木亮平,5.300000000000004,4.200000000000003,0,210,0,0,34.3,85,39.6,89.2
菅田将暉,3.3000000000000043,0.5,0,210,0,0,33.3,92.2,36.6,92.7
駿河太郎,0.0,2.8999999999999986,0,53,0,0,6.5,48.1,6.5,51
関口メンディー,-1.1999999999999993,-3.0,0,140,0,0,17.5,84.6,16.3,81.6
関根勤,-3.6000000000000014,-0.5,0,122,0,0,28,93.1,24.4,92.6
瀬戸康史,1.0,3.8999999999999986,0,190,0,0,14.2,62.1,15.2,66
染谷将太,0.5999999999999996,6.900000000000006,0,119,0,0,6.7,54.3,7.3,61.2
反町隆史,-1.1999999999999993,1.7999999999999972,0,116,0,0,29.2,87.8,28,89.6
DAIGO,-4.0,-0.5999999999999943,0,210,0,0,33.6,95.6,29.6,95
醍醐虎汰朗,-0.09999999999999998,3.1999999999999997,0,101,0,0,0.5,3.9,0.4,7.1
髙嶋政宏,0.5,3.0,0,59,0,0,7.3,78.4,7.8,81.4
高杉真宙,3.3999999999999986,10.200000000000003,0,208,0,0,8.3,35.8,11.7,46
高田純次,1.3999999999999986,3.0,0,70,0,0,32.6,87.4,34,90.4
高橋一生,-1.7000000000000028,1.9000000000000057,0,175,0,0,28.1,87.3,26.4,89.2
髙橋海人,4.200000000000001,8.700000000000003,0,199,0,0,11.2,49.9,15.4,58.6
高橋克典,1.3999999999999986,4.6000000000000085,0,152,0,0,21.6,82.8,23,87.4
高橋克実,2.6000000000000014,2.5,0,81,0,0,22.7,87.6,25.3,90.1
高橋茂雄,3.400000000000002,0.7000000000000028,0,193,0,0,21.9,91.7,25.3,92.4
高橋英樹,2.0999999999999996,2.5,0,189,0,0,15.6,87.4,17.7,89.9
高橋文哉,4.800000000000001,6.400000000000002,0,198,0,0,6,18.2,10.8,24.6
高橋光臣,1.0999999999999996,2.5,0,43,0,0,3.7,19.3,4.8,21.8
滝藤賢一,3.6999999999999993,8.599999999999994,0,91,0,0,19.5,74.2,23.2,82.8
武井壮,-3.9000000000000004,0.9000000000000057,0,104,0,0,17,91,13.1,91.9
竹内涼真,0.7000000000000028,6.400000000000006,0,168,0,0,23.4,82.3,24.1,88.7
武田鉄矢,-1.799999999999999,1.2999999999999972,0,82,0,0,17.7,92.9,15.9,94.2
竹中直人,-1.8999999999999986,2.799999999999997,0,141,0,0,29.9,86.4,28,89.2
竹野内豊,6.899999999999999,4.6000000000000085,0,146,0,0,31,84.1,37.9,88.7
舘ひろし,-3.0,2.1000000000000085,0,91,0,0,26,87.3,23,89.4
田中圭,-1.0,3.9000000000000057,0,210,0,0,25.1,85.1,24.1,89
田中卓志,-2.3000000000000007,0.9000000000000057,0,135,0,0,26,94.3,23.7,95.2
田中直樹,0.8000000000000007,0.9000000000000057,0,193,0,0,18.8,92,19.6,92.9
田中将大,-5.800000000000001,0.0,0,187,0,0,24.2,88.5,18.4,88.5
田中裕二,-1.8000000000000007,1.5999999999999943,0,143,0,0,16.8,92,15,93.6
田中要次,2.5,5.599999999999994,0,109,0,0,11.7,80.2,14.2,85.8
田辺誠一,-0.6999999999999993,3.3999999999999915,0,66,0,0,11.5,69.2,10.8,72.6
谷原章介,1.5999999999999996,4.6000000000000085,0,149,0,0,13.6,79.6,15.2,84.2
玉木宏,3.6999999999999993,2.8999999999999915,0,117,0,0,28.3,87.4,32,90.3
玉森裕太,4.6,7.799999999999997,0,210,0,0,11,67.8,15.6,75.6
玉山鉄二,-0.5,2.0999999999999943,0,62,0,0,11.5,65.5,11,67.6
田村淳,-2.0,0.9000000000000057,0,201,0,0,19.5,92.6,17.5,93.5
タモリ,-2.700000000000003,0.0,0,210,0,0,42.7,96.6,40,96.6
知念侑李,-0.9000000000000004,0.7000000000000028,0,93,0,0,9,64.8,8.1,65.5
千葉雄大,-2.8000000000000007,1.7000000000000028,0,202,0,0,18.6,73.5,15.8,75.2
千原ジュニア,-1.0,0.0,0,210,0,0,18.9,93.8,17.9,93.8
塚地武雅,6.100000000000001,2.799999999999997,0,76,0,0,15,88,21.1,90.8
塚本高史,-0.5,2.1000000000000085,0,64,0,0,8.1,64.1,7.6,66.2
津田寛治,0.39999999999999947,1.6000000000000014,0,67,0,0,6.7,53.8,7.1,55.4
津田健次郎,2.9000000000000004,11.000000000000004,0,201,0,0,9,24.2,11.9,35.2
土田晃之,-2.5,0.5,0,76,0,0,17.2,89.9,14.7,90.4
堤真一,0.29999999999999716,0.9000000000000057,0,126,0,0,37,90.1,37.3,91
妻夫木聡,4.799999999999997,3.0,0,210,0,0,29,87.1,33.8,90.1
つるの剛士,0.9000000000000004,1.0999999999999943,0,210,0,0,9.9,89.9,10.8,91
ディーン・フジオカ,1.6000000000000014,0.7000000000000028,0,210,0,0,20.5,86.2,22.1,86.9
出川哲朗,3.200000000000003,0.5,0,176,0,0,39.8,97.2,43,97.7
寺島進,0.6999999999999993,2.0,0,72,0,0,20.2,82.1,20.9,84.1
寺田心,0.20000000000000107,-1.7000000000000028,0,183,0,0,12.7,87.4,12.9,85.7
寺脇康文,2.3000000000000007,4.1000000000000085,0,115,0,0,17.3,76.6,19.6,80.7
でんでん,1.4000000000000004,5.5,0,71,0,0,6.9,58.2,8.3,63.7
堂本光一,-0.5,1.2000000000000028,0,178,0,0,21.9,88.5,21.4,89.7
堂本剛,-0.5999999999999979,0.5,0,182,0,0,22.7,88.5,22.1,89
所ジョージ,-6.200000000000003,-1.5,0,210,0,0,47.6,98.1,41.4,96.6
トータス松本,-0.7000000000000011,4.3999999999999915,0,59,0,0,14.9,72.9,14.2,77.3
戸塚純貴,-1.6,0.0,0,69,0,0,3.9,19.6,2.3,19.6
戸次重幸,-1.6999999999999993,-0.5,0,72,0,0,12,51.5,10.3,51
豊川悦司,1.1000000000000014,4.299999999999997,0,146,0,0,18.4,77.5,19.5,81.8
内藤剛志,-1.3999999999999986,2.0999999999999943,0,74,0,0,20.7,83.4,19.3,85.5
中井貴一,1.8000000000000007,4.199999999999989,0,176,0,0,25.3,83.4,27.1,87.6
中居正広,3.5,0.4000000000000057,0,208,0,0,29.4,96.8,32.9,97.2
中尾明慶,3.9000000000000004,5.1000000000000085,0,178,0,0,12.6,75.6,16.5,80.7
中川大志,5.300000000000001,9.399999999999999,0,210,0,0,15.8,61.9,21.1,71.3
長嶋一茂,-0.29999999999999893,2.0,0,186,0,0,15.2,92.2,14.9,94.2
中島健人,0.6000000000000014,1.5999999999999943,0,210,0,0,18.2,75.2,18.8,76.8
中島裕翔,0.5,2.0999999999999943,0,180,0,0,12.6,55.2,13.1,57.3
永瀬正敏,0.9000000000000004,1.8000000000000043,0,65,0,0,5.8,60.9,6.7,62.7
永瀬廉,5.999999999999998,11.700000000000003,0,203,0,0,11.9,54.7,17.9,66.4
中田圭祐,0.40000000000000013,-1.9000000000000004,0,106,0,0,0.7,8.8,1.1,6.9
仲野太賀,-0.1999999999999993,1.2000000000000028,0,147,0,0,20.2,51.9,20,53.1
中丸雄一,-0.8999999999999986,2.5,0,159,0,0,23.9,81.9,23,84.4
中村勘九郎,-0.20000000000000018,1.7999999999999972,0,83,0,0,8,78.4,7.8,80.2
中村獅童,0.6999999999999993,4.5,0,174,0,0,9.4,85.1,10.1,89.6
中村俊介,-1.1000000000000005,-1.4000000000000057,0,119,0,0,6.9,66.5,5.8,65.1
仲村トオル,-1.3999999999999986,4.3999999999999915,0,180,0,0,24.4,80.7,23,85.1
中村倫也,-2.3000000000000007,3.700000000000003,0,186,0,0,28.3,77.2,26,80.9
中村隼人,-0.19999999999999996,5.700000000000001,0,196,0,0,0.7,13.6,0.5,19.3
中村雅俊,1.700000000000001,7.599999999999994,0,83,0,0,15.6,75.2,17.3,82.8
永山瑛太,-1.5,2.299999999999997,0,120,0,0,19.6,70.4,18.1,72.7
永山絢斗,-0.3000000000000007,4.600000000000001,0,91,0,0,8.8,44.8,8.5,49.4
中山秀征,-1.299999999999999,1.1000000000000085,0,115,0,0,14.2,90.8,12.9,91.9
名倉潤,-0.8000000000000007,2.299999999999997,0,76,0,0,18.1,89.4,17.3,91.7
生瀬勝久,0.3000000000000007,1.6000000000000085,0,63,0,0,23.9,82.8,24.2,84.4
成田凌,-2.0,-2.1999999999999957,0,149,0,0,14.7,63.4,12.7,61.2
南原清隆,-1.200000000000001,4.0,0,104,0,0,15.9,88,14.7,92
錦織圭,-8.100000000000001,2.0,0,127,0,0,24.6,90.4,16.5,92.4
西島秀俊,6.899999999999999,6.400000000000006,0,207,0,0,34.5,79.8,41.4,86.2
西田敏行,-1.6000000000000014,1.0,0,72,0,0,33.5,91,31.9,92
西畑大吾,0.7000000000000002,2.6000000000000014,0,152,0,0,5.5,35.8,6.2,38.4
西村まさ彦,-1.799999999999999,2.4000000000000057,0,52,0,0,17.7,73.5,15.9,75.9
二宮和也,-1.2999999999999972,1.0999999999999943,0,210,0,0,36.5,95.2,35.2,96.3
温水洋一,-2.1999999999999993,0.7000000000000028,0,62,0,0,20.4,87.8,18.2,88.5
野間口徹,2.0999999999999996,6.200000000000003,0,79,0,0,11,68.7,13.1,74.9
野村周平,-0.5,-0.8999999999999986,0,108,0,0,6.9,58.8,6.4,57.9
野村萬斎,0.5000000000000018,3.4000000000000057,0,112,0,0,15.6,79.1,16.1,82.5
バカリズム,-1.6999999999999957,0.20000000000000284,0,210,0,0,35.9,92.2,34.2,92.4
萩原利久,0.29999999999999993,1.1000000000000014,0,176,0,0,0.9,12.2,1.2,13.3
はじめしゃちょー,-5.1000000000000005,0.5999999999999943,0,210,0,0,12.9,63.5,7.8,64.1
長谷川博己,-1.6000000000000014,2.1999999999999886,0,75,0,0,16.8,67.4,15.2,69.6
羽鳥慎一,-0.8999999999999986,-0.9000000000000057,0,134,0,0,26,91.5,25.1,90.6
羽生結弦,-2.799999999999997,0.0,0,210,0,0,34.3,95.8,31.5,95.8
濱正悟,-0.09999999999999998,-0.40000000000000036,0,56,0,0,0.5,5,0.4,4.6
濱田岳,4.599999999999998,3.0,0,161,0,0,25.1,84.4,29.7,87.4
濱田龍臣,1.0,0.6999999999999957,0,84,0,0,4.8,50.1,5.8,50.8
浜田雅功,-0.8999999999999986,2.1000000000000085,0,210,0,0,36.8,96.3,35.9,98.4
浜野謙太,-1.0,-1.2999999999999972,0,60,0,0,8.1,50.3,7.1,49
林修,-5.0,-0.7000000000000028,0,152,0,0,21.1,95,16.1,94.3
林遣都,-0.6999999999999993,5.900000000000006,0,150,0,0,13.1,65.1,12.4,71
速水もこみち,-1.8000000000000007,1.9000000000000057,0,70,0,0,15.4,91,13.6,92.9
原田泰造,2.3000000000000007,2.1000000000000085,0,140,0,0,31.2,92.6,33.5,94.7
原田龍二,-1.9000000000000004,1.5999999999999943,0,84,0,0,9.9,74.9,8,76.5
はるな愛,-1.3000000000000007,1.7999999999999972,0,93,0,0,13.5,92,12.2,93.8
坂東龍汰,0.8999999999999999,0.1999999999999993,0,97,0,0,1.6,11.5,2.5,11.7
HIKAKIN,-5.300000000000001,-1.0999999999999943,0,210,0,0,19.8,88.5,14.5,87.4
東野幸治,0.0,2.299999999999997,0,153,0,0,15.9,94,15.9,96.3
東山紀之,-3.8000000000000007,1.2000000000000028,0,105,0,0,22.7,91,18.9,92.2
ビートたけし,-6.599999999999998,-0.7000000000000028,0,210,0,0,32.4,97.5,25.8,96.8
ビビる大木,-1.3000000000000007,-0.4000000000000057,0,65,0,0,11.9,89.4,10.6,89
日村勇紀,2.1999999999999957,-0.20000000000000284,0,125,0,0,36.6,96.8,38.8,96.6
平泉成,0.0,-0.5,0,48,0,0,15.9,85.5,15.9,85
平岡祐太,1.2000000000000002,3.8999999999999986,0,69,0,0,4.8,41.4,6,45.3
平野紫耀,8.0,6.700000000000003,0,210,0,0,26.5,69.6,34.5,76.3
平山浩行,0.8999999999999995,5.100000000000001,0,49,0,0,6.2,41.6,7.1,46.7
ヒロミ,-0.1999999999999993,1.0999999999999943,0,210,0,0,26.2,94.7,26,95.8
吹越満,-0.7999999999999998,2.3000000000000043,0,65,0,0,7.3,56.8,6.5,59.1
福澤朗,-1.0,-0.4000000000000057,0,44,0,0,11.3,86.9,10.3,86.5
福士蒼汰,0.9000000000000021,-0.4000000000000057,0,100,0,0,23.7,85.7,24.6,85.3
福山雅治,3.200000000000003,1.5,0,207,0,0,34.9,93.5,38.1,95
藤井隆,0.3000000000000007,1.8999999999999915,0,167,0,0,20.2,80.4,20.5,82.3
藤井流星,1.5999999999999996,-0.6999999999999957,0,170,0,0,3.7,41.4,5.3,40.7
藤岡弘、,-1.6999999999999993,-0.20000000000000284,0,117,0,0,18.9,88.3,17.2,88.1
藤ヶ谷太輔,1.9000000000000004,6.200000000000003,0,195,0,0,11.2,67.1,13.1,73.3
藤木直人,-3.099999999999998,2.0999999999999943,0,192,0,0,24.2,79.5,21.1,81.6
藤森慎吾,-1.5999999999999996,0.5,0,184,0,0,15.9,86.9,14.3,87.4
藤原大祐,0.7,0.2999999999999998,0,81,0,0,0.2,4.8,0.9,5.1
藤原竜也,-0.9000000000000021,0.0,0,197,0,0,30.8,93.8,29.9,93.8
船越英一郎,-1.0999999999999996,1.7000000000000028,0,91,0,0,11.2,87.3,10.1,89
古川雄輝,-0.8999999999999999,-2.6999999999999993,0,60,0,0,3.4,25.7,2.5,23
古川雄大,0.0,-0.8999999999999986,0,140,0,0,3.7,18.4,3.7,17.5
古田新太,-0.3000000000000007,1.5999999999999943,0,196,0,0,23.7,86.7,23.4,88.3
古舘伊知郎,-3.0,0.20000000000000284,0,77,0,0,12.6,86.2,9.6,86.4
別所哲也,-1.3999999999999986,3.5,0,69,0,0,9.7,71.7,8.3,75.2
星野源,-2.1000000000000014,0.9000000000000057,0,210,0,0,32,93.3,29.9,94.2
細田佳央太,1.4000000000000004,2.8999999999999986,0,210,0,0,2.8,17.3,4.2,20.2
堀内健,-2.0,-0.5,0,66,0,0,19.5,91.3,17.5,90.8
本郷奏多,-1.0999999999999996,3.0,0,64,0,0,8.7,44.6,7.6,47.6
毎熊克哉,0.5,-1.200000000000001,0,82,0,0,1.4,14.3,1.9,13.1
眞栄田郷敦,2.6999999999999993,5.800000000000004,0,193,0,0,11.3,52.4,14,58.2
前野朋哉,1.0999999999999996,3.9000000000000057,0,68,0,0,3,39.8,4.1,43.7
マキタスポーツ,-0.20000000000000018,4.200000000000003,0,185,0,0,6.7,49.4,6.5,53.6
眞島秀和,1.5999999999999996,2.1000000000000014,0,86,0,0,6,40.9,7.6,43
又吉直樹,0.0,1.6000000000000085,0,134,0,0,19.6,93.1,19.6,94.7
町田啓太,3.9000000000000004,14.700000000000003,0,191,0,0,10.4,31,14.3,45.7
松岡修造,-0.6999999999999993,-1.2000000000000028,0,165,0,0,28,95.2,27.3,94
松岡昌宏,-2.6999999999999993,1.3999999999999915,0,193,0,0,26.2,92.4,23.5,93.8
マツコ・デラックス,-1.6000000000000014,0.30000000000001137,0,210,0,0,52.6,98.6,51,98.9
松坂桃李,0.6000000000000014,2.0,0,210,0,0,33.6,90.6,34.2,92.6
松重豊,5.600000000000001,1.8000000000000114,0,176,0,0,34.9,87.6,40.5,89.4
松下洸平,3.3999999999999986,8.100000000000001,0,207,0,0,13.8,49.4,17.2,57.5
松田翔太,-0.6999999999999993,3.1999999999999886,0,117,0,0,20,81.9,19.3,85.1
松田龍平,-1.8000000000000007,2.0,0,117,0,0,16.3,82.1,14.5,84.1
松平健,-2.6000000000000014,2.3000000000000114,0,147,0,0,19.8,88.1,17.2,90.4
松丸亮吾,-4.399999999999999,0.5,0,110,0,0,17.7,80.2,13.3,80.7
松村北斗,5.5,2.799999999999997,0,210,0,0,7.6,34,13.1,36.8
松本幸四郎,0.8999999999999995,2.3999999999999915,0,187,0,0,7.8,77.2,8.7,79.6
松本潤,-4.099999999999994,0.29999999999999716,0,198,0,0,36.3,94.7,32.2,95
松本人志,1.2999999999999972,1.4000000000000057,0,210,0,0,40.5,97.5,41.8,98.9
松山ケンイチ,-3.0,4.599999999999994,0,178,0,0,25.5,86.7,22.5,91.3
的場浩司,-3.0,2.0,0,80,0,0,15.6,86.5,12.6,88.5
間宮祥太朗,-1.6999999999999993,2.299999999999997,0,210,0,0,19.8,65.5,18.1,67.8
丸山隆平,-1.3999999999999986,-5.300000000000004,0,81,0,0,12.7,66.4,11.3,61.1
三浦知良,-1.4000000000000021,2.1000000000000085,0,180,0,0,24.1,88.3,22.7,90.4
三浦翔平,-3.0,-1.2999999999999972,0,210,0,0,16.3,67.8,13.3,66.5
三浦貴大,-0.5999999999999996,1.1999999999999957,0,65,0,0,4.8,43.2,4.2,44.4
三浦友和,0.40000000000000213,0.20000000000000284,0,140,0,0,18.9,82.1,19.3,82.3
水谷豊,1.1000000000000014,0.5,0,174,0,0,28.5,89.6,29.6,90.1
溝端淳平,-2.0999999999999996,5.299999999999997,0,89,0,0,14,71.5,11.9,76.8
道枝駿佑,-1.1999999999999993,3.5,0,208,0,0,14.5,48,13.3,51.5
光石研,1.799999999999999,1.6000000000000014,0,100,0,0,9.4,52,11.2,53.6
満島真之介,-2.099999999999998,2.700000000000003,0,106,0,0,18.2,70.8,16.1,73.5
峰竜太,-1.1000000000000005,1.0999999999999943,0,69,0,0,6.2,80.7,5.1,81.8
宮川大輔,0.8000000000000007,0.5,0,96,0,0,30.4,94.7,31.2,95.2
三宅弘城,0.2999999999999998,0.5999999999999943,0,59,0,0,5,41.2,5.3,41.8
三宅裕司,1.5999999999999996,2.299999999999997,0,72,0,0,11.9,82.3,13.5,84.6
宮沢氷魚,1.299999999999999,7.299999999999997,0,199,0,0,8.8,39.6,10.1,46.9
宮世琉弥,0.8000000000000003,4.4,0,201,0,0,1.9,11.9,2.7,16.3
宮根誠司,-0.7000000000000002,2.8999999999999915,0,66,0,0,6.2,86.7,5.5,89.6
向井理,-2.700000000000003,2.299999999999997,0,117,0,0,27.1,87.8,24.4,90.1
向井康二,0.7000000000000002,0.3999999999999986,0,157,0,0,6.7,34.5,7.4,34.9
六平直政,-1.3000000000000007,-0.6999999999999957,0,61,0,0,10.3,62.8,9,62.1
村上信五,3.5,1.9000000000000057,0,144,0,0,21.6,85.5,25.1,87.4
村上虹郎,2.1000000000000005,3.8999999999999986,0,87,0,0,6.2,37.9,8.3,41.8
ムロツヨシ,-2.6999999999999957,0.20000000000000284,0,140,0,0,49.4,92.7,46.7,92.9
恵俊彰,0.5,2.299999999999997,0,57,0,0,9.4,84.4,9.9,86.7
目黒蓮,14.200000000000001,24.599999999999994,0,210,0,0,10.4,40.7,24.6,65.3
望月歩,-0.40000000000000013,1.299999999999999,0,87,0,0,1.1,8.3,0.7,9.6
本木雅弘,-5.900000000000002,-0.29999999999999716,0,81,0,0,27.3,83,21.4,82.7
森崎ウィン,1.7999999999999998,4.099999999999994,0,125,0,0,4.2,35.2,6,39.3
森山未來,-1.9000000000000004,5.299999999999997,0,74,0,0,13.1,64.4,11.2,69.7
柳楽優弥,-4.100000000000001,0.9000000000000057,0,173,0,0,25.5,71.5,21.4,72.4
役所広司,-1.8999999999999986,0.5,0,158,0,0,30.4,87.1,28.5,87.6
薬丸裕英,-3.000000000000001,1.1999999999999886,0,52,0,0,10.8,86.9,7.8,88.1
矢沢永吉,-4.400000000000002,-1.2999999999999972,0,170,0,0,22.8,93.5,18.4,92.2
八嶋智人,-2.3000000000000007,1.4000000000000057,0,66,0,0,25.3,82.1,23,83.5
安田顕,5.0,1.9000000000000057,0,201,0,0,27.4,80,32.4,81.9
安田章大,-0.9000000000000004,-2.8000000000000043,0,162,0,0,7.4,57.7,6.5,54.9
柳沢慎吾,-1.8999999999999986,-0.7000000000000028,0,62,0,0,29.9,92.4,28,91.7
柳葉敏郎,-2.3999999999999986,2.5999999999999943,0,79,0,0,26.5,86.2,24.1,88.8
矢部浩之,-0.1999999999999993,3.700000000000003,0,95,0,0,19.3,91.3,19.1,95
山口智充,-0.6999999999999993,1.7000000000000028,0,75,0,0,26,88,25.3,89.7
山崎育三郎,-1.1000000000000014,0.19999999999998863,0,143,0,0,21.8,72.9,20.7,73.1
山﨑賢人,1.6999999999999993,1.9000000000000057,0,157,0,0,24.8,79.5,26.5,81.4
山崎弘也,-1.6000000000000014,-0.4000000000000057,0,74,0,0,35.4,91.9,33.8,91.5
山里亮太,0.3000000000000007,-0.09999999999999432,0,201,0,0,26.4,94.3,26.7,94.2
山下健二郎,-0.9000000000000004,-0.3999999999999986,0,74,0,0,11.5,54,10.6,53.6
山下智久,0.7000000000000028,2.1999999999999886,0,199,0,0,27.4,87.4,28.1,89.6
山田孝之,0.29999999999999716,1.2000000000000028,0,168,0,0,35.6,89.6,35.9,90.8
山田裕貴,5.0,5.5,0,210,0,0,19.1,63.5,24.1,69
山田涼介,1.3999999999999986,8.099999999999994,0,210,0,0,18.8,73.5,20.2,81.6
山中崇,1.1,2.5,0,63,0,0,3.9,39.3,5,41.8
山本耕史,6.9,4.799999999999997,0,192,0,0,13.1,79.8,20,84.6
矢本悠馬,0.5,-1.7999999999999972,0,73,0,0,7.1,43.4,7.6,41.6
結木滉星,0.40000000000000013,2.3000000000000007,0,120,0,0,0.7,7.1,1.1,9.4
ゆうたろう,1.2000000000000002,-4.6,0,88,0,0,0.9,15.9,2.1,11.3
ユースケ・サンタマリア,-3.5,1.2000000000000028,0,89,0,0,20.7,88,17.2,89.2
横浜流星,-2.599999999999998,0.0,0,210,0,0,29.7,82.1,27.1,82.1
横山だいすけ,-1.0000000000000018,-1.1999999999999957,0,63,0,0,16.6,56.8,15.6,55.6
横山裕,-1.299999999999999,1.4000000000000057,0,191,0,0,14.2,73.6,12.9,75
吉岡秀隆,2.5,5.299999999999997,0,140,0,0,12.7,70.3,15.2,75.6
吉沢亮,4.599999999999998,5.299999999999997,0,210,0,0,25.8,71.9,30.4,77.2
吉田鋼太郎,-2.8999999999999986,-2.8999999999999915,0,209,0,0,28.7,90.3,25.8,87.4
吉村崇,-0.5,-0.9000000000000057,0,110,0,0,17.7,83.9,17.2,83
竜星涼,3.0,10.799999999999997,0,210,0,0,5.1,25,8.1,35.8
リリー・フランキー,-0.6999999999999993,1.7999999999999972,0,128,0,0,17.3,80.9,16.6,82.7
六角精児,-0.9000000000000021,1.2000000000000028,0,67,0,0,22.8,84.6,21.9,85.8
若林正恭,-1.8999999999999986,-0.7000000000000028,0,161,0,0,35,90.8,33.1,90.1
渡辺いっけい,2.1000000000000014,4.3999999999999915,0,59,0,0,11.7,72.4,13.8,76.8
渡邊圭祐,-1.5,-2.0,0,144,0,0,5.7,24.8,4.2,22.8
渡辺謙,0.3999999999999986,2.299999999999997,0,156,0,0,23,87.4,23.4,89.7
渡辺大知,-0.20000000000000018,-0.20000000000000284,0,156,0,0,2.5,18.6,2.3,18.4
渡部篤郎,3.599999999999998,7.6000000000000085,0,68,0,0,19.1,76.3,22.7,83.9
EXIT,-1.1999999999999993,-0.6999999999999886,0,210,0,0,32,88.1,30.8,87.4
おぎやはぎ,-4.899999999999999,0.0,0,186,0,0,32,93.1,27.1,93.1
かまいたち,-0.6000000000000014,-1.4000000000000057,0,210,0,0,37.9,94,37.3,92.6
さまぁ〜ず,-3.5,1.3999999999999915,0,210,0,0,36.6,92.9,33.1,94.3
サンドウィッチマン_(お笑いコンビ),2.6000000000000085,0.19999999999998863,0,85,0,0,64.8,97.9,67.4,98.1
JO1,1.5999999999999996,2.5,0,210,0,0,2.5,37.5,4.1,40
シソンヌ,3.1000000000000014,2.6000000000000014,0,205,0,0,20.4,63.9,23.5,66.5
霜降り明星,1.8000000000000007,-1.3999999999999915,0,209,0,0,20.9,88.1,22.7,86.7
タカアンドトシ,-0.8999999999999986,-0.29999999999999716,0,79,0,0,40,95,39.1,94.7
千鳥,0.7000000000000028,-1.0999999999999943,0,210,0,0,50.8,96.5,51.5,95.4
チョコレートプラネット,-0.8999999999999986,0.3999999999999915,0,194,0,0,41.8,89.7,40.9,90.1
ティモンディ,-1.7999999999999972,5.099999999999994,0,209,0,0,20.9,75.4,19.1,80.5
ナイツ,0.0,-0.5,0,210,0,0,34.5,89,34.5,88.5
錦鯉,-1.6000000000000014,1.7999999999999972,0,210,0,0,21.8,88.3,20.2,90.1
博多華丸・大吉,2.1000000000000014,1.1000000000000085,0,185,0,0,44.4,93.1,46.5,94.2
ブラックマヨネーズ,-2.0,-0.6000000000000085,0,111,0,0,24.1,91.2,22.1,90.6
ぺこぱ,-2.799999999999997,0.8999999999999915,0,210,0,0,23.9,88.7,21.1,89.6
ミキ,-1.8000000000000007,-1.7999999999999972,0,210,0,0,18.8,83.2,17,81.4
ミルクボーイ,1.4000000000000004,-1.2000000000000028,0,210,0,0,13.5,83.7,14.9,82.5
四千頭身,0.5,-0.30000000000001137,0,136,0,0,16.5,78.4,17,78.1
和牛,-0.1999999999999993,-1.0,0,210,0,0,14,74.3,13.8,73.3
相武紗季,-3.1999999999999993,-0.5,0,109,0,0,20,77.5,16.8,77
蒼井優,-1.4000000000000021,-1.9000000000000057,0,142,0,0,27.8,89.9,26.4,88
葵わかな,-0.7000000000000002,4.800000000000004,0,123,0,0,6.7,42.8,6,47.6
秋田汐梨,0.29999999999999993,0.8000000000000003,0,64,0,0,0.4,1.9,0.7,2.7
秋元梢,0.2999999999999998,0.0,0,63,0,0,2.5,46.9,2.8,46.9
浅川梨奈,-0.40000000000000013,-0.40000000000000036,0,92,0,0,1.8,5.7,1.4,5.3
浅田舞,2.299999999999999,-1.2000000000000028,0,113,0,0,10.4,81.9,12.7,80.7
浅田真央,-3.5,1.3999999999999915,0,197,0,0,38.2,95.9,34.7,97.3
浅田美代子,-1.4000000000000004,-0.19999999999998863,0,111,0,0,12.9,70.1,11.5,69.9
浅野ゆう子,-1.0,2.0,0,61,0,0,15.9,77.3,14.9,79.3
朝日奈央,0.9000000000000021,3.700000000000003,0,144,0,0,24.2,69.2,25.1,72.9
朝比奈彩,2.0999999999999996,7.199999999999999,0,106,0,0,3.2,19.3,5.3,26.5
芦田愛菜,-0.9000000000000057,1.1000000000000085,0,186,0,0,46.7,94.3,45.8,95.4
麻生久美子,0.40000000000000213,2.5999999999999943,0,69,0,0,18.4,63.2,18.8,65.8
麻生祐未,-0.5999999999999996,-1.3999999999999986,0,30,0,0,9.4,41.9,8.8,40.5
安達祐実,2.0,-1.2999999999999972,0,197,0,0,21.2,88,23.2,86.7
足立梨花,1.5999999999999996,4.6000000000000085,0,186,0,0,13.1,65.3,14.7,69.9
天海祐希,0.6999999999999957,-0.29999999999999716,0,132,0,0,49.7,91.3,50.4,91
綾瀬はるか,-0.6999999999999957,0.5,0,210,0,0,58.8,95.4,58.1,95.9
新井恵理那,1.1000000000000014,3.0,0,156,0,0,12.2,43.5,13.3,46.5
新垣結衣,-2.5,0.9000000000000057,0,204,0,0,54.5,92,52,92.9
新木優子,3.6999999999999993,4.600000000000001,0,190,0,0,17.7,59.6,21.4,64.2
有村架純,3.0,2.200000000000003,0,210,0,0,38.1,86.5,41.1,88.7
杏,-5.0,-1.2000000000000028,0,210,0,0,40.9,92,35.9,90.8
アンミカ,7.100000000000001,0.5,0,209,0,0,20.7,92.6,27.8,93.1
安藤サクラ,5.300000000000001,8.099999999999994,0,156,0,0,20,65.7,25.3,73.8
飯豊まりえ,-0.7000000000000011,2.299999999999997,0,207,0,0,12.9,44.1,12.2,46.4
井川遥,0.9000000000000021,2.5,0,108,0,0,23.9,73.3,24.8,75.8
生田絵梨花,4.1,5.299999999999997,0,198,0,0,11.5,51,15.6,56.3
池田エライザ,3.1999999999999993,5.500000000000007,0,180,0,0,14.3,60.9,17.5,66.4
井桁弘恵,0.2999999999999998,7.800000000000001,0,136,0,0,5.5,18.4,5.8,26.2
池田美優,0.9000000000000021,0.0,0,150,0,0,20.2,87.4,21.1,87.4
池間夏海,0.19999999999999996,1.3000000000000003,0,21,0,0,0.5,1.9,0.7,3.2
池脇千鶴,2.1000000000000005,2.200000000000003,0,25,0,0,7.8,49,9.9,51.2
生駒里奈,-2.999999999999999,1.0,0,84,0,0,9.2,53.3,6.2,54.3
石井杏奈,-1.0,1.0,0,127,0,0,7.4,26.4,6.4,27.4
石川恋,-0.5,3.0,0,173,0,0,2.1,10.3,1.6,13.3
石田ニコル,-1.4,3.3000000000000007,0,79,0,0,3.9,25.7,2.5,29
石田ひかり,-1.8999999999999986,0.5999999999999943,0,81,0,0,12.7,67.4,10.8,68
石田ゆり子,0.9000000000000057,-1.3999999999999915,0,191,0,0,39.8,81.6,40.7,80.2
石野真子,0.40000000000000036,0.29999999999999716,0,48,0,0,10.6,68.5,11,68.8
石橋静河,0.2999999999999998,2.8000000000000007,0,206,0,0,5.7,25.7,6,28.5
石原さとみ,1.6000000000000014,-1.1999999999999886,0,141,0,0,36.5,93.6,38.1,92.4
泉里香,0.6999999999999993,2.3000000000000007,0,190,0,0,6.9,29,7.6,31.3
磯野貴理子,0.0,-1.5999999999999943,0,45,0,0,14.7,87.3,14.7,85.7
磯山さやか,-2.799999999999999,0.5,0,89,0,0,18.2,68.3,15.4,68.8
板谷由夏,1.0,0.6999999999999957,0,107,0,0,7.1,38.6,8.1,39.3
市川紗椰,0.9000000000000004,0.10000000000000142,0,69,0,0,7.1,41.1,8,41.2
市川実日子,0.0,2.5,0,69,0,0,15.6,49.4,15.6,51.9
市毛良枝,1.799999999999999,0.0,0,52,0,0,9.9,60,11.7,60
いとうあさこ,-4.100000000000001,0.0,0,176,0,0,40.2,94.9,36.1,94.9
伊藤歩,0.20000000000000018,-0.5,0,76,0,0,2.3,14.3,2.5,13.8
伊藤沙莉,-1.1000000000000014,0.7000000000000028,0,198,0,0,28,60.9,26.9,61.6
稲森いずみ,-0.6999999999999993,-1.1999999999999957,0,46,0,0,15.6,65.1,14.9,63.9
井上咲楽,2.3000000000000007,2.299999999999997,0,189,0,0,9.2,71.5,11.5,73.8
井上真央,7.099999999999998,1.5999999999999943,0,197,0,0,19.8,75.2,26.9,76.8
祷キララ,-0.2,-0.09999999999999987,0,50,0,0,0.2,1.2,0,1.1
伊原六花,-0.40000000000000036,4.100000000000001,0,149,0,0,5.5,26.2,5.1,30.3
今田美桜,1.1000000000000014,3.700000000000003,0,206,0,0,26.9,61.8,28,65.5
IMALU,-0.20000000000000018,-0.20000000000000284,0,210,0,0,5.7,77.9,5.5,77.7
芋生悠,0.0,0.20000000000000018,0,55,0,0,0.7,3,0.7,3.2
井本彩花,-0.2,-0.19999999999999973,0,62,0,0,0.2,4.1,0,3.9
イモトアヤコ,1.2999999999999972,-0.20000000000000284,0,120,0,0,35.2,97.7,36.5,97.5
井森美幸,2.3000000000000007,-0.7000000000000028,0,66,0,0,20.9,86.5,23.2,85.8
上戸彩,-2.700000000000003,1.3999999999999915,0,192,0,0,37,91.7,34.3,93.1
上野樹里,-1.3000000000000007,-2.299999999999997,0,197,0,0,28.7,79.5,27.4,77.2
宇賀なつみ,-0.9000000000000004,1.1000000000000014,0,74,0,0,6.2,39.6,5.3,40.7
宇垣美里,1.4000000000000004,-1.2000000000000028,0,124,0,0,4.8,32.2,6.2,31
臼田あさ美,-3.2,-1.8000000000000007,0,67,0,0,6.7,30.8,3.5,29
宇多田ヒカル,0.3999999999999986,1.4000000000000057,0,210,0,0,39.1,93.5,39.5,94.9
内田有紀,-0.6999999999999993,-0.4000000000000057,0,120,0,0,32,80,31.3,79.6
内田理央,1.0,3.6000000000000014,0,191,0,0,5.7,36.6,6.7,40.2
内山理名,1.5999999999999996,-1.4000000000000057,0,81,0,0,8.3,60.7,9.9,59.3
榮倉奈々,1.5999999999999979,-0.8000000000000114,0,210,0,0,28.1,81.9,29.7,81.1
江口のりこ,-4.100000000000001,-1.7999999999999972,0,126,0,0,27.8,73.5,23.7,71.7
蛯原友里,-2.8999999999999986,1.3999999999999915,0,105,0,0,11.2,69.9,8.3,71.3
大久保佳代子,1.0999999999999979,-0.20000000000000284,0,158,0,0,31.3,93.5,32.4,93.3
大坂なおみ,-1.3999999999999986,0.0,0,202,0,0,17.9,96.8,16.5,96.8
大沢あかね,1.4000000000000004,1.1000000000000085,0,108,0,0,9.9,76.6,11.3,77.7
大島美幸,3.0,1.8000000000000114,0,71,0,0,24.6,93.1,27.6,94.9
大島優子,-3.200000000000003,1.4000000000000057,0,143,0,0,22.1,87.6,18.9,89
大竹しのぶ,0.9000000000000021,-1.7000000000000028,0,193,0,0,20.7,92,21.6,90.3
大塚寧々,2.5999999999999996,-1.2999999999999972,0,71,0,0,15.6,71,18.2,69.7
大友花恋,-0.9000000000000001,5.5,0,94,0,0,2.7,17,1.8,22.5
大野いと,0.7,0.1999999999999993,0,36,0,0,1.1,13.8,1.8,14
大原櫻子,-3.0999999999999996,1.1999999999999957,0,184,0,0,7.3,41.6,4.2,42.8
大政絢,0.29999999999999893,1.8999999999999986,0,108,0,0,10.3,53.5,10.6,55.4
岡崎紗絵,-1.3000000000000007,-0.7000000000000011,0,121,0,0,6.4,15.4,5.1,14.7
岡副麻希,-0.9000000000000004,-3.1999999999999957,0,61,0,0,6.2,41.4,5.3,38.2
岡田結実,0.40000000000000036,-0.29999999999999716,0,104,0,0,12.7,73.6,13.1,73.3
岡本夏美,0.20000000000000007,1.6999999999999997,0,52,0,0,0.7,3.4,0.9,5.1
岡本玲,0.2999999999999998,0.0,0,75,0,0,2.5,31.3,2.8,31.3
小川紗良,-0.3,0.2999999999999998,0,7,0,0,0.5,2.7,0.2,3
奥貫薫,0.0,0.3999999999999986,0,24,0,0,6.4,31.3,6.4,31.7
小倉優子,-1.4000000000000004,-0.19999999999998863,0,103,0,0,11.3,84.1,9.9,83.9
押切もえ,-0.2999999999999998,-0.29999999999999716,0,52,0,0,5.1,76.6,4.8,76.3
乙葉,0.7000000000000011,-2.0,0,53,0,0,13.6,68,14.3,66
小野花梨,0.5,-0.9000000000000004,0,62,0,0,1.6,8.3,2.1,7.4
おのののか,0.6000000000000005,4.400000000000006,0,128,0,0,5.1,70.3,5.7,74.7
尾野真千子,-1.0999999999999996,-0.20000000000000284,0,80,0,0,17,65,15.9,64.8
皆藤愛子,2.3000000000000007,2.799999999999997,0,77,0,0,8.5,56.1,10.8,58.9
賀来千香子,0.20000000000000107,-1.7000000000000028,0,62,0,0,13.1,66.5,13.3,64.8
筧美和子,-0.5,-0.30000000000000426,0,179,0,0,8.1,53.6,7.6,53.3
柏木由紀,-3.2,-2.299999999999997,0,210,0,0,9.9,77.5,6.7,75.2
片桐はいり,-0.3000000000000007,-1.0999999999999943,0,51,0,0,19.1,82.5,18.8,81.4
かたせ梨乃,2.700000000000001,-0.7000000000000028,0,68,0,0,15.4,77,18.1,76.3
片平なぎさ,3.0,-0.3999999999999915,0,69,0,0,13.3,73.1,16.3,72.7
片山友希,-0.7,0.0,0,38,0,0,0.7,1.9,0,1.9
加藤小夏,-0.7,-0.5,0,51,0,0,0.9,1.6,0.2,1.1
門脇麦,1.5999999999999996,7.200000000000003,0,181,0,0,14,57,15.6,64.2
夏帆,7.600000000000001,7.100000000000001,0,203,0,0,11.7,58.9,19.3,66
上白石萌歌,-2.8000000000000007,-1.5,0,210,0,0,19.3,79.6,16.5,78.1
上白石萌音,-1.9000000000000021,-1.6000000000000085,0,210,0,0,24.6,84.4,22.7,82.8
茅島みずき,-0.29999999999999993,0.0,0,65,0,0,0.7,3.7,0.4,3.7
河合優実,0.0,-0.9,0,161,0,0,0.2,1.8,0.2,0.9
川栄李奈,0.6000000000000014,2.0,0,210,0,0,18.2,69.2,18.8,71.2
河北麻友子,-0.9000000000000004,-3.0,0,109,0,0,16.3,78.2,15.4,75.2
川口春奈,6.0000000000000036,2.799999999999997,0,210,0,0,29.2,76.5,35.2,79.3
川島海荷,-0.1999999999999993,-0.29999999999999716,0,108,0,0,7.6,55.9,7.4,55.6
川津明日香,0.0,0.20000000000000018,0,76,0,0,0.4,2.8,0.4,3
貫地谷しほり,0.6999999999999993,-1.4000000000000057,0,77,0,0,14.5,69.4,15.2,68
菅野美穂,-1.0,-2.3999999999999915,0,82,0,0,30.6,85.1,29.6,82.7
菅野莉央,-0.5,0.0,0,45,0,0,0.5,2.3,0,2.3
菊池桃子,-0.6999999999999993,0.6999999999999886,0,83,0,0,13.6,71.9,12.9,72.6
岸井ゆきの,3.4000000000000004,7.599999999999998,0,209,0,0,7.6,26.2,11,33.8
貴島明日香,0.5999999999999996,6.200000000000003,0,158,0,0,10.4,36.5,11,42.7
岸本加世子,3.7,-1.8000000000000114,0,27,0,0,7.3,66.9,11,65.1
北川景子,4.199999999999996,-0.9000000000000057,0,210,0,0,41.1,92.4,45.3,91.5
北乃きい,-1.5999999999999996,0.7000000000000028,0,72,0,0,11.5,73.5,9.9,74.2
吉瀬美智子,-1.3999999999999986,0.7999999999999972,0,109,0,0,26.2,75,24.8,75.8
木南晴夏,4.100000000000001,7.800000000000004,0,108,0,0,12.7,45.3,16.8,53.1
木村カエラ,0.3000000000000007,-1.7000000000000028,0,111,0,0,13.5,84.2,13.8,82.5
木村多江,-1.0,1.2000000000000028,0,83,0,0,25.8,80.2,24.8,81.4
木村文乃,1.8999999999999986,1.7000000000000028,0,160,0,0,21.8,69.6,23.7,71.3
キムラ緑子,0.09999999999999964,0.7999999999999972,0,70,0,0,12.6,52.7,12.7,53.5
木村佳乃,-1.3999999999999986,-1.2000000000000028,0,89,0,0,29.9,75.9,28.5,74.7
きゃりーぱみゅぱみゅ,3.0,0.8999999999999915,0,202,0,0,12.6,92.4,15.6,93.3
清原果耶,4.300000000000001,4.799999999999997,0,204,0,0,14.5,46.7,18.8,51.5
桐谷美玲,0.5,-0.20000000000000284,0,164,0,0,20.4,80.2,20.9,80
草刈民代,0.5,-0.9000000000000057,0,49,0,0,10.1,69.4,10.6,68.5
工藤美桜,0.0,2.0999999999999996,0,194,0,0,1.8,7.6,1.8,9.7
国仲涼子,1.1999999999999993,-2.299999999999997,0,46,0,0,11.9,65,13.1,62.7
久保田紗友,0.09999999999999987,1.4000000000000004,0,63,0,0,1.8,8,1.9,9.4
久間田琳加,0.40000000000000036,2.0999999999999996,0,174,0,0,2.8,9.4,3.2,11.5
倉科カナ,-4.199999999999999,-0.10000000000000853,0,138,0,0,20.7,67.4,16.5,67.3
栗山千明,0.1999999999999993,-1.1999999999999886,0,79,0,0,16.1,73.1,16.3,71.9
黒木華,1.2999999999999972,-2.299999999999997,0,161,0,0,22.1,74.5,23.4,72.2
黒木瞳,-1.8000000000000007,-0.7999999999999972,0,85,0,0,19.3,83.5,17.5,82.7
黒沢かずこ,7.900000000000002,6.400000000000006,0,66,0,0,17.2,86.5,25.1,92.9
黒島結菜,1.4000000000000004,15.900000000000002,0,169,0,0,7.6,29.2,9,45.1
黒谷友香,-2.8999999999999995,-1.3999999999999986,0,73,0,0,9.6,60.5,6.7,59.1
小池栄子,6.400000000000006,-0.7000000000000028,0,184,0,0,36.3,91.7,42.7,91
Cocomi,2.3000000000000003,8.700000000000003,0,210,0,0,3.9,54,6.2,62.7
小芝風花,0.6999999999999993,2.5,0,210,0,0,17.5,54.7,18.2,57.2
小嶋陽菜,0.1999999999999993,2.6000000000000014,0,181,0,0,8.5,61.1,8.7,63.7
小西桜子,0.0,-1.7999999999999998,0,39,0,0,0.5,4.1,0.5,2.3
小西真奈美,-2.5,-1.0,0,49,0,0,20.4,72.7,17.9,71.7
小林聡美,0.3999999999999986,0.30000000000000426,0,56,0,0,16.8,63.9,17.2,64.2
小松菜奈,0.5,0.8999999999999915,0,180,0,0,20.4,66.9,20.9,67.8
小雪,0.0,1.2999999999999972,0,148,0,0,13.1,81.2,13.1,82.5
近藤春菜,1.1999999999999993,0.5,0,163,0,0,29.6,96.5,30.8,97
紺野彩夏,0.40000000000000013,0.40000000000000036,0,127,0,0,0.7,5.1,1.1,5.5
紺野まひる,-0.6999999999999997,1.8000000000000007,0,31,0,0,2.8,26,2.1,27.8
紺野美沙子,-0.39999999999999947,1.8000000000000043,0,38,0,0,7.1,53.8,6.7,55.6
財前直見,-0.6999999999999993,-0.8999999999999915,0,62,0,0,12.7,67.6,12,66.7
齋藤飛鳥,-1.0999999999999996,6.899999999999999,0,208,0,0,11.9,51.5,10.8,58.4
斉藤由貴,0.3000000000000007,0.0,0,137,0,0,11,76.6,11.3,76.6
紗栄子,2.2,2.299999999999997,0,204,0,0,4.2,65.5,6.4,67.8
坂井真紀,-1.200000000000001,-1.999999999999993,0,65,0,0,12.4,64.1,11.2,62.1
酒井美紀,-1.8000000000000007,-1.2999999999999972,0,59,0,0,8.3,58.8,6.5,57.5
酒井若菜,-0.7000000000000002,-3.5,0,50,0,0,6.4,43.7,5.7,40.2
榊原郁恵,6.899999999999999,0.6000000000000085,0,101,0,0,16.5,82.8,23.4,83.4
坂下千里子,2.5,-1.1000000000000085,0,61,0,0,9,75.4,11.5,74.3
坂ノ上茜,-0.29999999999999993,-0.09999999999999964,0,73,0,0,0.7,2.8,0.4,2.7
佐久間由衣,-0.20000000000000018,9.200000000000003,0,91,0,0,6.9,25.5,6.7,34.7
桜井日奈子,-1.5,2.5,0,101,0,0,9.6,43.9,8.1,46.4
桜井ユキ,-0.1999999999999993,1.3000000000000007,0,119,0,0,9.2,29.9,9,31.2
桜田ひより,5.1000000000000005,7.799999999999999,0,157,0,0,2.3,15.6,7.4,23.4
桜庭ななみ,-1.6000000000000005,-2.6999999999999957,0,86,0,0,4.4,38.8,2.8,36.1
佐々木希,-2.6999999999999993,-1.8999999999999915,0,195,0,0,23.4,82.3,20.7,80.4
指原莉乃,-0.1999999999999993,-0.7000000000000028,0,210,0,0,25.5,92.2,25.3,91.5
佐藤栞里,3.700000000000003,3.5,0,138,0,0,29,72.4,32.7,75.9
佐藤玲,-0.19999999999999996,0.3999999999999999,0,114,0,0,0.7,3.5,0.5,3.9
佐野ひなこ,-0.7000000000000002,0.3000000000000007,0,77,0,0,4.2,28.5,3.5,28.8
沢口靖子,-4.5,-3.5,0,105,0,0,25.7,83.7,21.2,80.2
SHELLY,-2.8000000000000007,-4.0,0,66,0,0,21.6,84.2,18.8,80.2
シシド・カフカ,0.0,0.0,0,43,0,0,11.3,60.4,11.3,60.4
志田彩良,1.4,2.0999999999999996,0,85,0,0,0.5,5.7,1.9,7.8
志田未来,-0.9000000000000021,3.700000000000003,0,204,0,0,18.6,68.7,17.7,72.4
篠原涼子,1.8999999999999986,0.7000000000000028,0,133,0,0,21.6,90.1,23.5,90.8
柴咲コウ,2.8000000000000007,-0.5999999999999943,0,210,0,0,28.5,89.6,31.3,89
柴田理恵,1.1000000000000014,-0.10000000000000853,0,127,0,0,21.2,95.9,22.3,95.8
渋谷凪咲,1.4000000000000004,6.899999999999999,0,188,0,0,11.2,34.7,12.6,41.6
島崎遥香,0.9000000000000004,-1.1000000000000014,0,102,0,0,4.1,51.2,5,50.1
島崎和歌子,2.3000000000000007,0.0,0,76,0,0,15.8,80.9,18.1,80.9
清水ミチコ,1.5,-3.6000000000000085,0,65,0,0,19.6,86.4,21.1,82.8
趣里,2.5,7.699999999999999,0,210,0,0,7.6,31.2,10.1,38.9
白石聖,-1.6,0.9000000000000004,0,136,0,0,3.5,8.7,1.9,9.6
白石麻衣,-3.099999999999998,-2.4000000000000057,0,203,0,0,21.2,75,18.1,72.6
白石美帆,0.3000000000000007,-1.8999999999999986,0,11,0,0,10.1,65.8,10.4,63.9
新川優愛,-1.3999999999999995,7.800000000000004,0,93,0,0,9.2,38.4,7.8,46.2
杉咲花,-4.099999999999998,-0.20000000000000284,0,207,0,0,23.9,75.8,19.8,75.6
杉本彩,0.20000000000000107,0.5,0,66,0,0,12.7,77,12.9,77.5
鈴木京香,-2.5,-0.20000000000000284,0,83,0,0,21.1,74.7,18.6,74.5
鈴木砂羽,4.700000000000001,1.6000000000000014,0,92,0,0,11.2,61.6,15.9,63.2
鈴木奈々,3.1999999999999993,1.7999999999999972,0,151,0,0,8.3,83.7,11.5,85.5
鈴木保奈美,0.9000000000000004,0.20000000000000284,0,124,0,0,12.9,73.6,13.8,73.8
鈴木ゆうか,0.20000000000000007,0.8999999999999995,0,83,0,0,0.7,4.2,0.9,5.1
鈴木梨央,0.2999999999999998,1.8999999999999986,0,37,0,0,5.7,42.7,6,44.6
須藤理彩,-0.7999999999999998,-2.799999999999997,0,32,0,0,5,41.9,4.2,39.1
鷲見玲奈,0.3000000000000007,3.1000000000000014,0,152,0,0,7.1,41.9,7.4,45
清野菜名,2.6000000000000014,2.799999999999997,0,210,0,0,20.9,59.1,23.5,61.9
関水渚,-0.6999999999999997,0.5,0,121,0,0,2.3,9.2,1.6,9.7
瀬戸朝香,1.5,-0.10000000000000853,0,188,0,0,10.4,64.2,11.9,64.1
染野有来,0.0,0.19999999999999973,0,55,0,0,0.4,2.1,0.4,2.3
大地真央,-1.6000000000000014,-1.2000000000000028,0,158,0,0,21.1,81.4,19.5,80.2
平祐奈,1.4,0.8999999999999986,0,176,0,0,3.4,41.4,4.8,42.3
高岡早紀,0.0,0.19999999999998863,0,160,0,0,11.9,69.9,11.9,70.1
高島彩,-1.4000000000000004,-3.5999999999999943,0,49,0,0,13.8,70.3,12.4,66.7
高嶋ちさ子,0.1999999999999993,-1.4000000000000057,0,89,0,0,25.3,91,25.5,89.6
高島礼子,-0.7000000000000011,-1.2000000000000028,0,88,0,0,15.4,78.9,14.7,77.7
高梨臨,3.0,4.400000000000002,0,103,0,0,5,31.7,8,36.1
高橋惠子,0.2999999999999998,-0.6999999999999957,0,33,0,0,7.8,51.3,8.1,50.6
髙橋ひかる,-1.8999999999999995,1.3000000000000007,0,149,0,0,9.7,29,7.8,30.3
高橋ひとみ,-0.5,-1.5,0,64,0,0,9.9,60.4,9.4,58.9
高橋真麻,0.6999999999999993,-0.29999999999999716,0,150,0,0,11.5,86.5,12.2,86.2
高橋みなみ,-1.5999999999999996,-1.0999999999999943,0,184,0,0,8.7,73.5,7.1,72.4
高橋メアリージュン,-0.1999999999999993,0.20000000000000284,0,120,0,0,13.1,66.2,12.9,66.4
高畑淳子,7.800000000000001,-0.9000000000000057,0,126,0,0,11,80,18.8,79.1
高畑充希,-2.299999999999997,0.0,0,157,0,0,30.4,83.2,28.1,83.2
瀧内公美,-0.8999999999999999,-1.0999999999999996,0,67,0,0,2.5,9.9,1.6,8.8
滝川クリステル,0.5,-0.4000000000000057,0,87,0,0,8.3,91,8.8,90.6
滝沢カレン,-1.8999999999999986,-1.0999999999999943,0,147,0,0,34.5,92.6,32.6,91.5
瀧本美織,1.5999999999999996,2.299999999999997,0,146,0,0,8.5,52.7,10.1,55
竹下景子,3.5999999999999996,-3.1999999999999957,0,58,0,0,10.6,64.8,14.2,61.6
武田梨奈,-0.2999999999999998,0.10000000000000142,0,52,0,0,3,16.5,2.7,16.6
武田玲奈,0.2999999999999998,1.3000000000000007,0,63,0,0,3.2,18.9,3.5,20.2
田中美佐子,-1.0999999999999996,-0.7999999999999972,0,59,0,0,15.6,63.5,14.5,62.7
田中道子,1.9000000000000001,6.800000000000001,0,84,0,0,1.8,18.9,3.7,25.7
田中みな実,1.8999999999999986,0.5,0,210,0,0,19.5,83.9,21.4,84.4
田中律子,-0.3000000000000007,-1.0999999999999943,0,76,0,0,11.3,67.8,11,66.7
田中麗奈,1.0999999999999996,-3.1000000000000014,0,82,0,0,8.3,66.5,9.4,63.4
田辺桃子,0.7999999999999998,1.5999999999999996,0,75,0,0,1.1,6.2,1.9,7.8
田鍋梨々花,0.19999999999999996,2.3,0,54,0,0,0.5,2.5,0.7,4.8
谷まりあ,2.3000000000000007,6.700000000000003,0,196,0,0,7.1,36.5,9.4,43.2
多部未華子,-4.800000000000004,-3.5999999999999943,0,210,0,0,34.7,81.8,29.9,78.2
玉城ティナ,0.9000000000000004,2.8999999999999986,0,156,0,0,4.6,44.4,5.5,47.3
ダレノガレ明美,1.3999999999999995,1.2999999999999972,0,141,0,0,6.7,83.5,8.1,84.8
檀れい,1.3999999999999986,-0.5,0,87,0,0,16.8,73.8,18.2,73.3
壇蜜,-1.6999999999999993,0.5,0,188,0,0,21.2,89.4,19.5,89.9
千秋,2.8999999999999986,1.3999999999999915,0,210,0,0,8.8,88.7,11.7,90.1
知花くらら,0.3999999999999999,-3.6000000000000014,0,51,0,0,3.5,44.1,3.9,40.5
土村芳,-0.19999999999999996,-2.1000000000000005,0,31,0,0,1.8,9.9,1.6,7.8
土屋アンナ,-0.6999999999999993,-1.2000000000000028,0,103,0,0,15.6,89.2,14.9,88
土屋太鳳,-4.399999999999999,-1.3999999999999915,0,180,0,0,26,90.1,21.6,88.7
恒松祐里,2.6999999999999997,2.200000000000001,0,73,0,0,2.1,12.7,4.8,14.9
椿鬼奴,1.1000000000000014,-1.7999999999999972,0,66,0,0,21.2,85,22.3,83.2
鶴田真由,0.0,-0.3999999999999986,0,31,0,0,11.7,57,11.7,56.6
出口夏希,-0.40000000000000013,-0.9000000000000004,0,114,0,0,1.1,3.7,0.7,2.8
寺島しのぶ,5.200000000000001,1.4000000000000057,0,145,0,0,8.1,71.5,13.3,72.9
當真あみ,0.9,8.0,0,149,0,0,0.9,2.1,1.8,10.1
常盤貴子,1.7000000000000028,0.8999999999999915,0,93,0,0,20.4,75.4,22.1,76.3
徳永えり,-0.8999999999999999,-2.6999999999999993,0,72,0,0,2.8,17.9,1.9,15.2
戸田恵梨香,-2.200000000000003,-0.5999999999999943,0,168,0,0,37.2,88,35,87.4
戸田恵子,1.6999999999999993,-0.8999999999999915,0,160,0,0,24.1,78.1,25.8,77.2
戸田菜穂,0.1999999999999993,1.7999999999999972,0,93,0,0,9,47.6,9.2,49.4
富田望生,-0.09999999999999964,-0.6999999999999957,0,63,0,0,10.4,38.4,10.3,37.7
富田靖子,-1.5999999999999996,-2.5,0,73,0,0,9.9,57.5,8.3,55
ともさかりえ,1.4000000000000004,1.0999999999999943,0,95,0,0,8,75.4,9.4,76.5
友近,4.400000000000002,0.3999999999999915,0,103,0,0,23.9,92.9,28.3,93.3
豊嶋花,-0.09999999999999998,0.7000000000000002,0,94,0,0,0.5,4.6,0.4,5.3
トラウデン直美,0.5,-0.30000000000000426,0,76,0,0,4.6,39.6,5.1,39.3
トリンドル玲奈,-0.7000000000000011,-1.0,0,185,0,0,13.8,78.9,13.1,77.9
なえなの,-0.5,4.600000000000001,0,202,0,0,3.2,17.7,2.7,22.3
奈緒,5.0,7.800000000000001,0,210,0,0,8.3,31.3,13.3,39.1
仲里依紗,-0.1999999999999993,1.4000000000000057,0,210,0,0,22.3,71.3,22.1,72.7
長井短,0.0,2.0,0,57,0,0,1.9,19.1,1.9,21.1
中川翔子,-3.1999999999999993,0.09999999999999432,0,210,0,0,31,91.2,27.8,91.3
中越典子,2.2,-2.299999999999997,0,43,0,0,5.1,53.5,7.3,51.2
永作博美,5.699999999999999,0.0,0,130,0,0,22.3,74,28,74
長澤まさみ,-8.700000000000003,-0.6999999999999886,0,203,0,0,50.1,93.1,41.4,92.4
中島セナ,-0.4,0.19999999999999973,0,53,0,0,0.4,3.2,0,3.4
中条あやみ,-2.299999999999997,4.099999999999994,0,180,0,0,23.9,66.2,21.6,70.3
中谷美紀,3.0,2.0,0,161,0,0,19.8,74.5,22.8,76.5
永野芽郁,2.299999999999997,2.299999999999997,0,210,0,0,32.7,74.2,35,76.5
仲間由紀恵,-1.5999999999999979,1.2999999999999972,0,93,0,0,31.7,89,30.1,90.3
中村アン,-0.10000000000000142,1.4000000000000057,0,180,0,0,17.3,64.8,17.2,66.2
中村静香,0.7999999999999998,3.8999999999999986,0,78,0,0,4.2,20,5,23.9
中村ゆり,3.1000000000000005,6.399999999999999,0,147,0,0,5.7,22.1,8.8,28.5
中村ゆりか,-0.4999999999999999,1.5999999999999996,0,62,0,0,1.4,6.4,0.9,8
中山美穂,-0.7000000000000011,1.8000000000000114,0,165,0,0,10.3,76.6,9.6,78.4
夏川結衣,-0.5,-4.100000000000001,0,20,0,0,12,50.1,11.5,46
夏木マリ,3.6999999999999993,0.20000000000000284,0,124,0,0,22.7,81.6,26.4,81.8
夏菜,-1.6999999999999993,-8.399999999999999,0,180,0,0,9.7,61.1,8,52.7
名取裕子,2.6999999999999993,-1.2000000000000028,0,59,0,0,15,71.5,17.7,70.3
菜々緒,1.3000000000000007,-2.3000000000000114,0,210,0,0,26,86.9,27.3,84.6
成海璃子,-0.10000000000000142,-0.29999999999999716,0,37,0,0,8.8,61.9,8.7,61.6
二階堂ふみ,-2.5,0.9000000000000057,0,94,0,0,24.1,80,21.6,80.9
西田尚美,0.40000000000000036,-0.8999999999999986,0,57,0,0,11.5,47.6,11.9,46.7
西野七瀬,-1.9000000000000004,3.1999999999999957,0,190,0,0,15.4,53.6,13.5,56.8
生見愛瑠,3.0,3.700000000000003,0,210,0,0,16.3,63.2,19.3,66.9
萩原みのり,-0.7,-0.09999999999999964,0,22,0,0,0.7,2.8,0,2.7
橋本愛,0.1999999999999993,-1.5,0,186,0,0,7.4,48,7.6,46.5
橋本環奈,0.9000000000000057,0.0,0,210,0,0,34.3,83.5,35.2,83.5
橋本マナミ,0.9000000000000004,0.3999999999999915,0,148,0,0,9.9,72.7,10.8,73.1
長谷川京子,3.0,0.4000000000000057,0,174,0,0,9.2,71.5,12.2,71.9
羽田美智子,-0.5999999999999979,2.1000000000000014,0,72,0,0,17.2,60.9,16.6,63
馬場ふみか,0.5999999999999996,-0.9000000000000021,0,156,0,0,4.4,27.1,5,26.2
濱田マリ,5.9,-0.5,0,57,0,0,13.6,75.4,19.5,74.9
浜辺美波,-3.8000000000000007,1.5999999999999943,0,210,0,0,29.6,70.4,25.8,72
早見あかり,0.0,-0.5,0,84,0,0,5,37.3,5,36.8
原沙知絵,-0.40000000000000036,2.5,0,14,0,0,5,44.6,4.6,47.1
原菜乃華,0.30000000000000004,3.9000000000000004,0,210,0,0,1.8,8.1,2.1,12
原日出子,-1.9000000000000004,0.5,0,59,0,0,8.8,60.4,6.9,60.9
原田知世,0.7000000000000011,0.4000000000000057,0,83,0,0,15.9,68.1,16.6,68.5
原田美枝子,1.3999999999999986,-0.3999999999999986,0,103,0,0,8.3,48,9.7,47.6
波瑠,-2.3000000000000007,-0.4000000000000057,0,210,0,0,29.2,82.7,26.9,82.3
比嘉愛未,0.3000000000000007,2.6000000000000014,0,156,0,0,22.5,59.5,22.8,62.1
樋口可南子,4.3999999999999995,13.999999999999993,0,36,0,0,6.2,56.6,10.6,70.6
ヒコロヒー,4.300000000000001,4.300000000000011,0,210,0,0,12,65.1,16.3,69.4
久本雅美,0.6999999999999993,-1.0999999999999943,0,76,0,0,17.5,93.8,18.2,92.7
平岩紙,-1.4000000000000004,1.2000000000000028,0,69,0,0,8.8,36.5,7.4,37.7
平子理沙,-1.4,-2.0,0,71,0,0,3,50.8,1.6,48.8
平手友梨奈,-3.0,1.7999999999999972,0,136,0,0,11.5,61.2,8.5,63
広末涼子,2.6000000000000014,-0.29999999999999716,0,203,0,0,25.7,91.5,28.3,91.2
広瀬アリス,-4.0,0.5,0,210,0,0,37.3,87.8,33.3,88.3
広瀬すず,3.1999999999999957,-1.4000000000000057,0,210,0,0,32.6,94.5,35.8,93.1
ファーストサマーウイカ,1.0,2.0,0,210,0,0,18.8,72.7,19.8,74.7
笛木優子,-0.09999999999999964,0.5,0,20,0,0,6.5,43,6.4,43.5
深川麻衣,-0.8999999999999999,-0.8999999999999986,0,93,0,0,2.5,9.7,1.6,8.8
深田恭子,-1.2999999999999972,0.20000000000000284,0,183,0,0,34,91.3,32.7,91.5
深津絵里,0.5,-5.199999999999989,0,115,0,0,28,78.1,28.5,72.9
吹石一恵,-0.10000000000000142,-0.20000000000000284,0,18,0,0,11.3,72.2,11.2,72
福地桃子,2.3,1.5999999999999979,0,116,0,0,2.8,21.6,5.1,23.2
福原遥,5.700000000000001,8.899999999999999,0,206,0,0,15.4,44.4,21.1,53.3
福本莉子,0.0,1.3000000000000007,0,130,0,0,3.5,14.5,3.5,15.8
藤田ニコル,-3.4999999999999982,1.4000000000000057,0,210,0,0,18.9,91.5,15.4,92.9
藤田弓子,2.4000000000000004,0.29999999999999716,0,32,0,0,5,58.6,7.4,58.9
藤野涼子,-0.7,-0.5,0,51,0,0,1.4,6.7,0.7,6.2
藤本美貴,3.5,-3.0,0,210,0,0,10.1,72.2,13.6,69.2
藤原さくら,0.0,2.0,0,154,0,0,3.9,21.2,3.9,23.2
藤原紀香,0.7000000000000011,0.29999999999999716,0,191,0,0,11.2,83.4,11.9,83.7
風吹ジュン,2.6000000000000014,1.4000000000000057,0,170,0,0,16.5,68,19.1,69.4
古川琴音,1.3999999999999995,3.400000000000002,0,118,0,0,3.7,17.7,5.1,21.1
古畑星夏,0.5,0.3000000000000007,0,90,0,0,1.1,8,1.6,8.3
フワちゃん,2.799999999999997,0.7999999999999972,0,210,0,0,16.1,95.8,18.9,96.6
ベッキー,0.40000000000000036,1.5,0,179,0,0,11.5,92.7,11.9,94.2
辺見えみり,1.3999999999999995,-0.6000000000000085,0,60,0,0,6.4,74.9,7.8,74.3
北斗晶,1.8999999999999986,-0.5,0,210,0,0,18.6,92.2,20.5,91.7
堀田茜,3.0999999999999996,5.0,0,89,0,0,9.6,46.2,12.7,51.2
堀田真由,1.6000000000000005,2.6000000000000014,0,154,0,0,5.1,25.5,6.7,28.1
ホラン千秋,1.7000000000000028,0.0,0,198,0,0,17.9,87.1,19.6,87.1
堀内敬子,-2.0,-1.5,0,57,0,0,10.1,40.4,8.1,38.9
本上まなみ,-1.0999999999999996,-1.4000000000000057,0,42,0,0,9.6,57.7,8.5,56.3
本田翼,-8.900000000000002,1.5999999999999943,0,210,0,0,34.7,86.5,25.8,88.1
本田望結,-1.9000000000000004,2.5,0,201,0,0,12.9,80.9,11,83.4
前田敦子,0.9000000000000004,-1.0999999999999943,0,203,0,0,9,89.6,9.9,88.5
マギー,-1.0,-1.8999999999999986,0,210,0,0,6,65.8,5,63.9
真木よう子,-2.5,-0.3999999999999915,0,136,0,0,17,72.6,14.5,72.2
蒔田彩珠,0.20000000000000018,-2.8000000000000007,0,82,0,0,1.9,12.9,2.1,10.1
益若つばさ,0.5,-2.0999999999999943,0,160,0,0,5,74.3,5.5,72.2
松たか子,-1.0,0.0,0,175,0,0,36.8,89.9,35.8,89.9
松井愛莉,-0.5,-2.1999999999999993,0,100,0,0,4.6,28.7,4.1,26.5
松井玲奈,-0.20000000000000018,1.2000000000000028,0,131,0,0,6.2,53.5,6,54.7
松岡茉優,1.8000000000000007,3.8000000000000043,0,191,0,0,18.4,61.9,20.2,65.7
松風理咲,-0.2,-0.20000000000000018,0,11,0,0,0.4,2.1,0.2,1.9
松坂慶子,0.7000000000000011,0.09999999999999432,0,75,0,0,13.1,68,13.8,68.1
松下奈緒,-2.6999999999999993,0.9000000000000057,0,91,0,0,23.4,79.1,20.7,80
松下由樹,-3.1000000000000014,-1.5999999999999943,0,60,0,0,26.5,79.5,23.4,77.9
松嶋菜々子,-4.100000000000001,-2.799999999999997,0,143,0,0,37.2,90.6,33.1,87.8
松嶋尚美,0.8000000000000007,0.5,0,66,0,0,8,75.6,8.8,76.1
松島花,-0.40000000000000036,1.1000000000000014,0,66,0,0,3.2,18.2,2.8,19.3
松田聖子,-2.5,1.0999999999999943,0,179,0,0,17,88.5,14.5,89.6
松田るか,-0.9999999999999999,-1.4,0,119,0,0,1.4,4.8,0.4,3.4
松本伊代,1.6999999999999993,1.2999999999999972,0,160,0,0,10.3,84.2,12,85.5
松本穂香,-0.6999999999999993,3.4000000000000057,0,118,0,0,12,47.8,11.3,51.2
松本まりか,0.1999999999999993,5.0,0,192,0,0,12.9,46.7,13.1,51.7
松本若菜,4.1,8.100000000000001,0,210,0,0,5.1,11.7,9.2,19.8
松雪泰子,3.1999999999999993,0.0,0,79,0,0,19.8,70.4,23,70.4
真飛聖,0.5999999999999996,2.8000000000000007,0,85,0,0,4.4,22.5,5,25.3
眞鍋かをり,-0.9000000000000004,1.2000000000000028,0,42,0,0,10.6,76.3,9.7,77.5
真矢ミキ,-0.5999999999999979,-0.29999999999999716,0,70,0,0,23.4,79.8,22.8,79.5
丸山桂里奈,-1.1999999999999993,-1.7999999999999972,0,210,0,0,13.1,88.5,11.9,86.7
萬田久子,-2.5,-1.0,0,72,0,0,10.6,71.3,8.1,70.3
萬波ユカ,0.0,-0.9000000000000004,0,16,0,0,0.5,4.4,0.5,3.5
三浦透子,1.9,4.699999999999999,0,143,0,0,1.1,15.8,3,20.5
見上愛,-0.5,-0.2999999999999998,0,145,0,0,1.2,5.3,0.7,5
水川あさみ,-5.899999999999999,0.7000000000000028,0,146,0,0,23.4,71.7,17.5,72.4
水谷果穂,0.0,2.3,0,61,0,0,0.2,4.4,0.2,6.7
水野真紀,-0.20000000000000018,0.09999999999999432,0,95,0,0,7.3,66.4,7.1,66.5
水野美紀,-0.8999999999999986,-0.8999999999999915,0,105,0,0,20.5,69.6,19.6,68.7
水原希子,-4.1,-1.3999999999999915,0,131,0,0,15.4,77.3,11.3,75.9
光浦靖子,-1.9000000000000004,-1.4000000000000057,0,86,0,0,17.5,89.4,15.6,88
観月ありさ,-1.6000000000000014,-0.6999999999999886,0,136,0,0,19.5,84.1,17.9,83.4
満島ひかり,0.0,0.7999999999999972,0,192,0,0,29.4,76.5,29.4,77.3
三戸なつめ,-0.20000000000000018,-1.0999999999999943,0,48,0,0,2.7,50.8,2.5,49.7
南果歩,0.7999999999999998,-2.0999999999999943,0,61,0,0,7.3,67.6,8.1,65.5
南沙良,0.7000000000000002,2.3000000000000007,0,210,0,0,2.8,11,3.5,13.3
南沢奈央,-0.5,1.7000000000000028,0,44,0,0,4.6,31.9,4.1,33.6
南野陽子,-0.8999999999999986,-0.29999999999999716,0,102,0,0,11.2,76.1,10.3,75.8
美村里江,0.6000000000000005,2.099999999999998,0,60,0,0,5.8,22.3,6.4,24.4
宮﨑あおい,-1.4000000000000021,0.29999999999999716,0,81,0,0,25.3,81.8,23.9,82.1
宮崎美子,4.300000000000001,-0.4000000000000057,0,58,0,0,24.2,88.5,28.5,88.1
宮澤エマ,1.5999999999999996,1.3999999999999986,0,121,0,0,6.5,34.5,8.1,35.9
宮沢りえ,0.8999999999999986,-0.9000000000000057,0,154,0,0,21.6,86,22.5,85.1
宮本信子,-0.5,-1.2000000000000028,0,69,0,0,11.7,51.5,11.2,50.3
宮本茉由,0.09999999999999998,1.4000000000000004,0,91,0,0,0.4,4.1,0.5,5.5
三吉彩花,0.5,-0.19999999999999574,0,116,0,0,4.8,32.4,5.3,32.2
村上佳菜子,-2.6000000000000014,1.4000000000000057,0,129,0,0,13.8,67.1,11.2,68.5
村上知子,7.599999999999998,2.5,0,53,0,0,11.3,91.3,18.9,93.8
室井滋,2.3000000000000007,-0.9000000000000057,0,61,0,0,19.5,79.5,21.8,78.6
MEGUMI,0.8000000000000007,-1.9000000000000057,0,210,0,0,16.5,75.4,17.3,73.5
本仮屋ユイカ,-2.5,-0.20000000000000284,0,154,0,0,12.4,62.1,9.9,61.9
桃井かおり,1.799999999999999,-0.7000000000000028,0,80,0,0,15.9,77.7,17.7,77
百田夏菜子,1.0,4.299999999999997,0,188,0,0,14.2,60.7,15.2,65
森泉,-0.3000000000000007,1.4000000000000057,0,102,0,0,19.1,87.1,18.8,88.5
森絵梨佳,-0.19999999999999996,0.20000000000000018,0,37,0,0,1.8,7.6,1.6,7.8
森七菜,0.10000000000000142,3.700000000000003,0,202,0,0,11.2,52.9,11.3,56.6
森星,2.0999999999999996,2.299999999999997,0,210,0,0,8,53.1,10.1,55.4
森尾由美,-0.40000000000000036,0.29999999999999716,0,77,0,0,13.3,59.5,12.9,59.8
森川葵,-0.7000000000000011,-0.6999999999999993,0,201,0,0,8.8,26.9,8.1,26.2
森口瑤子,0.20000000000000107,-0.6000000000000014,0,61,0,0,9.7,43.4,9.9,42.8
森田想,-0.2,0.20000000000000018,0,33,0,0,0.4,2.5,0.2,2.7
森田望智,-0.30000000000000004,-1.5,0,74,0,0,2.1,8,1.8,6.5
森高千里,-1.4000000000000021,0.7000000000000028,0,139,0,0,22.1,76.6,20.7,77.3
八木莉可子,2.3,5.300000000000001,0,112,0,0,1.8,9.2,4.1,14.5
薬師丸ひろ子,-2.5,-0.7000000000000028,0,63,0,0,25.7,84.8,23.2,84.1
安めぐみ,-0.40000000000000036,-0.20000000000000284,0,59,0,0,11.9,73.5,11.5,73.3
安田成美,0.0,0.0,0,38,0,0,17.2,69.7,17.2,69.7
安田美沙子,-1.799999999999999,-1.4000000000000057,0,153,0,0,10.6,66.7,8.8,65.3
矢田亜希子,0.1999999999999993,-1.2000000000000028,0,142,0,0,16.1,75,16.3,73.8
箭内夢菜,0.2999999999999998,-0.2999999999999998,0,69,0,0,2.5,6,2.8,5.7
柳ゆり菜,-1.1,1.4000000000000004,0,48,0,0,1.8,10.1,0.7,11.5
柳原可奈子,-2.5,-1.2000000000000028,0,48,0,0,22.1,89.7,19.6,88.5
矢作穂香,-0.20000000000000018,0.9000000000000004,0,58,0,0,1.6,6,1.4,6.9
山口紗弥加,0.20000000000000107,0.10000000000000142,0,67,0,0,9.7,44.1,9.9,44.2
山口智子,0.5,-1.5999999999999943,0,83,0,0,31,70.3,31.5,68.7
山口まゆ,0.7,-0.29999999999999893,0,38,0,0,1.1,9.7,1.8,9.4
山口もえ,4.9,1.6000000000000085,0,79,0,0,9.6,84.1,14.5,85.7
山崎静代,0.40000000000000213,-0.7999999999999972,0,80,0,0,18.2,87.3,18.6,86.5
山崎紘菜,2.3,6.0,0,105,0,0,1.2,11.5,3.5,17.5
山下美月,0.7999999999999998,7.200000000000003,0,210,0,0,5,25,5.8,32.2
山田杏奈,1.2000000000000002,1.6000000000000014,0,148,0,0,2.3,12.2,3.5,13.8
山田真歩,0.7,2.0999999999999996,0,50,0,0,1.8,13.1,2.5,15.2
山田優,-1.0,-3.4000000000000057,0,195,0,0,10.4,78.4,9.4,75
山之内すず,-2.5,0.6999999999999886,0,98,0,0,9.4,66.9,6.9,67.6
山本舞香,1.5999999999999996,4.599999999999994,0,210,0,0,9.9,42.7,11.5,47.3
山本美月,-1.4000000000000021,-0.4000000000000057,0,204,0,0,16.6,65,15.2,64.6
YOU,4.100000000000001,-1.2999999999999972,0,210,0,0,21.9,88,26,86.7
優香,-3.0,-0.5999999999999943,0,210,0,0,29.2,84.1,26.2,83.5
優木まおみ,-2.0,-2.6000000000000014,0,98,0,0,9.4,66.5,7.4,63.9
古川優奈,3.8999999999999995,10.300000000000004,0,66,0,0,4.8,52.4,8.7,62.7
ゆりやんレトリィバァ,0.3000000000000007,-0.8999999999999915,0,192,0,0,20.2,90.6,20.5,89.7
余貴美子,-0.1999999999999993,-0.8999999999999986,0,140,0,0,14.7,58.6,14.5,57.7
横澤夏子,1.5999999999999979,-0.3999999999999915,0,146,0,0,21.6,87.1,23.2,86.7
横田真悠,1.0,2.6000000000000014,0,131,0,0,2.7,11.7,3.7,14.3
吉岡里帆,-2.1000000000000014,1.2000000000000028,0,205,0,0,31.3,80.7,29.2,81.9
吉川愛,2.499999999999999,1.4000000000000021,0,177,0,0,6.2,23.4,8.7,24.8
吉田美月喜,-0.4,0.30000000000000004,0,177,0,0,0.4,1.8,0,2.1
吉田羊,-2.299999999999997,-2.0999999999999943,0,210,0,0,37,82.5,34.7,80.4
吉田莉桜,-0.4,-0.20000000000000018,0,53,0,0,0.9,3.7,0.5,3.5
吉高由里子,0.3999999999999986,-0.29999999999999716,0,194,0,0,36.6,83.7,37,83.4
吉谷彩子,0.6999999999999997,6.199999999999999,0,87,0,0,3.2,16.6,3.9,22.8
吉永小百合,-3.6999999999999993,0.20000000000000284,0,87,0,0,32.4,85.5,28.7,85.7
芳根京子,-2.5,-6.599999999999994,0,150,0,0,20.9,61.8,18.4,55.2
与田祐希,-1.2999999999999998,4.200000000000001,0,173,0,0,4.8,13.1,3.5,17.3
米倉涼子,-2.6000000000000014,-1.2999999999999972,0,171,0,0,35.9,95.8,33.3,94.5
米倉れいあ,-0.20000000000000007,1.0999999999999996,0,9,0,0,0.9,3,0.7,4.1
RIKACO,1.5999999999999996,-0.7000000000000028,0,86,0,0,8.8,76.5,10.4,75.8
莉子,0.3999999999999999,1.5999999999999996,0,210,0,0,1.9,8.5,2.3,10.1
りょう,-1.5999999999999979,2.200000000000003,0,210,0,0,21.2,72,19.6,74.2
遼河はるひ,-2.0,-1.5,0,70,0,0,12.4,63.4,10.4,61.9
LiLiCo,2.6000000000000014,-1.5999999999999943,0,87,0,0,20.9,88.3,23.5,86.7
蓮佛美沙子,2.1000000000000005,2.1000000000000014,0,83,0,0,6.7,36.5,8.8,38.6
ローラ,-1.0999999999999979,0.20000000000000284,0,210,0,0,26.4,94.5,25.3,94.7
若月佑美,-0.9000000000000001,-2.1000000000000014,0,105,0,0,2.7,11.3,1.8,9.2
若村麻由美,-0.40000000000000036,-1.0,0,51,0,0,10.8,46.5,10.4,45.5
和久井映見,-3.400000000000002,-3.0,0,44,0,0,21.8,68.1,18.4,65.1
和田アキ子,2.3000000000000007,-0.19999999999998863,0,210,0,0,13.5,98.1,15.8,97.9
渡辺えり,1.4000000000000021,-3.700000000000003,0,205,0,0,17.2,81.8,18.6,78.1
渡辺直美,-1.7000000000000028,-0.20000000000000284,0,210,0,0,40.5,97.7,38.8,97.5
渡辺真起子,0.5,3.0,0,51,0,0,2.5,25.7,3,28.7
渡辺満里奈,1.5999999999999996,0.20000000000000284,0,82,0,0,14,73.6,15.6,73.8
阿佐ヶ谷姉妹,-0.30000000000000426,-1.0,0,97,0,0,41.2,96.8,40.9,95.8
ガンバレルーヤ,2.5,0.5,0,158,0,0,26.9,89.2,29.4,89.7
3時のヒロイン,0.1999999999999993,-0.6000000000000085,0,210,0,0,17.5,82.7,17.7,82.1
ぼる塾,2.0,-0.30000000000001137,0,178,0,0,17.5,78.9,19.5,78.6
