name,人気度,知名度,DA,BR(順),BR(逆)
哀川翔,18.6,90.8,10018,0.0002227260428,0.0006139007167
相葉雅紀,43.9,94.7,15751,0.0002856465332,0.001135910769
青木崇高,10.4,52.2,13569,0.0003081337048,3.46E-05
青柳翔,2.1,12,21367,0.0001265243868,0.0001341315233
明石家さんま,46.5,97.7,57422,0.006645259355,0.009170248623
赤楚衛二,16.5,36.6,24646,0.0002934819169,0.0001786179712
秋山竜次,32.7,91.9,14115,3.37E-05,0.0001011879302
浅野忠信,20.2,80.9,17745,0.0003227771007,0.0003929701997
浅利陽介,15.4,72.2,12145,0.0001037997737,4.80E-05
厚切りジェイソン,19.5,89.6,7661,8.71E-06,1.09E-05
あばれる君,22.7,93.8,5601,4.66E-06,5.83E-06
阿部サダヲ,35.2,91.3,13161,0.0004352694072,0.003194839921
阿部寛,55.2,96.3,31600,0.0005747082737,0.0008211148046
天野ひろゆき,15.8,90.6,7802,0.0002065696932,0.0002179800727
綾野剛,23.2,88.7,23963,0.001651972952,0.001738340194
荒川良々,13.5,75.6,5833,5.05E-06,6.32E-06
荒木飛羽,1.9,7.6,2227,7.36E-07,9.22E-07
新田真剣佑,17,74.7,23916,0.0007685320952,0.0002599674241
有岡大貴,9.9,57.3,4111,8.88E-05,0.0002128323939
有田哲平,32.4,95.9,12678,0.0004828240422,0.0007342347236
有吉弘行,39.5,98.8,60461,0.00321713692,0.007685923659
飯尾和樹,39.6,92,6693,3.03E-05,0.0001043526756
井浦新,21.2,58.6,15521,0.0001276271232,0.0003910250996
生田斗真,31.5,84.8,17694,0.001000516398,0.0003956259499
池松壮亮,8.3,52.2,6795,0.0002438047407,0.0002301972154
伊沢拓司,13.1,75,16384,3.98E-05,4.99E-05
石塚英彦,26.9,93.5,4538,5.79E-05,1.14E-05
石橋貴明,18.1,92.2,11991,0.000379519255,0.0006534697089
石原良純,17,93.3,13607,6.67E-05,0.0002485861479
石丸幹二,11,61.9,21434,0.000103010671,9.72E-05
伊集院光,16.3,90.6,14358,6.14E-05,0.0002609252221
泉澤祐希,2.1,20.7,11713,2.04E-05,2.55E-05
磯村勇斗,15.8,49.9,31634,0.0002368084033,0.0005574284972
板尾創路,12.6,83.5,13783,0.0001556142152,0.0003091035524
板垣瑞生,1.9,7.8,4882,3.52E-05,8.99E-05
板垣李光人,5,20.5,48297,0.0003924009702,0.0007101611845
市川猿之助_(4代目),11,80.4,13921,0.0004681740179,0.0001418948494
市川染五郎_(8代目),3.9,43.9,5611,0.0002168208451,1.55E-05
市川團十郎_(13代目),11.7,86.9,12707,0.000210446653,0.000335905551
一ノ瀬颯,0.7,9.4,12369,2.27E-05,2.84E-05
市原隼人,24.1,84.2,28981,0.0002299871242,0.0006051209863
市村正親,15.6,86.9,7865,0.0001954333028,0.0002351102242
IKKO,28.8,97.5,8839,1.37E-05,2.19E-05
井手上漠,1.4,15.8,10614,2.00E-05,3.28E-05
伊藤あさひ,0.4,6,35512,0.001051187388,0.001272882337
伊藤淳史,21.8,85.8,6943,7.16E-06,8.96E-06
伊藤英明,25.3,86.5,8453,0.0001380845281,0.0001376480496
稲垣吾郎,15.4,91.3,8956,0.0001680340732,0.0001170634087
稲葉友,2.1,17.9,16400,0.001099540228,0.0001136257733
犬飼貴丈,5,22.8,33362,0.000195623468,0.0002610594229
井上想良,0.9,5,2489,4.95E-05,6.20E-05
井上祐貴,0.4,3.4,52272,0.0004056136207,0.0005078440213
伊野尾慧,11.3,68.7,8661,0.0002750634455,0.0002408872133
井ノ原快彦,27.8,89.6,10150,0.0001984863972,0.0003465044028
井之脇海,6.7,39.3,15102,6.10E-05,0.000150986386
伊原剛志,13.5,70.8,4430,2.91E-06,3.65E-06
伊武雅刀,17,83.2,7321,3.24E-05,0.0001102547362
今井翼,7.4,68.7,2897,5.28E-06,3.82E-05
今田耕司,26,95.4,25668,0.001614486529,0.001996286666
岩田剛典,18.2,68,20376,0.0001664714446,0.001250373649
上田晋也,28.3,92.9,11984,0.0004608742871,0.0002079349487
ウエンツ瑛士,16.5,94.2,12592,0.0001484454418,0.0001376486501
宇梶剛士,14.9,81.1,11728,0.0005077771745,0.0003100974672
内野聖陽,19.5,65,70472,0.002522796903,0.001643842667
内村光良,46,96.1,16787,0.0007247884534,0.001459913668
ウド鈴木,16.1,91.9,8003,0.0002251031134,0.0002454762593
梅沢富美男,18.6,95.8,7595,1.53E-05,0.0001080523892
江口洋介,31.5,89.7,12648,0.000597354718,0.0003603639291
柄本明,23.9,87.1,15880,0.001247502717,0.0005623480743
柄本佑,20.9,77.5,25299,0.00347499287,0.001096122037
柄本時生,13.3,78.8,13688,0.001271571932,0.0001698803482
遠藤憲一,39.1,91.5,15318,6.58E-05,5.31E-05
遠藤章造,9.7,82.5,9487,1.84E-05,6.80E-05
及川光博,26.9,89.9,13281,0.0006894371462,0.0005549149078
大泉洋,52.2,95.6,73638,0.003211172191,0.006334532709
大倉孝二,9.6,61.1,3049,1.38E-06,1.73E-06
大倉忠義,11.5,65.5,10011,9.16E-05,0.0001670590688
大沢たかお,23.4,83.2,19118,0.0001970364498,0.0002629488318
太田光,13.5,92,9592,0.0002675673752,0.0009754097077
大谷翔平,55.8,97,569689,0.1833404261,0.09896860566
大谷亮平,13.3,69.7,13445,2.68E-05,3.36E-05
大橋和也,13.1,50.1,10098,8.99E-05,5.10E-05
大森南朋,17.5,75.9,14562,9.35E-05,0.0001205932437
岡田圭右,10.4,85.5,6371,4.62E-05,7.58E-06
岡田准一,40.9,93.1,28544,0.002806633899,0.001461529582
岡田将生,21.4,78.6,11359,0.0002085672438,0.0006026238433
岡村隆史,29.2,96.1,18330,0.0007789386871,0.001253725934
岡山天音,6.4,48.1,68642,0.0008184686614,0.001590802062
奥田瑛二,6.7,65.1,19397,0.0006811466183,8.45E-05
奥平大兼,0.5,8.1,5466,2.29E-05,9.43E-05
小栗旬,40.9,93.6,25605,0.0004633299197,0.002106248199
小澤征悦,12.6,79.6,18945,7.67E-05,0.000229179262
織田裕二,20.9,89.2,15626,0.0001071572731,0.0002508475158
オダギリジョー,26.5,88.1,18603,0.0001297758874,0.0001635616353
音尾琢真,3,19.6,4549,0.0001154932089,1.80E-05
尾上松也,12.9,76.6,88,1.15E-09,1.44E-09
香川照之,21.2,92.4,23522,0.0008312413789,0.001030391673
柿澤勇人,1.8,19.5,15888,5.68E-05,0.0001436530609
賀来賢人,35.2,85.1,44465,0.002200281926,0.001420794168
角田晃広,22.3,74.2,16582,6.76E-05,0.0004396171696
筧利夫,14.7,78.2,2952,2.47E-05,9.07E-05
風間俊介,31,87.6,35312,0.0007367423544,0.0009000724644
笠松将,2.7,27.3,16686,4.13E-05,5.17E-05
梶原善,8.5,54.7,5257,4.10E-06,5.14E-06
春日俊彰,23.9,96.6,15746,0.000681337757,0.0001705900962
カズレーザー,34,96.8,27863,0.0003097442253,0.000145621747
加瀬亮,10.3,59.3,20300,0.0003161098912,0.0002406525242
片岡愛之助,11.9,85.1,352,1.84E-08,2.30E-08
片桐仁,11.9,72,5061,3.80E-06,4.76E-06
片寄涼太,4.8,46,16183,0.0008106741549,0.0001255328622
勝地涼,7.1,78.2,3934,0.0001609784769,1.74E-05
勝俣州和,12.2,87.1,8271,0.0001315357132,0.0003569623651
勝村政信,13.6,80.2,5840,4.61E-05,0.0001139947755
加藤浩次,21.6,92.7,16059,6.42E-05,0.0001842909089
加藤清史郎,9.9,74.5,6288,6.87E-05,5.81E-05
加藤諒,12.7,87.8,9064,1.22E-05,1.53E-05
香取慎吾,25,95.9,10126,0.0003321057337,0.00107857832
要潤,16.8,86,6513,6.30E-06,7.88E-06
金子大地,1.2,12.9,4118,2.52E-06,3.15E-06
金子ノブアキ,6.7,43.7,9896,1.45E-05,1.82E-05
川平慈英,14.5,88.3,5798,1.46E-05,0.000103103439
神尾楓珠,7.3,37.5,48281,0.001151994742,0.004872122229
上川隆也,17.3,73.1,14452,6.84E-05,0.0006498995861
神木隆之介,32.9,88.3,51780,0.001846359221,0.005455457825
上地雄輔,10.8,87.4,16498,0.0003924442802,0.0001972187701
亀梨和也,19.1,92.6,56906,0.001509372635,0.007926219576
唐沢寿明,31.2,87.3,9176,0.0004036929382,0.0005179659391
河合郁人,15.8,65,19945,7.46E-05,8.24E-05
川島明,28.1,87.3,29616,0.0001560428591,0.0004877595031
神田正輝,6.7,77.3,80658,0.004502726017,0.001307791617
カンニング竹山,16.3,94.3,28815,0.001214706847,0.0006605760637
菊池風磨,25,68.1,49586,0.0009477250234,0.004453209168
岸優太,21.4,64.6,9171,0.0001696936532,0.0001146186708
岸谷五朗,13.6,76.5,5858,4.38E-05,5.55E-05
岸部一徳,22.1,88.1,8708,4.53E-05,0.0002078434177
北大路欣也,26.4,90.1,12679,2.39E-05,2.99E-05
北村一輝,25.8,85.8,12889,0.0001942136678,0.0001378487579
北村匠海,24.8,74,42791,0.001295113666,0.002844262176
北村有起哉,7.1,48.8,14921,0.0001149530568,0.0001188905999
北山宏光,5.1,60.2,9586,4.07E-05,0.000109163517
吉川晃司,20,79.6,23032,0.0002769401656,0.0008436370648
木梨憲武,27.3,93.3,9703,0.0004778402004,0.0006920616875
木村昴,17.3,67.8,96546,0.001383702949,0.001732449884
木村拓哉,34.2,98.2,35582,0.001565686809,0.007379768738
桐谷健太,25.8,90.1,12535,2.47E-05,0.0001660733096
桐山漣,4.6,28.3,8350,3.14E-05,1.70E-05
草刈正雄,25.1,88.7,99601,0.00150446902,0.001849078812
草彅剛,24.4,94.3,25127,0.0006012325057,0.0005778495551
くっきー!,18.6,89,16540,0.0002287621631,0.0003575498334
工藤阿須加,12.4,63.7,7638,8.66E-06,1.08E-05
國村隼,16.6,81.9,7130,7.55E-06,9.45E-06
窪田正孝,21.2,80,15326,0.001800712927,0.0001114590505
黒羽麻璃央,1.1,10.8,8726,0.0001622256942,1.43E-05
桑田佳祐,45.3,92.9,32268,0.001242037513,0.005246729846
劇団ひとり,26.9,94,13838,0.000858857223,0.00046688122
ケンドーコバヤシ,23,91.9,33677,0.001449525408,0.001280133447
小池徹平,15,86.9,10701,0.0001129215899,2.22E-05
小泉孝太郎,20.9,92.4,27770,0.001660342453,0.001020152916
郷ひろみ,17.5,93.5,60850,0.002375624175,0.002702980045
高良健吾,10.6,54,12843,0.0002220130676,0.0004484638461
国分太一,22.3,94,4176,2.07E-05,0.0001146005156
児嶋一哉,26.9,90.8,5530,0.0001326725882,0.0001812997865
小関裕太,5,37.2,14027,0.000137625617,0.0002415019585
小瀧望,4.6,25.1,4907,7.03E-05,9.46E-06
小手伸也,13.5,74.5,10666,1.69E-05,2.11E-05
後藤輝基,21.9,90.1,13847,0.000123158361,0.0003071043495
小峠英二,34.2,95.4,20767,0.0003759365886,0.0004543997621
小林薫,16.5,74,18370,0.0001194480019,0.0006055747917
小日向文世,33.1,89.6,13004,3.54E-05,0.0001537652584
駒木根葵汰,0.4,3.4,24003,0.0001899901586,0.0001224039475
小宮浩信,10.6,75.9,3578,1.90E-06,2.38E-06
小宮璃央,1.2,8.8,4236,9.73E-05,0.0001217842784
小籔千豊,12.7,88,13447,0.0001564469198,0.0003704674739
今野浩喜,7.6,71,6560,3.55E-05,0.0001331958499
斎藤工,27.8,89,15284,0.0001258741391,0.000315431935
堺正章,15.2,92.9,24296,0.0001047116542,0.0004640517086
堺雅人,31,89.9,43616,0.001362626637,0.001070399907
坂上忍,10.8,95,9272,0.000210173685,0.0001840507327
坂口健太郎,25.8,81.2,19641,0.0002642197618,0.000455750366
櫻井海音,1.4,12,43804,0.0004405908622,0.000411829182
櫻井翔,36.1,96.5,18545,0.0003214893869,0.002061454893
桜田通,1.6,11.5,5792,9.62E-06,8.49E-06
佐々木蔵之介,23.9,85.1,15489,9.82E-05,0.0003306872622
笹野高史,24.4,89,4723,4.73E-05,8.40E-05
佐藤寛太,0.5,11.3,3860,3.77E-05,4.45E-05
佐藤浩市,25.1,86.4,12569,0.0002814572515,0.0007852502871
佐藤勝利,10.6,51.3,7723,7.39E-05,7.97E-05
佐藤二朗,33.6,86.9,11534,6.03E-05,0.0003314514976
佐藤大樹,1.2,13.6,28,1.16E-10,1.46E-10
佐藤健,37.9,86.9,129,2.47E-09,3.09E-09
佐藤隆太,24.1,89.6,6341,0.0001208320734,0.0002746910485
佐野史郎,10.8,85.8,11822,4.47E-05,6.29E-05
佐野勇斗,8.5,35.8,22764,0.0001672131102,0.0001927502692
澤部佑,27.1,93.5,7858,2.22E-05,0.000119604294
沢村一樹,27.1,86.7,13944,7.59E-05,9.91E-05
サンシャイン池崎,21.4,91.5,9967,1.99E-05,2.52E-05
椎名桔平,22.1,83.7,20416,0.0001307715955,0.0004199831559
ジェシー_(アイドル),12,58.1,29891,0.001001094476,0.0002153814637
重岡大毅,8.1,49.9,15995,0.000166289736,0.000214905521
志尊淳,17.3,69.7,93470,0.003012932564,0.006824676901
設楽統,35.2,93.3,8501,0.0002672829423,0.0003438663547
清水尋也,1.4,19.3,12584,2.35E-05,2.94E-05
春風亭昇太,16.1,88.5,8551,1.32E-05,0.0001242110725
城島茂,25.1,94.2,4160,1.75E-05,9.93E-05
笑福亭鶴瓶,30.4,96.5,16451,0.001238200931,0.001441184911
白濱亜嵐,6.4,51.9,8024,0.0001117551209,0.0003641488795
城田優,12.6,83.9,53050,0.0006149346869,0.002862567169
神宮寺勇太,7.3,46.7,4811,8.52E-05,2.13E-05
陣内孝則,15.9,86,5139,0.0001880942239,0.0001217408986
陣内智則,19.3,93.6,19021,0.002786645578,0.001385638013
須賀健太,5.5,51,11315,4.72E-05,0.0004022145644
杉浦太陽,6.2,80.5,14236,5.14E-05,0.0001437118025
杉野遥亮,14.2,43,16889,0.0002025781769,0.001492607288
杉本哲太,13.5,82.8,3602,1.93E-06,2.41E-06
鈴鹿央士,11.5,47.4,23643,0.0005520096465,0.0006731027697
鈴木浩介,11.7,66,313,1.45E-08,1.82E-08
鈴木仁,1.9,8.8,12,2.14E-11,2.68E-11
鈴木伸之,11,40.5,13823,0.0003311034048,4.34E-05
鈴木福,23.9,88.8,29399,0.002582713905,0.006731379445
鈴木亮平,39.6,89.2,152,3.43E-09,4.29E-09
菅田将暉,36.6,92.7,44261,0.003430127566,0.004237090767
駿河太郎,6.5,51,9823,0.0005704055152,2.00E-05
関口メンディー,16.3,81.6,28522,0.0008615536733,0.001313802661
関根勤,24.4,92.6,5830,2.60E-05,0.0002421494018
瀬戸康史,15.2,66,14949,0.0007705077525,7.42E-05
曽田陵介,2.1,6.9,8249,1.01E-05,1.26E-05
染谷将太,7.3,61.2,19805,0.0003326643694,0.0001738675755
反町隆史,28,89.6,24553,0.0008922174801,0.0003370456183
DAIGO,29.6,95,31051,0.003959655876,0.001150935134
醍醐虎汰朗,0.4,7.1,10805,1.73E-05,2.17E-05
髙嶋政伸,9,86.9,6203,0.0002317029762,2.68E-05
髙嶋政宏,7.8,81.4,3941,0.0001487418925,1.02E-05
高杉真宙,11.7,46,11586,3.36E-05,4.71E-05
高田純次,34,90.4,28320,0.0003200733672,0.00108412313
高橋一生,26.4,89.2,23956,0.0004330763089,0.0007795936493
髙橋海人,15.4,58.6,104540,0.00238223375,0.002761512082
高橋克典,23,87.4,14437,3.09E-05,3.87E-05
高橋克実,25.3,90.1,5063,5.89E-05,2.95E-05
高橋茂雄,25.3,92.4,13884,7.11E-05,0.000442954088
高橋英樹,17.7,89.9,95,1.34E-09,1.68E-09
高橋文哉,10.8,24.6,52229,0.002268712441,0.002643882136
高橋光臣,4.8,21.8,14568,3.15E-05,3.94E-05
滝藤賢一,23.2,82.8,26581,0.0002729245971,0.0001760408362
武井壮,13.1,91.9,17065,0.0001579136362,0.0001064271218
竹内涼真,24.1,88.7,36575,0.0003497735194,0.0005142621315
武田鉄矢,15.9,94.2,15559,0.0001313248391,0.001209041129
竹中直人,28,89.2,7310,7.60E-05,0.0002841677723
竹野内豊,37.9,88.7,30189,0.0006034961297,0.0007684044906
舘ひろし,23,89.4,14454,0.0002136598504,0.0005081833917
田中圭,24.1,89,14991,3.82E-05,0.0001038133965
田中卓志,23.7,95.2,16244,7.30E-05,0.0002885976998
田中直樹,19.6,92.9,122,2.21E-09,2.77E-09
田中将大,18.4,88.5,70583,0.01881772201,0.001205647724
田中裕二,15,93.6,442,2.90E-08,3.63E-08
田中要次,14.2,85.8,5186,3.99E-06,5.00E-06
田辺誠一,10.8,72.6,3064,3.36E-05,7.32E-05
谷原章介,15.2,84.2,8913,5.08E-05,0.0002588248948
玉木宏,32,90.3,24296,0.002330027691,0.001048506651
玉森裕太,15.6,75.6,6767,4.08E-05,2.40E-05
玉山鉄二,11,67.6,15268,7.08E-05,0.0001796162037
田村淳,17.5,93.5,22905,0.0001003371463,0.0002104391573
タモリ,40,96.6,42541,0.001878080403,0.004447709666
知念侑李,8.1,65.5,6761,0.0002483255948,0.0003040768658
千葉雄大,15.8,75.2,21908,0.0002380719694,0.0003666223384
千原ジュニア,17.9,93.8,15499,0.0001522057287,0.0009986421967
塚地武雅,21.1,90.8,8266,2.13E-05,0.0001179996046
塚本高史,7.6,66.2,6266,8.23E-05,1.94E-05
津田寛治,7.1,55.4,6223,7.10E-06,2.90E-05
津田健次郎,11.9,35.2,206627,0.00633794457,0.007935352989
土田晃之,14.7,90.4,7328,5.35E-05,0.0002566354936
堤真一,37.3,91,13643,9.51E-05,0.0007797159444
坪倉由幸,5,69,2028,4.78E-06,1.62E-05
妻夫木聡,33.8,90.1,14092,0.0004937938123,0.001357552525
つるの剛士,10.8,91,12820,0.0003393133926,0.0001203735951
ディーン・フジオカ,22.1,86.9,14034,5.87E-05,0.0001390915855
出川哲朗,43,97.7,20110,0.0007000887299,0.001628444447
寺島進,20.9,84.1,7521,1.95E-05,0.0002115468046
寺田心,12.9,85.7,78536,0.001126126578,0.001795213534
寺脇康文,19.6,80.7,9313,9.52E-05,0.0002757351166
でんでん,8.3,63.7,4901,3.57E-06,4.46E-06
堂本光一,21.4,89.7,8340,0.0001507602475,0.0001062364582
堂本剛,22.1,89,11443,0.0002502967506,0.0002340031449
所ジョージ,41.4,96.6,25331,0.0003676857229,0.00182390095
ØMI,6.5,52.6,9492,1.34E-05,1.67E-05
トータス松本,14.2,77.3,7976,3.79E-05,0.0003382099891
戸塚純貴,2.3,19.6,13347,4.16E-05,3.70E-05
戸次重幸,10.3,51,11670,0.0004480097896,4.01E-05
豊川悦司,19.5,81.8,12065,9.25E-05,0.0003189137445
内藤剛志,19.3,85.5,32732,0.000184281689,0.0002360435442
中井貴一,27.1,87.6,11877,0.0001339938119,0.0004715301726
中居正広,32.9,97.2,20031,0.0003303803641,0.001618865896
中尾明慶,16.5,80.7,23334,0.003051705298,0.0009971340858
中川大志,21.1,71.3,28,1.16E-10,1.46E-10
長嶋一茂,14.9,94.2,31485,0.000173631987,0.0005961402666
中島健人,18.8,76.8,19846,0.0004499783679,0.0003490777459
中島裕翔,13.1,57.3,11347,0.0003167480023,0.0007380038061
永瀬正敏,6.7,62.7,6592,4.46E-05,0.0001206783723
永瀬廉,17.9,66.4,22238,0.0007359762552,0.0002547823335
中田圭祐,1.1,6.9,781,9.05E-08,1.13E-07
仲野太賀,20,53.1,41621,0.0009581436146,0.001094236261
中丸雄一,23,84.4,12225,0.000178020356,0.0005821266426
中村勘九郎,7.8,80.2,270,1.08E-08,1.35E-08
中村獅童,10.1,89.6,230,7.85E-09,9.83E-09
中村俊介,5.8,65.1,7751,1.21E-05,1.49E-05
仲村トオル,23,85.1,14939,4.37E-05,4.46E-05
中村倫也,26,80.9,9393,1.31E-05,1.64E-05
中村雅俊,17.3,82.8,17586,0.0001095766226,0.0003180843271
永山瑛太,18.1,72.7,13274,0.001050948126,0.0003902285422
永山絢斗,8.5,49.4,11118,0.0009591025242,0.0001167123721
中山秀征,12.9,91.9,11943,0.0001255099411,0.0005282366484
名倉潤,17.3,91.7,10610,0.000298150391,9.15E-05
生瀬勝久,24.2,84.4,6797,4.65E-05,0.0001023578826
成田凌,12.7,61.2,12570,3.90E-05,0.0002038448637
南原清隆,14.7,92,6675,0.000218942742,0.0003407578178
錦織圭,16.5,92.4,7613,6.29E-05,2.34E-05
西島秀俊,41.4,86.2,68876,0.002242468737,0.003111508601
西田敏行,31.9,92,32867,0.0004006281489,0.002181761616
西畑大吾,6.2,38.4,5551,0.0001158152365,4.67E-05
西村まさ彦,15.9,75.9,5155,1.69E-05,1.44E-05
二宮和也,35.2,96.3,40869,0.001072102132,0.005226084824
温水洋一,18.2,88.5,3312,8.37E-05,5.82E-05
野間口徹,13.1,74.9,8577,1.09E-05,1.37E-05
野村周平,6.4,57.9,11825,0.0001789493536,9.94E-05
野村萬斎,16.1,82.5,14347,3.06E-05,3.83E-05
バカリズム,34.2,92.4,41909,0.0005346546488,0.0007658516929
萩原利久,1.2,13.3,34130,0.0002182901571,0.001423366743
はじめしゃちょー,7.8,64.1,14001,0.0003860150763,0.0001668918857
長谷川博己,15.2,69.6,16903,5.39E-05,0.0008165033176
羽鳥慎一,25.1,90.6,33031,0.0003166344333,0.0009575832934
羽生結弦,31.5,95.8,50302,0.0009683276406,0.007773704011
濱正悟,0.4,4.6,2341,8.14E-07,1.02E-06
濱田岳,29.7,87.4,10906,8.61E-05,0.0003803324102
濱田龍臣,5.8,50.8,17745,4.67E-05,5.85E-05
浜田雅功,35.9,98.4,34412,0.002989860219,0.001101148595
浜野謙太,7.1,49,7129,2.61E-05,7.94E-05
林修,16.1,94.3,15753,5.52E-05,7.02E-05
林遣都,12.4,71,25329,0.001817344198,0.000294429328
速水もこみち,13.6,92.9,16995,4.29E-05,5.37E-05
原田泰造,33.5,94.7,8653,0.0001831651563,0.0002005188409
原田龍二,8,76.5,31328,0.0001456933188,0.000182413699
はるな愛,12.2,93.8,11105,5.99E-05,0.0001037884889
坂東龍汰,2.5,11.7,16831,4.21E-05,5.27E-05
HIKAKIN,14.5,87.4,55176,0.001654768218,0.0006048415628
東野幸治,15.9,96.3,14100,0.0005634114553,0.001254644793
東山紀之,18.9,92.2,34329,0.001702416014,0.00152545403
ビートたけし,25.8,96.8,76828,0.004972741609,0.01998968042
ビビる大木,10.6,89,3868,5.89E-05,9.45E-05
日村勇紀,38.8,96.6,13541,0.0004022244544,7.96E-05
日向亘,1.1,5.3,47449,0.0004496294208,0.0004613437975
平泉成,15.9,85,4752,3.35E-06,4.20E-06
平岡祐太,6,45.3,6288,5.87E-06,7.35E-06
平野紫耀,34.5,76.3,29942,0.0008656258963,0.000524673435
平山浩行,7.1,46.7,5224,2.05E-05,6.10E-05
ヒロミ,26,95.8,19382,0.001429498003,0.002303860983
吹越満,6.5,59.1,4197,2.61E-06,3.27E-06
福澤朗,10.3,86.5,3059,2.38E-05,4.97E-05
福士蒼汰,24.6,85.3,34856,0.000336859302,0.001456562314
福山雅治,38.1,95,107164,0.01312649214,0.007730459817
藤井隆,20.5,82.3,14045,0.0004932630504,0.0004790146052
藤井流星,5.3,40.7,8662,6.71E-05,0.0001456794996
藤岡弘、,17.2,88.1,41401,0.0002544461937,0.000318576526
藤ヶ谷太輔,13.1,73.3,4268,5.21E-05,4.15E-05
藤木直人,21.1,81.6,7089,5.14E-05,9.59E-05
藤森慎吾,14.3,87.4,8865,1.17E-05,1.46E-05
藤原大祐,0.9,5.1,5268,1.94E-05,3.10E-05
藤原竜也,29.9,93.8,11472,7.46E-05,0.0001378235654
船越英一郎,10.1,89,9455,6.51E-05,9.90E-05
古川雄輝,2.5,23,9835,0.0001867915484,0.0001057862865
古川雄大,3.7,17.5,31700,0.0005396285711,0.00112486837
古田新太,23.4,88.3,4877,2.55E-05,9.23E-05
古舘伊知郎,9.6,86.4,8191,9.20E-05,0.0005041379023
別所哲也,8.3,75.2,4164,2.57E-06,3.22E-06
星野源,29.9,94.2,46435,0.003848937242,0.00175232212
細田佳央太,4.2,20.2,13792,0.0003243369615,0.0003666866546
堀内健,17.5,90.8,4417,9.73E-05,0.0002212540262
本郷奏多,7.6,47.6,47006,0.0003280053207,0.0004106754127
毎熊克哉,1.9,13.1,75960,0.0008565332138,0.001072412881
眞栄田郷敦,14,58.2,20006,0.0006542226606,0.0001052935503
前野朋哉,4.1,43.7,1996,5.91E-07,7.40E-07
マキタスポーツ,6.5,53.6,11299,2.60E-05,0.0003539417254
眞島秀和,7.6,43,6973,7.22E-06,9.04E-06
又吉直樹,19.6,94.7,13635,0.0001670711755,0.0003271846327
町田啓太,14.3,45.7,38330,0.001802274418,0.0006612194625
松岡修造,27.3,94,13338,0.000123399291,0.0002777853966
松岡昌宏,23.5,93.8,8538,7.65E-05,0.0002250087362
マツコ・デラックス,51,98.9,26118,0.0002480156732,0.001245151732
松坂桃李,34.2,92.6,20621,0.001415182731,0.0003477894507
松重豊,40.5,89.4,47242,0.0009936949836,0.0004997655085
松下洸平,17.2,57.5,71565,0.002634009954,0.002592502126
松田翔太,19.3,85.1,9695,0.0005566647993,0.0006276227163
松田龍平,14.5,84.1,6764,0.0002307744057,0.0003782320302
松平健,17.2,90.4,41784,0.002036963596,0.001777171341
松丸亮吾,13.3,80.7,12353,2.27E-05,2.84E-05
松村北斗,13.1,36.8,17956,0.0002669009409,0.0008291235808
松本幸四郎,8.7,79.6,2627,2.19E-05,1.31E-05
松本潤,32.2,95,23587,0.0002091032088,0.002667084588
松本人志,41.8,98.9,136547,0.01467181229,0.03692616257
松山ケンイチ,22.5,91.3,21799,0.0001107309562,0.0002291237549
的場浩司,12.6,88.5,5305,1.52E-05,8.30E-05
間宮祥太朗,18.1,67.8,18094,0.00013734631,0.0005242028656
丸山隆平,11.3,61.1,3021,2.91E-05,2.63E-05
三浦知良,22.7,90.4,27317,0.0001351824442,0.0001593982353
三浦翔平,13.3,66.5,8916,0.0002462000807,0.0001359548287
三浦貴大,4.2,44.4,14161,0.0005223543969,0.0002601969672
三浦友和,19.3,82.3,14773,0.0005159216102,0.000318550616
水上恒司,5.1,19.5,631235,0.07215141124,0.0769834079
水沢林太郎,0.4,3.4,18282,6.58E-05,0.0002746346418
水谷豊,29.6,90.1,40671,0.003928850349,0.00177610611
溝端淳平,11.9,76.8,16402,4.95E-05,0.0001008533852
道枝駿佑,13.3,51.5,57602,0.001073306287,0.001203506224
光石研,11.2,53.6,10744,0.0001889035375,0.000115193769
満島真之介,16.1,73.5,23438,0.002567771687,0.0001030571734
峰竜太,5.1,81.8,7083,7.45E-06,9.32E-06
宮川大輔,31.2,95.2,64,6.08E-10,7.61E-10
三宅弘城,5.3,41.8,4587,1.19E-05,0.0004403080349
三宅裕司,13.5,84.6,3372,9.55E-06,3.32E-05
宮沢氷魚,10.1,46.9,14182,2.99E-05,3.74E-05
宮世琉弥,2.7,16.3,35055,0.00113448275,0.0009931318844
宮根誠司,5.5,89.6,8831,2.75E-05,5.00E-05
向井理,24.4,90.1,14714,0.0002789691642,0.0003884164978
向井康二,7.4,34.9,22346,0.000231727264,0.0002247334627
六平直政,9,62.1,3345,1.66E-06,2.08E-06
村上信五,25.1,87.4,6719,3.49E-05,7.05E-05
村上虹郎,8.3,41.8,13180,0.0001004579038,0.0002715049722
ムロツヨシ,46.7,92.9,57835,0.001351784766,0.003383558188
恵俊彰,9.9,86.7,9316,0.0001272642497,0.0001059893247
目黒蓮,24.6,65.3,49787,0.0005812272333,0.001369539008
望月歩,0.7,9.6,4175,2.59E-06,3.24E-06
本木雅弘,21.4,82.7,17507,0.00014748207,0.0003119228067
森崎ウィン,6,39.3,40914,0.0002677162164,0.0003786457832
森山未來,11.2,69.7,11690,0.0001028093599,8.22E-05
柳楽優弥,21.4,72.4,11551,0.0002649906178,0.0009737602424
役所広司,28.5,87.6,93997,0.002027899433,0.005684190956
薬丸裕英,7.8,88.1,9321,7.53E-05,3.27E-05
矢沢永吉,18.4,92.2,50834,0.001704657764,0.005764980284
八嶋智人,23,83.5,14123,0.0002197675774,0.0002560573974
安田顕,32.4,81.9,33094,0.001378607651,0.001429991954
安田章大,6.5,54.9,5820,4.77E-05,5.51E-05
柳沢慎吾,28,91.7,16561,0.0001183070424,0.0004284458833
柳葉敏郎,24.1,88.8,26221,0.0003562181429,0.0004966092564
矢部浩之,19.1,95,6546,0.0002518315445,0.0002911537578
山口智充,25.3,89.7,8710,0.0001008428927,0.0003763918956
山崎育三郎,20.7,73.1,34851,0.0004009601096,0.000771749986
山﨑賢人,26.5,81.4,24084,0.0001953182814,0.0005036344682
山崎弘也,33.8,91.5,7886,2.94E-05,0.0001337066445
山里亮太,26.7,94.2,13575,0.0005477796131,0.0002388954792
山下健二郎,10.6,53.6,14133,0.0007400508015,0.0007777525504
山下智久,28.1,89.6,33192,0.001065202475,0.002547713148
山田孝之,35.9,90.8,63240,0.001554254971,0.005521473141
山田裕貴,24.1,69,49487,0.0003635436387,0.0004551707684
山田涼介,20.2,81.6,25948,0.001462754885,0.001095120726
山中崇,5,41.8,5962,5.28E-06,6.61E-06
山本耕史,20,84.6,15094,0.0002757532153,0.0003101570494
矢本悠馬,7.6,41.6,15281,5.36E-05,0.000255508234
結木滉星,1.1,9.4,6882,0.0001969808347,0.0002367680687
ゆうたろう,2.1,11.3,392,2.28E-08,2.86E-08
ユースケ・サンタマリア,17.2,89.2,7684,5.01E-05,0.0003951593924
横浜流星,27.1,82.1,27619,0.0002901949709,0.002253255711
横山だいすけ,15.6,55.6,8980,1.20E-05,1.50E-05
横山裕,12.9,75,7671,4.29E-05,5.33E-05
吉岡秀隆,15.2,75.6,40369,0.00419267186,0.0004054043432
吉沢亮,30.4,77.2,35213,0.0008941586504,0.001134980678
吉田鋼太郎,25.8,87.4,13745,9.79E-05,0.000311269025
吉村崇,17.2,83,7674,2.50E-05,2.38E-05
ラウール_(アイドル),10.6,55.8,48632,0.0006407741282,0.0004527760577
竜星涼,8.1,35.8,12087,0.0002669019859,0.0001089995396
リリー・フランキー,16.6,82.7,27054,0.0003940779936,0.0006184373932
六角精児,21.9,85.8,15210,6.69E-05,5.47E-05
若林正恭,33.1,90.1,14930,0.000856576595,0.0004406484262
渡辺いっけい,13.8,76.8,4333,9.76E-06,1.12E-05
渡邊圭祐,4.2,22.8,8768,1.44E-05,7.28E-05
渡辺謙,23.4,89.7,16955,0.000279066761,0.0004168133999
渡辺大知,2.3,18.4,5029,6.45E-06,9.92E-06
渡部篤郎,22.7,83.9,78686,0.00378805198,0.002554871173
EXIT_(お笑いコンビ),30.8,87.4,8297,2.21E-05,5.92E-05
おぎやはぎ,27.1,93.1,23787,0.0002026125094,0.0007505871313
かまいたち_(お笑いコンビ),37.3,92.6,62366,0.008073001228,0.002418743643
さまぁ〜ず,33.1,94.3,14261,0.0002583891818,0.0008470300837
サンドウィッチマン_(お笑いコンビ),67.4,98.1,45641,0.001589793494,0.004210785492
JO1,4.1,40,252905,0.00949487228,0.01188794921
シソンヌ_(お笑いコンビ),23.5,66.5,13953,0.0004308896085,0.00010612438
霜降り明星,22.7,86.7,45196,0.001588274616,0.0009763515519
タカアンドトシ,39.1,94.7,20098,0.0003866359432,0.0009294772278
千鳥_(お笑いコンビ),51.5,95.4,57248,0.005898736815,0.004774801121
チョコレートプラネット,40.9,90.1,36313,0.001100446481,0.0002866751658
ティモンディ,19.1,80.5,16976,4.86E-05,5.96E-05
ナイツ_(お笑いコンビ),34.5,88.5,27205,0.0004611650724,0.002021472591
錦鯉_(お笑いコンビ),20.2,90.1,48214,0.001158639206,0.0006639536586
ニューヨーク_(お笑いコンビ),8.8,63,67253,0.00101104296,0.0009909122567
博多華丸・大吉,46.5,94.2,42423,0.002759800329,0.003387599361
ブラックマヨネーズ,22.1,90.6,7714,0.0001231933338,0.0001636904903
ぺこぱ,21.1,89.6,12606,0.0001771228565,0.0001299521275
ミキ_(お笑いコンビ),17,81.4,16445,0.0001001472013,0.0003964096086
見取り図_(お笑いコンビ),14.5,70.6,61903,0.0006765631571,0.002131124938
ミルクボーイ,14.9,82.5,21674,0.0003779796631,0.000789302936
四千頭身,17,78.1,19083,7.75E-05,8.46E-05
和牛_(お笑いコンビ),13.8,73.3,192354,0.0193572521,0.009128102328
相武紗季,16.8,77,17879,0.0004267340321,0.0001207788339
蒼井優,26.4,88,15066,0.0005874595194,0.0008174501259
葵わかな,6,47.6,9548,0.0001629892136,0.0001058496246
秋田汐梨,0.7,2.7,2146,2.39E-06,5.99E-06
秋元梢,2.8,46.9,3338,0.0001136581055,1.18E-05
浅川梨奈,1.4,5.3,19284,5.52E-05,6.91E-05
浅田舞,12.7,80.7,28572,0.001674613494,0.0003225870915
浅田真央,34.7,97.3,24843,0.001539790988,0.003333976026
浅田美代子,11.5,69.9,21493,0.0001616717389,0.0002182110268
浅野ゆう子,14.9,79.3,20295,0.0001093987011,0.0002822584437
朝日奈央,25.1,72.9,25509,0.0002949673075,0.0004837024861
朝比奈彩,5.3,26.5,29299,0.001545329099,0.0002494312993
芦田愛菜,45.8,95.4,67044,0.006182247164,0.01635607397
麻生久美子,18.8,65.8,17259,0.0002651820143,9.73E-05
麻生祐未,8.8,40.5,16585,4.32E-05,9.50E-05
安達祐実,23.2,86.7,59551,0.00120174359,0.005993205698
足立梨花,14.7,69.9,14310,0.0002137249766,0.0001200531825
天海祐希,50.4,91,28740,0.0006631201835,0.002395791303
綾瀬はるか,58.1,95.9,50305,0.001285333222,0.001726487858
新井恵理那,13.3,46.5,9295,1.28E-05,1.61E-05
新垣結衣,52,92.9,42777,0.005423588644,0.005750347609
新木優子,21.4,64.2,71557,0.0009035078761,0.001431367439
嵐莉菜,0.5,2.8,1831,4.98E-07,6.23E-07
有村架純,41.1,88.7,105255,0.008764816976,0.008902949406
杏,35.9,90.8,90,1.20E-09,1.51E-09
アンミカ,27.8,93.1,229143,0.01116433036,0.01257373349
安藤サクラ,25.3,73.8,67416,0.006415535168,0.003160728985
飯豊まりえ,12.2,46.4,16672,0.0004441306304,0.0004019812236
井川遥,24.8,75.8,39418,0.0005812442764,0.0006562525477
生田絵梨花,15.6,56.3,229193,0.01298190928,0.01209515525
池田エライザ,17.5,66.4,28893,0.001059023677,0.0004112236488
井桁弘恵,5.8,26.2,96660,0.004768626602,0.002736595152
池田美優,21.1,87.4,13218,0.0003751431564,0.0001049046325
池間夏海,0.7,3.2,1094,1.78E-07,2.22E-07
池脇千鶴,9.9,51.2,5239,0.0001088024999,0.0002636063486
生駒里奈,6.2,54.3,15014,0.0002676375515,0.0003304550938
石井杏奈,6.4,27.4,274,2.77E-06,1.58E-07
石川恋,1.6,13.3,9644,1.38E-05,1.73E-05
石田ニコル,2.5,29,5960,1.06E-05,4.62E-05
石田ひかり,10.8,68,14043,0.0004569999107,4.28E-05
石田ゆり子,40.7,80.2,28822,0.001068146284,0.000446040764
石野真子,11,68.8,16352,0.0001220061134,5.73E-05
石橋静河,6,28.5,5752,7.23E-05,0.000256867875
石原さとみ,38.1,92.4,53046,0.001237152415,0.006189848226
泉里香,7.6,31.3,19384,5.58E-05,6.98E-05
磯野貴理子,14.7,85.7,27486,0.000700471517,0.0002635019479
磯山さやか,15.4,68.8,39481,0.0003706215682,0.00054386744
板谷由夏,8.1,39.3,13367,0.0001624724393,0.0002770167861
市川紗椰,8,41.2,24500,8.91E-05,0.0001115640518
市川実日子,15.6,51.9,49465,0.0007572846703,0.0008660401877
市毛良枝,11.7,60,24309,0.0001305669429,0.0002366172854
いとうあさこ,36.1,94.9,19068,0.0001308794468,0.000360400325
伊藤歩,2.5,13.8,13814,6.87E-05,0.0002555734606
伊藤沙莉,26.9,61.6,23879,0.001102149937,0.000321563754
稲垣来泉,4.2,11.7,7132,7.55E-06,9.45E-06
稲森いずみ,14.9,63.9,11220,1.87E-05,2.34E-05
井上咲楽,11.5,73.8,69572,0.0007494189839,0.001051914714
井上真央,26.9,76.8,18230,0.0005303452471,0.001621675901
祷キララ,0,1.1,1489,3.29E-07,4.12E-07
伊原六花,5.1,30.3,124690,0.0031010289,0.00462783218
今田美桜,28,65.5,65100,0.003597498358,0.00503779741
IMALU,5.5,77.7,12629,0.000822568654,3.41E-05
芋生悠,0.7,3.2,9608,3.94E-05,9.97E-05
井本彩花,0,3.9,2463,1.98E-05,2.30E-05
イモトアヤコ,36.5,97.5,64261,0.00133554112,0.002192025697
井森美幸,23.2,85.8,7739,3.92E-05,0.0002320072607
上戸彩,34.3,93.1,52920,0.00088117815,0.001344630996
上野樹里,27.4,77.2,35058,0.0003905510906,0.002846963105
宇賀なつみ,5.3,40.7,51997,0.001200747354,0.0005679996881
宇垣美里,6.2,31,19051,5.39E-05,6.75E-05
臼田あさ美,3.5,29,15626,7.89E-05,0.0001315901276
宇多田ヒカル,39.5,94.9,39259,0.0002287982837,0.0002864643457
内田有紀,31.3,79.6,80614,0.009256879109,0.00375714157
内田理央,6.7,40.2,14600,0.0001093036548,4.62E-05
内山理名,9.9,59.3,5594,4.65E-06,5.82E-06
榮倉奈々,29.7,81.1,25625,0.0008926805413,0.0003674679719
江口のりこ,23.7,71.7,76947,0.00179812878,0.001833232097
蛯原友里,8.3,71.3,8551,0.0001351846108,5.07E-05
王林,24.2,73.8,36,1.92E-10,2.41E-10
大久保佳代子,32.4,93.3,27233,0.0007878020894,0.0003682784692
大坂なおみ,16.5,96.8,17200,4.39E-05,5.50E-05
大沢あかね,11.3,77.7,10430,0.0004205952188,2.13E-05
大島美幸,27.6,94.9,5147,8.95E-05,1.61E-05
大島優子,18.9,89,13252,0.0009407694402,0.0004428037947
大竹しのぶ,21.6,90.3,27107,0.00203701711,0.000711934156
大塚寧々,18.2,69.7,6437,6.93E-05,7.57E-05
大友花恋,1.8,22.5,14851,0.0002012436348,0.0003069226576
大野いと,1.8,14,3057,5.11E-06,1.10E-05
大原櫻子,4.2,42.8,7266,5.37E-05,0.0001062348787
大政絢,10.6,55.4,8349,0.0002144831712,0.0001316371596
岡崎紗絵,5.1,14.7,11534,0.0001613323453,6.65E-05
岡副麻希,5.3,38.2,7237,7.77E-06,9.73E-06
岡田結実,13.1,73.3,13635,0.0001064860715,3.46E-05
岡本夏美,0.9,5.1,4006,2.38E-05,3.79E-05
岡本玲,2.8,31.3,9410,2.23E-05,3.11E-05
小川紗良,0.2,3,2869,0.0001153164671,1.82E-06
奥貫薫,6.4,31.7,9278,3.16E-05,5.02E-05
小倉優子,9.9,83.9,11401,2.60E-05,0.0001378505224
押切もえ,4.8,76.3,5320,7.65E-05,3.76E-05
乙葉,14.3,66,32708,0.00110910187,0.0002163786611
小野花梨,2.1,7.4,24024,0.0001086686609,0.0003542457682
おのののか,5.7,74.7,3567,1.89E-06,2.36E-06
尾野真千子,15.9,64.8,10085,3.50E-05,8.78E-05
皆藤愛子,10.8,58.9,25257,0.0001127091332,0.0001928577933
賀来千香子,13.3,64.8,14935,0.000294702975,4.31E-05
筧美和子,7.6,53.3,8395,0.0001764676718,5.16E-05
柏木由紀,6.7,75.2,20966,0.0003370852969,0.0004624462213
片桐はいり,18.8,81.4,8290,1.02E-05,1.28E-05
かたせ梨乃,18.1,76.3,9104,1.23E-05,1.54E-05
片平なぎさ,16.3,72.7,10889,8.32E-05,2.82E-05
片山友希,0,1.9,9853,1.44E-05,1.80E-05
加藤小夏,0.2,1.1,4703,3.28E-06,4.11E-06
門脇麦,15.6,64.2,14640,9.40E-05,0.0001166872571
夏帆,19.3,66,28013,0.0004592249014,0.001540527602
上白石萌歌,16.5,78.1,46915,0.005993854237,0.0005569756938
上白石萌音,22.7,82.8,66082,0.009398281056,0.00472775382
茅島みずき,0.4,3.7,5827,5.04E-06,6.31E-06
河合優実,0.2,0.9,8882,8.80E-05,0.0001140683741
川栄李奈,18.8,71.2,40768,0.0007284724285,0.0007336000028
河北麻友子,15.4,75.2,9967,6.79E-05,0.0002341446348
川口春奈,35.2,79.3,63454,0.000866349387,0.002576144613
川島海荷,7.4,55.6,25935,0.001935571131,0.0008011290252
川津明日香,0.4,3,2814,1.18E-06,1.47E-06
貫地谷しほり,15.2,68,9629,5.04E-05,0.0001984063714
菅野美穂,29.6,82.7,28205,0.000787209275,0.001093949674
菅野莉央,0,2.3,19302,5.53E-05,6.92E-05
菊池桃子,12.9,72.6,19955,7.68E-05,0.0002406784202
岸井ゆきの,11,33.8,52889,0.0007220000285,0.001122968392
貴島明日香,11,42.7,31326,0.0007144148158,0.0008944751109
岸本加世子,11,65.1,4224,2.65E-06,3.32E-06
北川景子,45.3,91.5,70936,0.01027378219,0.006478740198
北乃きい,9.9,74.2,23964,0.0001386249777,0.0001923076269
吉瀬美智子,24.8,75.8,75047,0.0009072846076,0.001559664893
木南晴夏,16.8,53.1,102976,0.01202232868,0.002627000267
木村カエラ,13.8,82.5,18026,0.0004101261296,0.0001919330488
木村多江,24.8,81.4,16887,4.58E-05,0.000123133011
木村文乃,23.7,71.3,19785,0.0003150834694,0.001548234388
キムラ緑子,12.7,53.5,6646,2.19E-05,1.86E-05
木村佳乃,28.5,74.7,50550,0.002485978441,0.001047932607
きゃりーぱみゅぱみゅ,15.6,93.3,21566,0.0001218795989,0.0004626857611
清原果耶,18.8,51.5,24507,0.0004989903393,0.001287700633
桐谷美玲,20.9,80,20750,0.0006343277041,0.0005329846111
草刈民代,10.6,68.5,3597,1.92E-06,2.40E-06
工藤美桜,1.8,9.7,43027,0.0002748251219,0.0003440917364
国仲涼子,13.1,62.7,19101,0.0003734547696,0.0004840671653
久保田紗友,1.9,9.4,8540,2.83E-05,0.0002430669457
久間田琳加,3.2,11.5,16796,7.26E-05,0.0003799481738
倉科カナ,16.5,67.3,36142,0.0002795312812,0.0005060941839
栗山千明,16.3,71.9,16152,0.0002647360002,0.0001733660252
黒木華,23.4,72.2,53188,0.001850464821,0.001604685287
黒木瞳,17.5,82.7,60323,0.00263297696,0.004145235462
黒沢かずこ,25.1,92.9,2097,3.63E-05,1.12E-05
黒島結菜,9,45.1,15297,0.0002172135327,4.85E-05
黒谷友香,6.7,59.1,16675,7.12E-05,0.0001257566439
小池栄子,42.7,91,39950,0.0002781622477,0.0009726529914
Cocomi,6.2,62.7,8173,0.0002373323239,1.42E-05
小芝風花,18.2,57.2,85563,0.001539301873,0.004324652489
小嶋陽菜,8.7,63.7,9967,0.0001150367645,0.0001724641648
小西桜子,0.5,2.3,8245,2.52E-05,0.0001710436559
小西真奈美,17.9,71.7,8003,2.17E-05,4.03E-05
小林聡美,17.2,64.2,15335,8.69E-05,6.95E-05
小松菜奈,20.9,67.8,21227,0.001589799324,0.0008230533855
小雪,13.1,82.5,128,2.43E-09,3.05E-09
近藤春菜,30.8,97,13409,8.84E-05,0.0001031650434
紺野彩夏,1.1,5.5,6875,7.02E-06,8.78E-06
紺野まひる,2.1,27.8,3083,2.54E-05,5.98E-05
紺野美沙子,6.7,55.6,2868,1.22E-06,1.53E-06
財前直見,12,66.7,13323,2.63E-05,3.30E-05
齋藤飛鳥,10.8,58.4,25272,0.0003007225002,0.0002609075726
斉藤由貴,11.3,76.6,23546,0.000255090435,0.001058229902
紗栄子,6.4,67.8,10218,5.35E-05,0.0002286565917
坂井真紀,11.2,62.1,5994,5.65E-05,3.03E-05
酒井美紀,6.5,57.5,16966,0.0001702355556,7.88E-05
酒井若菜,5.7,40.2,21794,0.0001989904261,0.0001391445244
榊原郁恵,23.4,83.4,6906,4.83E-05,3.83E-05
坂下千里子,11.5,74.3,7296,1.19E-05,2.55E-05
坂ノ上茜,0.4,2.7,10124,2.08E-05,4.51E-05
佐久間由衣,6.7,34.7,12984,0.001189891022,8.37E-05
桜井日奈子,8.1,46.4,38203,0.0005159545508,0.0005916474351
桜井ユキ,9,31.2,17946,0.0003659314567,0.0002097287289
桜田ひより,7.4,23.4,72057,0.00173833305,0.001737702121
桜庭ななみ,2.8,36.1,12280,8.00E-05,0.0001957435584
佐々木希,20.7,80.4,20616,0.0003039301008,0.000228425522
指原莉乃,25.3,91.5,20289,0.0001956222762,0.001410033811
佐藤栞里,32.7,75.9,19231,5.49E-05,6.87E-05
佐野ひなこ,3.5,28.8,5238,7.79E-06,1.98E-05
沢口靖子,21.2,80.2,13687,3.34E-05,4.31E-05
SHELLY,18.8,80.2,7350,1.29E-05,2.05E-05
シシド・カフカ,11.3,60.4,7485,3.88E-05,5.92E-05
志田彩良,1.9,7.8,54301,0.001678721798,0.001948848215
志田未来,17.7,72.4,21468,0.001651115704,0.0003450945651
篠原涼子,23.5,90.8,20967,0.0005755176493,0.0002309861374
柴咲コウ,31.3,89,53436,0.001816570649,0.001861888694
柴田理恵,22.3,95.8,8862,5.60E-05,1.54E-05
渋谷凪咲,12.6,41.6,40007,0.0002375999082,0.0002974843218
島崎遥香,5,50.1,18861,0.0002371087625,0.0003551324008
島崎和歌子,18.1,80.9,13347,0.0001431021733,0.0001730535602
清水ミチコ,21.1,82.8,5203,1.40E-05,4.91E-05
趣里,10.1,38.9,214772,0.02318963946,0.008582330618
白石聖,1.9,9.6,51055,0.0003869464416,0.0004844719874
白石麻衣,18.1,72.6,18576,0.0005071040242,0.0003423888674
白石美帆,10.4,63.9,5181,5.17E-05,1.60E-05
新川優愛,7.8,46.2,14753,0.0004213368715,0.0001445533221
杉咲花,19.8,75.6,61464,0.001646813596,0.003806847402
杉本彩,12.9,77.5,7067,7.41E-06,9.28E-06
鈴木京香,18.6,74.5,11436,0.0001202304962,0.0008750044772
鈴木砂羽,15.9,63.2,6137,2.56E-05,3.18E-05
鈴木奈々,11.5,85.5,15652,3.64E-05,4.55E-05
鈴木保奈美,13.8,73.8,10918,0.0001928744871,0.0001552623868
鈴木ゆうか,0.9,5.1,5807,9.58E-06,3.53E-05
鈴木梨央,6,44.6,29364,0.0001380483561,0.0001732155818
須藤理彩,4.2,39.1,10862,1.75E-05,2.19E-05
鷲見玲奈,7.4,45,40824,0.0003455388473,0.0004326280697
清野菜名,23.5,61.9,22748,0.001266852677,0.0001856711781
関水渚,1.6,9.7,15082,4.83E-05,0.0003217252799
瀬戸朝香,11.9,64.1,9880,0.0001813336969,7.74E-05
染野有来,0.4,2.3,1328,2.62E-07,3.28E-07
大地真央,19.5,80.2,15866,0.001092259517,0.0004213246128
平祐奈,4.8,42.3,7310,6.03E-05,5.97E-05
高岡早紀,11.9,70.1,100108,0.006941573461,0.009241801284
高島彩,12.4,66.7,13222,2.60E-05,3.25E-05
高嶋ちさ子,25.5,89.6,47027,0.00109892443,0.0007603156949
高島礼子,14.7,77.7,10056,1.79E-05,0.000320583485
高梨臨,8,36.1,20553,0.0001022881933,0.0007034425591
高橋惠子,8.1,50.6,8801,4.70E-05,3.45E-05
髙橋ひかる,7.8,30.3,20389,6.17E-05,7.73E-05
高橋ひとみ,9.4,58.9,10272,1.57E-05,1.96E-05
高橋真麻,12.2,86.2,6349,1.13E-05,1.49E-05
高橋みなみ,7.1,72.4,8171,0.0001171624302,0.0003890665692
高橋メアリージュン,12.9,66.4,27084,0.0001258446494,0.0001918515066
高畑淳子,18.8,79.1,11942,2.12E-05,2.65E-05
高畑充希,28.1,83.2,23707,0.0008385853696,0.0006006205657
瀧内公美,1.6,8.8,50042,0.001370551062,0.001682144214
滝川クリステル,8.8,90.6,16646,0.0007168204852,0.0005051264735
滝沢カレン,32.6,91.5,63310,0.0007418995235,0.0009874956815
瀧本美織,10.1,55,11967,7.07E-05,4.58E-05
竹下景子,14.2,61.6,7066,0.0001304696743,0.0002025130804
武田梨奈,2.7,16.6,9270,0.0001038945081,0.0001637665186
武田玲奈,3.5,20.2,12373,0.0002738126509,0.0003912224407
田中美佐子,14.5,62.7,12405,2.28E-05,2.86E-05
田中道子,3.7,25.7,19337,5.55E-05,6.95E-05
田中みな実,21.4,84.4,100354,0.002745280893,0.002363016914
田中律子,11,66.7,9119,0.0005498157091,0.0007310285077
田中麗奈,9.4,63.4,72356,0.0007771831861,0.0009730635619
田辺桃子,1.9,7.8,11394,0.0001112393733,0.0005510290169
田鍋梨々花,0.7,4.8,1913,1.79E-06,5.38E-06
谷まりあ,9.4,43.2,41116,0.0005524024032,0.0003262129298
多部未華子,29.9,78.2,45640,0.00161564155,0.002512059752
玉城ティナ,5.5,47.3,6247,0.0001047408284,0.0002498263336
ダレノガレ明美,8.1,84.8,12354,2.75E-05,3.33E-05
檀れい,18.2,73.3,68783,0.003389827799,0.001563480843
壇蜜,19.5,89.9,25137,0.0001245394828,0.0003028961915
千秋,11.7,90.1,131,2.55E-09,3.19E-09
知花くらら,3.9,40.5,3996,2.37E-06,2.97E-06
土村芳,1.6,7.8,9192,7.91E-05,0.0001349578322
土屋アンナ,14.9,88,20573,9.62E-05,0.0005068942056
土屋太鳳,21.6,88.7,30573,0.00180607798,0.001250180756
恒松祐里,4.8,14.9,16892,6.82E-05,0.0002106520124
椿鬼奴,22.3,83.2,5589,4.64E-06,5.81E-06
鶴田真由,11.7,56.6,8988,0.0001176891584,3.41E-05
出口夏希,0.7,2.8,108115,0.002459314325,0.002615784035
寺島しのぶ,13.3,72.9,19662,0.0001961148255,0.0003750392748
當真あみ,1.8,10.1,18161,5.42E-05,0.0002603834718
常盤貴子,22.1,76.3,25542,0.0003825252953,0.001431942065
徳永えり,1.9,15.2,6629,6.52E-06,8.17E-06
戸田恵梨香,35,87.4,21708,0.002029486631,0.0007372916514
戸田恵子,25.8,77.2,23561,0.0002603776538,0.0001318492956
戸田菜穂,9.2,49.4,13091,2.54E-05,3.19E-05
富田望生,10.3,37.7,93273,0.002520683992,0.001899840369
富田靖子,8.3,55,5358,6.10E-05,0.0001154651857
ともさかりえ,9.4,76.5,13827,0.0001931884296,0.000150478955
友近,28.3,93.3,11767,4.71E-05,0.0003152868389
豊嶋花,0.4,5.3,31199,0.0003469780342,0.0003953353811
トラウデン直美,5.1,39.3,24349,8.80E-05,0.0001101930919
トリンドル玲奈,13.1,77.9,7737,2.41E-05,1.14E-05
なえなの,2.7,22.3,16875,4.23E-05,5.29E-05
奈緒,13.3,39.1,22511,0.0006947089646,0.0006737333235
仲里依紗,22.1,72.7,75275,0.01054094095,0.001516884406
長井短,1.9,21.1,4913,3.58E-06,4.49E-06
中川翔子,27.8,91.3,15037,0.0001258097595,7.77E-05
中越典子,7.3,51.2,11370,1.92E-05,2.40E-05
永作博美,28,74,8853,0.0002099047467,0.0001098499126
長澤樹,1.1,5.5,5780,1.67E-05,3.58E-05
長澤まさみ,41.4,92.4,56419,0.002936820044,0.01073629474
中島セナ,0,3.4,2421,5.06E-06,3.84E-06
中条あやみ,21.6,70.3,53825,0.001577208155,0.0009055624599
中谷美紀,22.8,76.5,19929,0.000121306763,0.0002924564425
永野芽郁,35,76.5,44250,0.002673385934,0.003483120006
長濱ねる,7.6,39.5,20768,8.63E-05,9.11E-05
仲間由紀恵,30.1,90.3,21399,0.0004355715912,0.0007207491691
中村アン,17.2,66.2,20743,6.39E-05,8.00E-05
中村静香,5,23.9,11516,1.97E-05,2.46E-05
中村ゆり,8.8,28.5,23327,0.0003696513037,0.0004780701467
中村ゆりか,0.9,8,13085,0.0001906354243,0.0002487483964
中山美穂,9.6,78.4,20865,0.0002878270882,0.0008107024773
夏川結衣,11.5,46,7830,0.0001669031752,9.40E-05
夏木マリ,26.4,81.8,16314,6.05E-05,0.0001095742466
夏子,0.4,6.2,1907,5.40E-07,6.76E-07
夏菜,8,52.7,8863,3.34E-05,9.00E-05
名取裕子,17.7,70.3,8874,3.14E-05,5.79E-05
菜々緒,27.3,84.6,42063,0.0002930513572,0.0004761933562
成海璃子,8.7,61.6,6006,7.56E-05,0.000113389985
二階堂ふみ,21.6,80.9,50238,0.002206962876,0.001500587864
西田尚美,11.9,46.7,10267,2.43E-05,9.94E-05
西野七瀬,13.5,56.8,35325,0.0008487919189,0.0004944047895
仁村紗和,0.5,3.5,29329,0.0002310050247,0.002153570264
生見愛瑠,19.3,66.9,103081,0.001577362611,0.001974919308
萩原みのり,0,2.7,127615,0.002565873537,0.003931002731
橋本愛,7.6,46.5,508,3.83E-08,4.80E-08
橋本環奈,35.2,83.5,97433,0.003666790482,0.004496501907
橋本マナミ,10.8,73.1,8965,1.19E-05,1.49E-05
長谷川京子,12.2,71.9,9043,2.19E-05,3.77E-05
羽田美智子,16.6,63,13102,8.12E-05,9.61E-05
畑芽育,0.9,3.2,24730,0.0001102518044,0.0001321229253
馬場ふみか,5,26.2,15670,0.0001969066744,0.0002105446071
濱田マリ,19.5,74.9,4975,3.67E-06,4.60E-06
浜辺美波,25.8,72,143194,0.009492363061,0.01686466496
早見あかり,5,36.8,13103,3.43E-05,0.0002349869148
原沙知絵,4.6,47.1,6337,5.96E-06,7.46E-06
原菜乃華,2.1,12,100997,0.0028544093,0.001997203082
原日出子,6.9,60.9,3707,6.40E-06,3.16E-05
原田知世,16.6,68.5,14203,0.0008023678015,0.00045736311
原田美枝子,9.7,47.6,5252,7.24E-05,0.0002693228412
波瑠,26.9,82.3,16808,0.0003045439667,0.0006891491263
比嘉愛未,22.8,62.1,11574,0.0003309781635,0.0001011891787
樋口可南子,10.6,70.6,14298,3.90E-05,0.0002076633087
ヒコロヒー,16.3,69.4,57741,0.000494928996,0.0006196703433
久本雅美,18.2,92.7,8388,6.41E-05,2.72E-05
平岩紙,7.4,37.7,7315,7.94E-06,9.95E-06
平子理沙,1.6,48.8,8462,1.06E-05,1.33E-05
平手友梨奈,8.5,63,71410,0.002171250535,0.001625131096
広末涼子,28.3,91.2,18872,0.0001241199758,0.0002587742793
広瀬アリス,33.3,88.3,66943,0.01042417728,0.002243637042
広瀬すず,35.8,93.1,38996,0.007568613559,0.005468832809
ファーストサマーウイカ,19.8,74.7,66490,0.0007767695063,0.001018257495
笛木優子,6.4,43.5,14752,3.23E-05,4.04E-05
深川麻衣,1.6,8.8,7564,8.49E-06,1.06E-05
深田恭子,32.7,91.5,39329,0.0006442886739,0.003400453748
深津絵里,28.5,72.9,25524,0.0006602578162,0.001028490689
吹石一恵,11.2,72,54578,0.005920322677,0.0005927557717
福地桃子,5.1,23.2,8587,0.0001649983316,3.67E-05
福原遥,21.1,53.3,72381,0.006844572425,0.007310126072
福本莉子,3.5,15.8,26974,0.0002626698275,0.0002389687589
藤田ニコル,15.4,92.9,23051,0.00189726162,0.0005567440864
藤田弓子,7.4,58.9,1422,3.00E-07,3.76E-07
藤野涼子,0.7,6.2,2741,1.12E-06,1.40E-06
藤間爽子,1.4,10.1,4630,3.18E-06,3.98E-06
藤本美貴,13.6,69.2,41795,0.0002593122033,0.0003246689593
藤原さくら,3.9,23.2,7719,1.25E-05,2.62E-05
藤原紀香,11.9,83.7,133254,0.01434960536,0.007178887537
風吹ジュン,19.1,69.4,30816,0.0002663114013,0.001693014141
古川琴音,5.1,21.1,74411,0.001025129322,0.001324449764
古畑星夏,1.6,8.3,8690,0.0001235043826,8.76E-05
フワちゃん,18.9,96.6,22136,0.0001403424711,0.0004584229
ベッキー,11.9,94.2,27996,0.0005928630141,0.001327809711
辺見えみり,7.8,74.3,7339,1.17E-05,1.53E-05
北斗晶,20.5,91.7,5795,4.99E-06,6.24E-06
堀田茜,12.7,51.2,16207,4.44E-05,6.70E-05
堀田真由,6.7,28.1,65869,0.001640243969,0.0009103531589
ホラン千秋,19.6,87.1,45254,0.0003164209372,0.0008293523378
堀内敬子,8.1,38.9,44413,0.0002928158059,0.0003666167721
本上まなみ,8.5,56.3,18466,0.0001530867528,0.0001037076803
本田翼,25.8,88.1,21490,6.86E-05,8.58E-05
本田望結,11,83.4,38003,0.0002282933037,0.000721424194
前田敦子,9.9,88.5,11062,0.0007493479018,0.0004354813438
マギー_(モデル),5,63.9,8327,1.15E-05,2.16E-05
真木よう子,14.5,72.2,10594,0.0002379076489,0.0001446561677
蒔田彩珠,2.1,10.1,7181,0.0001390436078,0.000158588102
マーシュ彩,2.1,10.6,13301,0.0002841019933,0.0003557066994
益若つばさ,5.5,72.2,13604,0.0002722523517,0.0005382755044
松たか子,35.8,89.9,16728,0.0009482654303,0.001423343496
松井愛莉,4.1,26.5,5597,0.000167414377,3.81E-05
松井玲奈,6,54.7,22178,0.0005447931413,0.0002352634236
松岡茉優,20.2,65.7,25949,0.0007737588046,0.0009021959821
松風理咲,0.2,1.9,1774,4.67E-07,5.85E-07
松坂慶子,13.8,68.1,12372,2.61E-05,3.60E-05
松下奈緒,20.7,80,44733,0.0004734617,0.0008673176489
松下由樹,23.4,77.9,23830,0.0002809162248,0.0002091095848
松嶋菜々子,33.1,87.8,23266,0.0006525871696,0.0003294453643
松嶋尚美,8.8,76.1,4658,8.66E-06,1.12E-05
松島花,2.8,19.3,13148,2.57E-05,3.21E-05
松田聖子,14.5,89.6,47758,0.004120377095,0.003787234508
松田るか,0.4,3.4,14491,3.12E-05,3.90E-05
松本伊代,12,85.5,7752,0.000277948271,0.0002871901307
松本穂香,11.3,51.2,67583,0.00107512274,0.003133001775
松本まりか,13.1,51.7,35914,0.001039842975,0.0004499165407
松本若菜,9.2,19.8,110176,0.001801973078,0.002256140345
松雪泰子,23,70.4,6674,9.26E-06,0.0002155489
真飛聖,5,25.3,19126,0.0001077850527,0.000119514726
眞鍋かをり,9.7,77.5,9794,4.29E-05,0.0002359625573
真矢ミキ,22.8,79.5,8349,0.0001301093788,2.27E-05
丸山桂里奈,11.9,86.7,11629,2.01E-05,2.51E-05
萬田久子,8.1,70.3,6144,1.27E-05,3.03E-05
萬波ユカ,0.5,3.5,615,5.61E-08,7.03E-08
三浦透子,3,20.5,13032,2.52E-05,3.16E-05
見上愛,0.7,5,34748,0.000255687905,0.0008242592451
水川あさみ,17.5,72.4,25176,0.002805784006,0.0005604771903
水谷果穂,0.2,6.7,5341,2.72E-05,1.28E-05
水野真紀,7.1,66.5,31667,0.0005840516899,0.0002333534999
水野美紀,19.6,68.7,14348,0.0002437918989,0.000132265168
水原希子,11.3,75.9,5864,2.49E-05,1.29E-05
光浦靖子,15.6,88,5488,0.0001448725001,5.83E-05
観月ありさ,17.9,83.4,10583,0.0001884787932,0.0002458986454
満島ひかり,29.4,77.3,39694,0.00555660589,0.00229387117
三戸なつめ,2.5,49.7,2299,7.85E-07,9.82E-07
南果歩,8.1,65.5,6628,9.08E-05,1.15E-05
南沙良,3.5,13.3,14190,0.0003152236795,0.0002208956727
南沢奈央,4.1,33.6,23891,0.0003051267221,0.000149727993
南野陽子,10.3,75.8,24825,0.0003558357219,0.001002384794
美村里江,6.4,24.4,12773,2.42E-05,3.03E-05
宮﨑あおい,23.9,82.1,22566,0.00241520017,0.001560076006
宮崎美子,28.5,88.1,9599,3.90E-05,0.0001616761541
宮澤エマ,8.1,35.9,70692,0.0007418478352,0.0009288223289
宮沢りえ,22.5,85.1,18144,0.0004635203369,0.0003749775659
宮本信子,11.2,50.3,4114,2.51E-06,3.15E-06
宮本茉由,0.5,5.5,5034,4.45E-06,1.36E-05
宮脇咲良,6.5,31.3,96562,0.002368463701,0.003079796675
三吉彩花,5.3,32.2,14694,0.0004419074672,6.71E-05
村上佳菜子,11.2,68.5,18116,4.87E-05,6.10E-05
村上知子,18.9,93.8,1345,2.71E-05,8.84E-06
室井滋,21.8,78.6,4683,2.58E-05,2.21E-05
MEGUMI,17.3,73.5,27316,0.0004008631897,0.000544666835
本仮屋ユイカ,9.9,61.9,16516,7.43E-05,0.0002893410851
桃井かおり,17.7,77,9416,5.82E-05,0.0001474229965
百田夏菜子,15.2,65,11438,0.0001658514841,0.0002734188031
森泉,18.8,88.5,4498,1.59E-05,1.99E-05
森絵梨佳,1.6,7.8,2688,4.41E-06,4.32E-06
森七菜,11.3,56.6,16762,0.0001041426671,0.001164952283
森星,10.1,55.4,2483,8.38E-06,1.05E-05
森尾由美,12.9,59.8,16175,0.0003586903122,7.86E-05
森川葵,8.1,26.2,61428,0.002598658438,0.001141498504
森口瑤子,9.9,42.8,9353,1.30E-05,1.63E-05
森田想,0.2,2.7,901,2.83E-06,1.07E-05
森田望智,1.8,6.5,7429,8.19E-06,1.03E-05
森高千里,20.7,77.3,26247,0.0009696957672,0.0002381184287
八木莉可子,4.1,14.5,36404,0.0001967308677,0.0002463146943
薬師丸ひろ子,23.2,84.1,96735,0.006073388117,0.003128765042
安めぐみ,11.5,73.3,8591,4.97E-05,5.64E-05
安田成美,17.2,69.7,8186,0.000221101133,0.0002141473596
安田美沙子,8.8,65.3,5356,1.15E-05,4.18E-05
矢田亜希子,16.3,73.8,17000,5.74E-05,7.90E-05
箭内夢菜,2.8,5.7,23873,0.0003739326381,0.0002136391878
柳ゆり菜,0.7,11.5,5626,1.66E-05,1.65E-05
柳原可奈子,19.6,88.5,8030,2.66E-05,6.38E-05
矢作穂香,1.4,6.9,8220,6.20E-05,6.13E-05
山口紗弥加,9.9,44.2,9762,0.0001725712225,4.43E-05
山口智子,31.5,68.7,11863,0.0004297511771,0.0006173655292
山口まゆ,1.8,9.4,73,7.91E-10,9.90E-10
山口もえ,14.5,85.7,10257,1.56E-05,1.96E-05
山崎静代,18.6,86.5,3032,5.77E-05,4.83E-05
山崎紘菜,3.5,17.5,7564,7.92E-05,2.68E-05
山下美月,5.8,32.2,37696,0.0007635100903,0.0006932027201
山田杏奈,3.5,13.8,77617,0.001029613996,0.001946032031
山田真歩,2.5,15.2,6386,6.05E-06,7.58E-06
山田優,9.4,75,44,2.87E-10,3.60E-10
山之内すず,6.9,67.6,28934,0.0004144751174,0.0006353170314
山本千尋,1.4,7.6,30373,0.0001369461024,0.000171461844
山本舞香,11.5,47.3,33649,0.001159884446,0.001043516965
山本美月,15.2,64.6,11752,0.0007190080485,5.87E-05
YOU_(タレント),26,86.7,22669,0.0001025485175,0.0004058834699
優香,26.2,83.5,15164,0.0003795815026,0.0003030133996
優木まおみ,7.4,63.9,28451,0.0002096504042,0.0002799606334
古川優奈,8.7,62.7,43329,0.0002786965728,0.0003489389434
ゆりやんレトリィバァ,20.5,89.7,18899,0.0001984625771,7.89E-05
余貴美子,14.5,57.7,9395,0.0002228229749,0.0002258986717
横澤夏子,23.2,86.7,15772,0.000114404592,0.0001737418946
横田真悠,3.7,14.3,11343,8.50E-05,0.0001697538749
吉岡里帆,29.2,81.9,52356,0.001957476248,0.002172827838
吉川愛,8.7,24.8,38573,0.0007344114463,0.0003179109574
吉田美月喜,0,2.1,692,2.80E-06,4.36E-06
吉田羊,34.7,80.4,12432,3.54E-05,3.20E-05
吉田莉桜,0.5,3.5,726,7.82E-08,9.80E-08
吉高由里子,37,83.4,64601,0.002887019681,0.006331224837
吉谷彩子,3.9,22.8,22354,7.42E-05,9.29E-05
吉永小百合,28.7,85.7,18524,0.0001364409842,0.0007433800955
芳根京子,18.4,55.2,38518,0.001337788553,0.0007571845609
与田祐希,3.5,17.3,12389,4.99E-05,0.0001075197422
米倉涼子,33.3,94.5,17851,9.06E-05,0.0001067830187
米倉れいあ,0.7,4.1,6352,5.99E-06,7.50E-06
RIKACO,10.4,75.8,15361,0.0006560974236,6.68E-05
莉子,2.3,10.1,54,5.66E-08,7.09E-08
りょう,19.6,74.2,54,4.33E-10,5.42E-10
遼河はるひ,10.4,61.9,11338,7.12E-05,0.0002195707928
LiLiCo,23.5,86.7,10291,7.43E-05,2.87E-05
蓮佛美沙子,8.8,38.6,21206,0.0003194743325,0.0001219740155
ローラ_(モデル),25.3,94.7,9666,1.63E-05,2.34E-05
若月佑美,1.8,9.2,8900,3.48E-05,9.06E-05
若村麻由美,10.4,45.5,22925,0.0001171697391,0.0002381225461
和久井映見,18.4,65.1,17924,0.0001929596492,0.0002088769364
和田アキ子,15.8,97.9,36048,0.0004934108522,0.003231578895
渡辺えり,18.6,78.1,4688,4.92E-05,0.0001052945276
渡辺直美,38.8,97.5,15584,0.0001231892579,0.0006879221457
渡辺真起子,3,28.7,3731,9.33E-06,5.33E-05
渡辺満里奈,15.6,73.8,7850,8.44E-05,1.20E-05
阿佐ヶ谷姉妹,40.9,95.8,33644,0.0001913304072,0.0012290355
ガンバレルーヤ,29.4,89.7,23776,0.000255542382,0.0003371606119
3時のヒロイン,17.7,82.1,33604,0.0004377237032,0.0006872485581
ぼる塾,19.5,78.6,87141,0.001646625487,0.001439157033