哀川翔,18.1,89.9,18.6,90.8,12749,31465,29132,11500,17867,12961,9921
相葉雅紀,47.6,96.3,43.9,94.7,32110,21994,22885,12688,12520,16561,17850
青木崇高,11.2,52.9,10.4,52.2,7913,11622,9925,6704,7677,8845,9886
青柳翔,1.4,15,2.1,12,3104,2431,2344,1904,9209,19518,7662
明石家さんま,52.7,98.6,46.5,97.7,29622,25059,39043,43677,36966,45741,34895
赤楚衛二,10.3,29.9,16.5,36.6,286993,93094,141650,92535,113454,101870,696348
秋山竜次,37.2,92.4,32.7,91.9,16387,15334,9423,6951,12555,11349,7220
浅野忠信,17.2,80.2,20.2,80.9,192519,58302,17215,9246,7331,8033,8566
浅利陽介,14.7,71.2,15.4,72.2,31176,24082,8911,10541,4802,8481,7207
厚切りジェイソン,19.8,90.4,19.5,89.6,21941,12802,8827,7889,8365,9191,9541
あばれる君,22.8,94.7,22.7,93.8,25335,9445,12633,10370,9347,15258,10536
阿部サダヲ,32.4,89.6,35.2,91.3,18147,32471,47520,8048,10333,12736,50039
阿部寛,53.6,96.1,55.2,96.3,99764,52330,40180,22903,24263,35006,51271
天野ひろゆき,15.6,89.2,15.8,90.6,6649,5907,11052,9545,10361,8956,10470
綾野剛,24.1,87.1,23.2,88.7,44228,35429,20792,19576,24157,81132,26637
荒川良々,11,72.7,13.5,75.6,5553,5976,5725,4213,5919,11287,19751
荒木飛羽,0.5,6.7,1.9,7.6,5106,19878,15729,34170,45957,13135,5881
新田真剣佑,15.6,73.3,17,74.7,29688,22914,55325,33356,32243,129633,23401
有岡大貴,8.7,53.1,9.9,57.3,11901,8692,6220,8426,6924,9758,5377
有田哲平,33.5,96.3,32.4,95.9,17618,15164,14384,21252,16172,16300,15247
有吉弘行,42.1,98.2,39.5,98.8,34889,48729,24400,24364,41586,53479,31396
飯尾和樹,38.2,91.3,39.6,92,14105,24780,13437,8346,9285,12729,16205
井浦新,14.3,53.5,21.2,58.6,19593,23413,19812,72807,21882,40273,25440
生田斗真,29.4,85.7,31.5,84.8,25366,22497,32485,41549,22452,23691,105746
池松壮亮,6.2,42.3,8.3,52.2,10937,67580,14752,14226,11016,31212,12357
伊沢拓司,15.8,72.2,13.1,75,31468,37912,24455,12218,16559,17397,12605
石塚英彦,28.8,94.9,26.9,93.5,6422,5881,5337,6609,6865,6013,5295
石橋貴明,20,91.9,18.1,92.2,18773,17544,22829,20485,13062,21014,9952
石原良純,20.5,94.7,17,93.3,13353,10811,11753,21896,11864,9456,11605
石丸幹二,10.3,60.7,11,61.9,15193,15453,15860,11797,16199,8999,8285
伊集院光,20.2,90.3,16.3,90.6,23644,31856,35166,16311,13478,17184,26147
泉澤祐希,1.8,17.9,2.1,20.7,37665,3747,10318,9944,7086,15782,15408
磯村勇斗,13.1,48,15.8,49.9,87392,36215,16907,15892,15534,20248,26053
板尾創路,12.9,78.6,12.6,83.5,14777,21203,6218,5361,4666,6235,8968
板垣瑞生,1.4,9.2,1.9,7.8,19233,12682,10834,9017,5737,7177,5811
板垣李光人,1.8,10.3,5,20.5,11759,39121,247320,85271,168683,84603,36693
市川猿之助_(4代目),14.3,81.1,11,80.4,29533,47974,19099,14284,14049,18010,32255
一ノ瀬颯,1.4,7.6,0.7,9.4,41604,12008,7399,4451,4188,26328,11777
市原隼人,19.5,79.6,24.1,84.2,46981,26045,29614,34407,21170,32003,17118
市村正親,15,82.8,15.6,86.9,10778,5966,5704,7460,39138,39905,44496
IKKO,29,98.4,28.8,97.5,8061,13525,7202,10153,6678,24622,10114
井手上漠,1.8,12.9,1.4,15.8,40286,27385,31693,23428,38116,21656,16927
伊藤あさひ,0.7,3.5,0.4,6,2174,1675,1810,3115,3090,1835,3065
伊藤淳史,20.2,82.1,21.8,85.8,7055,6635,6901,11315,5733,18405,8056
伊藤英明,18.4,82.7,25.3,86.5,15496,18423,17402,63615,11820,130295,49073
稲垣吾郎,18.2,91.7,15.4,91.3,9135,7851,11933,12605,10217,15002,8780
稲葉友,2.8,15.9,2.1,17.9,14458,9226,15217,9572,13188,15317,9751
犬飼貴丈,3.9,18.2,5,22.8,56330,45094,21732,16504,14062,31172,76902
井上祐貴,0.5,4.2,0.4,3.4,7014,6321,14634,6974,11365,34292,10464
伊野尾慧,13.3,69.9,11.3,68.7,18419,11269,7422,7256,7354,9393,6600
井ノ原快彦,31.9,88.8,27.8,89.6,7876,6239,29390,40355,18885,21055,8256
井之脇海,3.9,31,6.7,39.3,64762,153004,38907,42287,90023,8448,5256
伊原剛志,9.2,69.2,13.5,70.8,12372,16399,6858,9622,4934,7054,5817
伊武雅刀,15.6,79.6,17,83.2,7913,14050,18058,5298,6314,13849,14779
今井翼,12,66.9,7.4,68.7,5620,4677,8478,25398,5038,9128,3032
今田耕司,29.2,96.1,26,95.4,12212,26750,23746,10151,14402,19949,37573
岩田剛典,24.4,69.7,18.2,68,22863,16850,63489,29204,39011,18557,47740
上田晋也,30.4,94.9,28.3,92.9,13507,15727,14100,12596,7996,11735,13926
ウエンツ瑛士,20.2,93.1,16.5,94.2,13388,10799,13045,8105,6184,6426,6335
宇梶剛士,17.7,79.8,14.9,81.1,17487,16822,18092,11429,16590,12842,10766
内野聖陽,19.5,64.2,19.5,65,14009,16534,12597,37301,17597,22540,18663
内村光良,48.8,96.8,46,96.1,28851,21489,17592,10254,12981,15579,13502
ウド鈴木,16.8,92.4,16.1,91.9,4955,6635,10460,3966,6719,7531,9572
梅沢富美男,18.9,95,18.6,95.8,13395,15361,9207,12598,9007,24695,10749
江口洋介,24.8,85,31.5,89.7,14766,18957,41066,15261,15361,13695,10884
柄本明,25.7,84.2,23.9,87.1,17314,11148,13078,14446,10698,24753,14601
柄本佑,22.7,75.8,20.9,77.5,20914,13777,12135,38908,11801,55778,29752
柄本時生,12.7,76.3,13.3,78.8,9967,6435,8796,12514,7435,24872,15722
遠藤憲一,41.6,92.4,39.1,91.5,10550,11378,13094,9869,10709,20839,32684
遠藤章造,8.7,80.2,9.7,82.5,14900,7938,4874,10205,4893,5394,6672
及川光博,25.5,89.6,26.9,89.9,26890,13263,41443,12912,13752,29367,11372
大泉洋,50.8,95.9,52.2,95.6,43615,40586,45138,53519,62589,48534,28401
大倉孝二,13.6,58.8,9.6,61.1,12631,8505,5433,3768,2225,2747,2144
大倉忠義,12.2,64.4,11.5,65.5,13296,10432,12850,11367,17013,16826,7715
大沢たかお,20.2,79.3,23.4,83.2,22025,11867,10165,16143,23109,18789,11075
太田光,20.5,91.5,13.5,92,14677,24071,12601,5262,13534,12155,13823
大谷翔平,59.5,96.5,55.8,97,337962,256626,212857,100473,85548,117335,117183
大谷亮平,15,71.3,13.3,69.7,35636,11660,11792,29067,7639,20163,8195
大森南朋,16.5,72.2,17.5,75.9,137248,13765,10353,14827,14301,44886,84792
岡田圭右,10.6,84.6,10.4,85.5,6312,9782,6280,6688,4994,8728,5046
岡田准一,36.8,90.8,40.9,93.1,31311,73094,29563,25580,20764,70052,42343
岡田将生,22.8,75,21.4,78.6,13528,12794,48590,43798,53787,43914,13105
岡村隆史,31.7,95.2,29.2,96.1,18295,20318,18144,19055,18904,28314,18509
岡山天音,6.2,41.9,6.4,48.1,14783,26490,11204,5018,7319,19163,41517
奥田瑛二,7.3,63.7,6.7,65.1,8329,6035,14520,7471,8782,15992,10420
奥平大兼,1.6,10.1,0.5,8.1,2525,3418,3401,3572,3007,4465,2482
小栗旬,38.1,92.4,40.9,93.6,50483,31343,43599,42532,92160,82903,28197
小澤征悦,10.8,81.4,12.6,79.6,19249,22076,10658,7614,12156,13378,15695
織田裕二,22.1,88.3,20.9,89.2,18532,14176,15256,13071,13939,15242,22401
オダギリジョー,23.5,87.4,26.5,88.1,14283,79031,35082,24815,24027,13793,13843
音尾琢真,3.5,18.8,3,19.6,4139,3918,7705,4926,6223,11993,8843
尾上松也_(2代目),11.5,74.3,12.9,76.6,10618,25958,39226,22496,27069,16749,21247
香川照之,39.6,90.4,21.2,92.4,344728,576202,37766,21578,25513,18535,20660
賀来賢人,33.6,85.3,35.2,85.1,29698,40092,18950,20758,27647,98924,34792
角田晃広,20.9,69,22.3,74.2,4183,3165,6998,5498,4598,10642,3980
筧利夫,10.1,76.1,14.7,78.2,3391,3485,5013,8874,25685,9951,2974
風間俊介,22.8,83.5,31,87.6,41106,47252,33876,26852,37669,40081,18223
笠松将,3.4,29.2,2.7,27.3,33285,5682,5634,3970,12712,21973,20005
春日俊彰,24.6,96.5,23.9,96.6,14265,13454,13565,13842,17824,18313,13133
カズレーザー,33.6,96.1,34,96.8,35439,30143,52682,45326,37793,41550,35948
加瀬亮,8.3,53.6,10.3,59.3,10640,10239,8654,11562,12176,12335,9827
片岡愛之助_(6代目),11.2,82.5,11.9,85.1,8201,7294,6459,6337,5364,9096,24975
片桐仁,13.6,69.4,11.9,72,7541,6845,6101,4440,4265,11979,6712
片寄涼太,6.4,36.5,4.8,46,11999,5324,4790,20276,61379,323180,33872
勝地涼,6.5,76.8,7.1,78.2,10019,4234,11068,10028,6002,37373,32269
勝俣州和,13.3,85.1,12.2,87.1,13941,6908,6730,6529,7965,7975,8799
勝村政信,14,75.8,13.6,80.2,5482,14522,11941,17895,10921,7948,5553
加藤浩次,20.5,92.4,21.6,92.7,33283,17227,12853,49306,17346,19891,16767
加藤清史郎,10.3,72.9,9.9,74.5,40086,24896,15994,15167,5519,24439,6611
加藤諒,14.3,88,12.7,87.8,30267,7244,6509,7191,8077,7446,9193
香取慎吾,28,95.6,25,95.9,16798,16173,13328,16527,18038,25231,14804
要潤,14.9,86,16.8,86,7038,5976,6070,7434,9278,7609,7043
金子大地,1.1,9,1.2,12.9,154140,43340,22097,13311,17886,7803,5001
金子ノブアキ,6.4,41.2,6.7,43.7,8179,7550,6746,24413,9824,12944,7342
川平慈英,15.2,84.4,14.5,88.3,7269,14130,5012,56684,18056,4927,3114
神尾楓珠,8.3,38.6,7.3,37.5,63485,48324,26407,19495,22119,90488,36269
上川隆也,17.2,73.3,17.3,73.1,33155,23923,13926,11887,17299,48991,11636
神木隆之介,33.8,89.2,32.9,88.3,21447,26190,28842,48763,31473,34697,18853
上地雄輔,8.8,85.5,10.8,87.4,38906,16571,9424,10106,7703,10913,8849
亀梨和也,21.8,93.6,19.1,92.6,13756,10484,13738,11747,12358,18501,12998
唐沢寿明,30.8,84.2,31.2,87.3,10944,12549,11150,10073,8414,13051,10176
河合郁人,10.8,61.4,15.8,65,28033,10831,14835,13259,9365,9580,12507
川島明,25.8,86.4,28.1,87.3,36433,32463,25941,20471,49604,26118,20181
神田正輝,6.9,75.4,6.7,77.3,8700,7385,10106,5413,8574,9017,6514
カンニング竹山,16.6,94,16.3,94.3,11537,12450,9179,15585,11743,15128,12596
菊池風磨,22.8,64.4,25,68.1,139466,52615,40883,33166,34278,64338,143802
岸優太,17.3,59.1,21.4,64.6,21519,29131,21445,77970,23536,39180,31216
岸谷五朗,13.5,75.4,13.6,76.5,7247,5657,7158,7147,12919,18518,15198
岸部一徳,19.3,86.2,22.1,88.1,14224,14862,28822,11896,11820,18597,25826
北大路欣也,21.6,87.6,26.4,90.1,17287,16271,16204,20265,21993,44789,12384
北村一輝,27.3,83,25.8,85.8,36730,189752,36956,12587,25731,33639,21309
北村匠海,21.8,68,24.8,74,45281,27249,25295,19660,34308,122792,127394
北村有起哉,5.7,43.2,7.1,48.8,68596,10360,10317,6594,52284,7515,4377
北山宏光,4.6,58.4,5.1,60.2,7774,6948,4297,4971,5039,9780,5040
吉川晃司,16.8,80.2,20,79.6,20091,18343,50180,66854,221281,22601,15899
木梨憲武,29.9,92.4,27.3,93.3,6751,6601,7082,7735,8520,11019,6269
木村昴,14.3,57.3,17.3,67.8,57177,53775,25537,107345,40474,120104,155892
木村拓哉,31.3,96.5,34.2,98.2,44419,49692,56875,124714,51552,215515,76503
桐谷健太,24.6,86.9,25.8,90.1,10320,6985,12992,12201,34733,15584,11175
桐山漣,5,28.3,4.6,28.3,74820,33102,17723,10179,7527,11917,8383
草刈正雄,23.7,86,25.1,88.7,16340,30761,16948,16170,16009,24815,68179
草彅剛,27.6,94.2,24.4,94.3,25142,17150,15415,19780,33453,102943,47144
くっきー!,21.1,88,18.6,89,18109,19564,11027,9426,15533,21082,14546
工藤阿須加,15.9,65.8,12.4,63.7,33473,26563,32497,17776,9306,41578,8857
國村隼,16.8,78.9,16.6,81.9,19738,18917,5957,10476,6123,5459,4970
窪田正孝,23.4,78.8,21.2,80,12202,26745,20331,31004,11905,13357,11913
黒羽麻璃央,0.9,8.8,1.1,10.8,31782,15259,16539,16527,13095,12340,29486
桑田佳祐,42.1,91.3,45.3,92.9,25425,27766,84189,58971,63851,39589,28310
劇団ひとり,30.3,94,26.9,94,23531,27312,19011,16844,19040,19229,12723
ケンドーコバヤシ,22.7,91.9,23,91.9,20894,13705,15003,11936,12577,36442,17655
小池徹平,15.9,83.7,15,86.9,11915,8792,15808,10521,22844,12440,5044
小泉孝太郎,21.9,91.3,20.9,92.4,39644,60217,30123,12857,9801,27540,9783
郷ひろみ,15,92.4,17.5,93.5,60391,86271,31580,60190,51505,53770,19972
高良健吾,8.3,48.8,10.6,54,13966,12602,9803,9585,7894,8145,8570
国分太一,24.6,92.9,22.3,94,7305,6843,7695,9828,7341,12590,8090
児嶋一哉,26.4,89.2,26.9,90.8,9474,5790,5829,7691,5746,7759,5663
小関裕太,3.9,34.5,5,37.2,16179,13100,15838,11485,15906,20489,18062
小瀧望,3.4,23.7,4.6,25.1,15660,12012,10791,9191,8527,9673,6036
小手伸也,13.1,71.7,13.5,74.5,6973,4036,4736,7925,9206,19536,18723
後藤輝基,20.2,86.7,21.9,90.1,6758,6459,4372,6662,6440,9541,4611
小峠英二,32,94.3,34.2,95.4,20685,20933,17640,15788,14035,22147,14467
小林薫,13.3,69.9,16.5,74,6961,7015,12136,14919,15942,10030,5153
小日向文世,29.9,86.5,33.1,89.6,7381,11824,11448,6264,6229,16820,22300
駒木根葵汰,0.7,3.5,0.4,3.4,7857,3479,7011,5433,5521,6946,16084
小宮浩信,10.4,72.4,10.6,75.9,5638,6934,5245,4637,6321,5307,5361
小宮璃央,0.4,7.6,1.2,8.8,9350,10264,31823,16554,8064,23698,11542
小籔千豊,16.3,88.5,12.7,88,15473,13993,13273,12946,12634,25321,9479
今野浩喜,8.5,68.8,7.6,71,8418,6309,11663,10038,7102,10675,7665
斎藤工,29,88.7,27.8,89,22129,18457,14500,21982,19600,30481,21164
堺正章,15.2,93.3,15.2,92.9,12997,18110,10547,11695,13248,16670,13940
堺雅人,33.3,89.9,31,89.9,17659,16690,17935,17339,20901,38144,16368
坂上忍,13.3,94.9,10.8,95,14568,12923,17943,9875,10091,15580,16216
坂口健太郎,21.9,79.1,25.8,81.2,58861,80499,40043,32420,33827,23629,21558
櫻井海音,1.8,8.5,1.4,12,17915,26513,18617,23131,17576,44438,14398
櫻井翔,36.8,95.9,36.1,96.5,31779,26056,26750,21575,28085,59686,53130
桜田通,1.2,11.3,1.6,11.5,10172,9893,9865,6912,12929,15503,8754
佐々木蔵之介,24.1,81.2,23.9,85.1,11113,46018,24073,19241,20936,19571,13637
笹野高史,25.1,87.1,24.4,89,9719,4956,4448,5276,7249,34876,6225
佐藤寛太,1.9,13.3,0.5,11.3,56750,12997,14732,5641,3655,5097,6159
佐藤浩市,25.1,84.6,25.1,86.4,15959,12249,21423,24001,19034,11771,11049
佐藤勝利,10.1,46.5,10.6,51.3,32275,13748,8797,8951,16278,25560,8028
佐藤二朗,30.3,86.4,33.6,86.9,74567,16525,15212,10523,19755,22166,13305
佐藤大樹_(ダンサー),1.8,14.7,1.2,13.6,5637,5051,6323,9808,6538,3678,2614
佐藤健_(俳優),35.9,80.7,37.9,86.9,56823,62094,51325,54656,121011,138935,55594
佐藤隆太,21.8,88.5,24.1,89.6,7748,6456,4422,3139,5332,6274,5893
佐野史郎,11.3,81.4,10.8,85.8,14477,13963,22222,10596,15401,8482,22670
佐野勇斗,8,38.9,8.5,35.8,54486,37113,18299,22924,20434,27886,10347
澤部佑,25.1,93.5,27.1,93.5,10527,11940,7795,5786,9801,21197,12623
沢村一樹,28.3,85.1,27.1,86.7,33912,19594,42947,12166,24878,27339,11371
サンシャイン池崎,21.1,91.5,21.4,91.5,23295,15987,24430,45929,13452,14018,21102
椎名桔平,20.9,79.1,22.1,83.7,11114,12101,17525,10131,7061,8121,10046
重岡大毅,6.7,49.7,8.1,49.9,26293,14175,10615,12122,10836,18515,11345
志尊淳,16.6,67.3,17.3,69.7,15460,14226,14479,10110,11340,12954,15913
設楽統,34,92.2,35.2,93.3,13861,21191,12473,13221,14629,15585,12619
清水尋也,1.4,18.9,1.4,19.3,15730,7889,14188,5871,4428,7901,6725
春風亭昇太,11.7,86.2,16.1,88.5,11368,13518,27955,8907,9643,13834,28372
城島茂,28.1,92.6,25.1,94.2,8649,9104,7792,9999,6045,11366,7805
笑福亭鶴瓶,34.9,97,30.4,96.5,17968,29047,27527,14853,13646,24712,135137
白濱亜嵐,8.8,53.8,6.4,51.9,18993,7452,6313,7818,6657,11444,8622
城田優,12,80.7,12.6,83.9,14333,17852,9876,12877,9395,15533,8428
神宮寺勇太,8.1,39.1,7.3,46.7,10832,12209,13162,56354,17359,26515,19346
陣内孝則,18.6,83.7,15.9,86,8488,10767,5323,4295,5114,5225,4921
陣内智則,21.2,92.9,19.3,93.6,16459,15279,10837,8824,11162,30650,19738
須賀健太,6.9,46.9,5.5,51,50486,18217,12067,14628,11136,13109,10338
杉浦太陽,7.4,76.5,6.2,80.5,14105,14391,9369,10697,11581,16748,18207
杉野遥亮,11.3,40.7,14.2,43,104472,67321,26906,32608,27417,176837,56445
杉本哲太,13.3,76.8,13.5,82.8,5326,4440,5749,4036,12635,14440,14272
鈴鹿央士,4.6,33.5,11.5,47.4,73074,62291,387349,221829,232774,85189,22533
鈴木浩介_(俳優),9.7,59.5,11.7,66,5655,8709,15053,10614,5375,17308,13508
鈴木仁_(俳優),1.8,8.8,1.9,8.8,7492,7096,7432,4521,4706,11530,11512
鈴木伸之,11.2,35.8,11,40.5,25598,12654,25199,42108,36768,128114,61372
鈴木福,21.4,88.3,23.9,88.8,36423,30523,23668,48820,36058,41024,38473
鈴木亮平_(俳優),34.3,85,39.6,89.2,30137,26054,64016,74813,50983,57315,68328
菅田将暉,33.3,92.2,36.6,92.7,72497,174815,67338,52498,46092,48305,53794
駿河太郎,6.5,48.1,6.5,51,24912,60161,20087,4309,7091,11437,28817
関口メンディー,17.5,84.6,16.3,81.6,16871,23298,28442,16317,9336,29094,10731
関根勤,28,93.1,24.4,92.6,12033,11787,8251,6884,5846,10933,7313
瀬戸康史,14.2,62.1,15.2,66,25134,24275,47605,42710,66042,54805,21704
染谷将太,6.7,54.3,7.3,61.2,18048,23778,19039,14751,20583,28942,29602
反町隆史,29.2,87.8,28,89.6,31007,30602,25737,19006,16862,51417,18834
DAIGO,33.6,95.6,29.6,95,39852,19397,22875,26100,30004,35247,30656
醍醐虎汰朗,0.5,3.9,0.4,7.1,8749,6507,13568,79942,40990,9370,6346
髙嶋政宏,7.3,78.4,7.8,81.4,11147,7095,17059,8433,12001,8525,11936
高杉真宙,8.3,35.8,11.7,46,62350,37290,101045,174616,92022,45783,19511
高田純次,32.6,87.4,34,90.4,11658,12969,20357,16709,15131,18077,19653
高橋一生,28.1,87.3,26.4,89.2,97122,25766,19257,20629,31012,57325,28757
髙橋海人,11.2,49.9,15.4,58.6,27418,24747,48919,77251,55810,41504,26280
高橋克典,21.6,82.8,23,87.4,19172,26697,85644,27462,30092,108216,48497
高橋克実,22.7,87.6,25.3,90.1,5934,10438,17626,4058,3598,10884,4148
高橋茂雄,21.9,91.7,25.3,92.4,27376,26874,12335,9804,65334,35970,29913
高橋英樹_(俳優),15.6,87.4,17.7,89.9,10336,12652,9841,8167,18526,16635,10080
高橋文哉,6,18.2,10.8,24.6,31611,39022,274654,223251,161663,168831,67078
高橋光臣,3.7,19.3,4.8,21.8,7869,5290,17108,5847,6802,7516,9001
滝藤賢一,19.5,74.2,23.2,82.8,13019,14597,10694,8913,15665,70014,14202
武井壮,17,91,13.1,91.9,20278,14717,10569,30549,14525,15457,8295
竹内涼真,23.4,82.3,24.1,88.7,91844,55914,40321,14384,14860,15971,13636
武田鉄矢,17.7,92.9,15.9,94.2,14000,19197,13249,13334,15232,17151,14063
竹中直人,29.9,86.4,28,89.2,14061,9417,7992,7910,6999,8887,7084
竹野内豊,31,84.1,37.9,88.7,23556,20620,23680,20745,23932,81911,20811
舘ひろし,26,87.3,23,89.4,34065,15355,14399,13304,13483,11683,11029
田中圭,25.1,85.1,24.1,89,78474,53232,24610,26705,15479,35491,48722
田中卓志,26,94.3,23.7,95.2,19194,77139,21529,15232,15156,78872,22183
田中直樹_(お笑い芸人),18.8,92,19.6,92.9,10701,5970,4854,5070,4822,12432,13470
田中将大,24.2,88.5,18.4,88.5,105073,84583,57981,39169,24678,58833,38079
田中裕二,16.8,92,15,93.6,318,348,612,259,15012,2352,694
田中要次,11.7,80.2,14.2,85.8,9335,6985,4583,5265,3596,7122,2324
田辺誠一,11.5,69.2,10.8,72.6,7194,6229,4487,6569,40690,6886,4613
谷原章介,13.6,79.6,15.2,84.2,22239,28548,29627,31744,11775,55370,20752
玉木宏,28.3,87.4,32,90.3,27802,31165,20604,16849,21669,31394,16712
玉森裕太,11,67.8,15.6,75.6,75441,42478,37725,20561,22802,24476,18325
玉山鉄二,11.5,65.5,11,67.6,8408,7752,11698,7520,6803,9485,8012
田村淳,19.5,92.6,17.5,93.5,28843,23103,14135,11412,18966,21882,16574
タモリ,42.7,96.6,40,96.6,27241,35043,54830,36378,46020,40773,52891
知念侑李,9,64.8,8.1,65.5,16183,7819,7336,8758,8682,11486,5738
千葉雄大,18.6,73.5,15.8,75.2,20488,22637,20847,11690,10885,76123,33916
千原ジュニア,18.9,93.8,17.9,93.8,14804,17603,13179,12111,14461,26220,13023
塚地武雅,15,88,21.1,90.8,12305,6008,8617,6302,13375,17453,18151
塚本高史,8.1,64.1,7.6,66.2,11727,15265,11442,7004,41165,20438,11239
津田寛治,6.7,53.8,7.1,55.4,11065,14878,10640,9168,6114,14525,5858
津田健次郎,9,24.2,11.9,35.2,119063,245091,73382,67729,90302,115944,104262
土田晃之,17.2,89.9,14.7,90.4,9919,5298,5011,7266,10511,5843,11880
堤真一,37,90.1,37.3,91,10970,41409,25517,16445,11687,10130,8030
妻夫木聡,29,87.1,33.8,90.1,12251,26990,13203,125870,26575,90838,30387
つるの剛士,9.9,89.9,10.8,91,17858,14961,6777,6756,7643,9278,11478
ディーン・フジオカ,20.5,86.2,22.1,86.9,23793,34665,25857,19277,22399,32656,39883
出川哲朗,39.8,97.2,43,97.7,20869,19414,19992,13636,21107,32796,19133
寺島進,20.2,82.1,20.9,84.1,6108,7323,8199,5541,6150,12277,25843
寺田心,12.7,87.4,12.9,85.7,45781,94282,19955,27902,50815,26882,23001
寺脇康文,17.3,76.6,19.6,80.7,19437,11857,74614,12605,15592,13277,11948
でんでん,6.9,58.2,8.3,63.7,9293,6338,9738,8888,8852,6318,5570
堂本光一,21.9,88.5,21.4,89.7,16585,10037,8396,15557,27060,22555,19464
堂本剛,22.7,88.5,22.1,89,28062,31394,17519,26170,48425,35150,17979
所ジョージ,47.6,98.1,41.4,96.6,20275,14923,23643,15654,17345,26339,22976
トータス松本,14.9,72.9,14.2,77.3,6600,3590,3694,12529,3313,3043,2336
戸塚純貴,3.9,19.6,2.3,19.6,20074,16751,13712,8114,6843,19870,11050
戸次重幸,12,51.5,10.3,51,28108,18282,16769,7312,9089,18723,12004
豊川悦司,18.4,77.5,19.5,81.8,11075,9046,25562,29705,11654,21065,116060
内藤剛志,20.7,83.4,19.3,85.5,20488,10499,15645,9686,8970,14439,9849
中井貴一,25.3,83.4,27.1,87.6,18622,14257,34840,34185,55250,18908,23445
中居正広,29.4,96.8,32.9,97.2,26270,20289,34118,123696,104566,85412,24184
中尾明慶,12.6,75.6,16.5,80.7,18929,20740,39147,15057,16925,36367,21697
中川大志_(俳優),15.8,61.9,21.1,71.3,94076,148747,244178,50882,70087,55664,24924
長嶋一茂,15.2,92.2,14.9,94.2,35090,48676,26847,45759,30922,27260,41525
中島健人,18.2,75.2,18.8,76.8,29321,23225,32193,26671,34932,33606,21442
中島裕翔,12.6,55.2,13.1,57.3,55041,37038,15018,14560,14593,34234,38468
永瀬正敏,5.8,60.9,6.7,62.7,18595,18937,8126,4546,4707,5784,5745
永瀬廉,11.9,54.7,17.9,66.4,46109,46628,33895,113575,45155,137266,70065
中田圭祐,0.7,8.8,1.1,6.9,13106,8658,1938,2874,1591,4663,4976
仲野太賀,20.2,51.9,20,53.1,58570,77619,48263,51811,27687,18315,17840
中丸雄一,23.9,81.9,23,84.4,56779,22888,24669,16415,16864,18690,14034
中村勘九郎_(6代目),8,78.4,7.8,80.2,5129,6337,3959,5584,13202,6403,8174
中村獅童_(2代目),9.4,85.1,10.1,89.6,32835,26927,8358,6991,9618,11197,32427
中村俊介,6.9,66.5,5.8,65.1,3449,3213,8257,5859,7421,6267,5952
仲村トオル,24.4,80.7,23,85.1,12940,18750,12469,7571,10539,20420,12570
中村倫也,28.3,77.2,26,80.9,93656,75168,67291,37320,37781,33589,26313
中村隼人,0.7,13.6,0.5,19.3,19,107,169,331,132,917,359
中村雅俊,15.6,75.2,17.3,82.8,11587,22435,16076,10583,16403,13810,12433
永山瑛太,19.6,70.4,18.1,72.7,13308,12684,11161,15361,16767,15757,13237
永山絢斗,8.8,44.8,8.5,49.4,9163,9167,8340,6242,11889,42542,22934
中山秀征,14.2,90.8,12.9,91.9,25017,31381,11125,9210,19843,10639,10678
名倉潤,18.1,89.4,17.3,91.7,7003,5025,17928,149450,6142,5067,5472
生瀬勝久,23.9,82.8,24.2,84.4,12260,7367,12747,6626,5508,10716,31315
成田凌,14.7,63.4,12.7,61.2,14595,11185,13634,20387,8810,9469,8561
南原清隆,15.9,88,14.7,92,8517,5773,7025,8314,16464,6884,5743
錦織圭,24.6,90.4,16.5,92.4,17810,17057,15880,12898,29416,23368,8564
西島秀俊,34.5,79.8,41.4,86.2,57335,148746,45636,46006,45242,95847,37741
西田敏行,33.5,91,31.9,92,16306,13232,13338,14584,24552,24848,19641
西畑大吾,5.5,35.8,6.2,38.4,27285,16949,14903,19078,15144,18758,12494
西村まさ彦,17.7,73.5,15.9,75.9,21454,5650,6771,8395,9617,12667,8788
二宮和也,36.5,95.2,35.2,96.3,84024,27326,27127,55448,50914,42336,28871
温水洋一,20.4,87.8,18.2,88.5,5484,4544,5202,3693,3917,3807,3838
野間口徹,11,68.7,13.1,74.9,11247,4600,14413,4569,5292,14493,19367
野村周平,6.9,58.8,6.4,57.9,20962,15058,77132,14655,14935,47946,23555
野村萬斎,15.6,79.1,16.1,82.5,7733,10825,10304,6449,7403,23873,20306
バカリズム,35.9,92.2,34.2,92.4,21867,25026,18005,26625,14697,63792,56976
萩原利久,0.9,12.2,1.2,13.3,48217,16541,15587,8952,20831,28196,23875
はじめしゃちょー,12.9,63.5,7.8,64.1,51121,25367,25747,16026,26909,29597,16323
長谷川博己,16.8,67.4,15.2,69.6,11335,12039,11832,12853,12687,12698,15604
羽鳥慎一,26,91.5,25.1,90.6,33219,13582,52428,12481,15562,18015,10430
羽生結弦,34.3,95.8,31.5,95.8,45877,24448,26575,29658,52121,25508,21399
濱正悟,0.5,5,0.4,4.6,2806,3082,3057,22354,40487,4526,2921
濱田岳,25.1,84.4,29.7,87.4,19161,20224,13369,11558,15035,80791,155340
濱田龍臣,4.8,50.1,5.8,50.8,29193,19085,10303,19691,6087,4716,5134
浜田雅功,36.8,96.3,35.9,98.4,27657,41345,53054,22928,27086,70815,49982
浜野謙太,8.1,50.3,7.1,49,7570,6553,8924,5847,9258,5800,20610
林修,21.1,95,16.1,94.3,18211,14395,12282,11932,10717,15616,25902
林遣都,13.1,65.1,12.4,71,97365,34652,30437,12562,11438,30264,9748
速水もこみち,15.4,91,13.6,92.9,14675,30780,15041,10624,10115,12382,13304
原田泰造,31.2,92.6,33.5,94.7,10911,7906,5986,8502,10214,8724,5674
原田龍二,9.9,74.9,8,76.5,16342,19161,21771,15793,13495,21049,13508
はるな愛,13.5,92,12.2,93.8,9036,6621,6386,7603,6348,6832,6081
坂東龍汰,1.6,11.5,2.5,11.7,166643,51485,11371,8047,9489,131208,64268
HIKAKIN,19.8,88.5,14.5,87.4,81137,54545,36237,29058,50938,54182,38636
東野幸治,15.9,94,15.9,96.3,15024,14550,11373,8578,14644,16182,10273
東山紀之,22.7,91,18.9,92.2,13275,15071,12031,22485,11672,28109,9946
ビートたけし,32.4,97.5,25.8,96.8,36118,30764,28048,27100,30318,35225,31640
ビビる大木,11.9,89.4,10.6,89,5937,10533,4764,6625,5068,7066,4077
日村勇紀,36.6,96.8,38.8,96.6,19406,24386,19398,18638,21315,37050,36410
平泉成,15.9,85.5,15.9,85,4309,5077,3533,5889,5157,6684,4515
平岡祐太,4.8,41.4,6,45.3,7117,6493,6673,4735,27258,20821,7728
平野紫耀,26.5,69.6,34.5,76.3,81517,68212,131808,280377,127811,122219,69661
平山浩行,6.2,41.6,7.1,46.7,4347,3040,5123,6064,4887,8545,4810
ヒロミ,26.2,94.7,26,95.8,15752,14887,20321,20111,20322,20150,22661
吹越満,7.3,56.8,6.5,59.1,6176,5029,5901,6468,4413,6775,7257
福澤朗,11.3,86.9,10.3,86.5,3213,5387,4762,2252,2556,4012,2770
福士蒼汰,23.7,85.7,24.6,85.3,16417,17263,19161,12311,13075,48462,24101
福山雅治,34.9,93.5,38.1,95,52911,164121,39304,26102,95254,34325,29067
藤井隆,20.2,80.4,20.5,82.3,15062,11826,14405,14598,10322,6836,6492
藤井流星,3.7,41.4,5.3,40.7,11987,10669,8991,8019,5456,11030,7213
藤岡弘、,18.9,88.3,17.2,88.1,15724,31159,8474,15915,20330,80189,29460
藤ヶ谷太輔,11.2,67.1,13.1,73.3,12706,12581,7878,19785,27257,148782,13214
藤木直人,24.2,79.5,21.1,81.6,11630,11729,19089,7186,9016,58310,15201
藤森慎吾,15.9,86.9,14.3,87.4,14832,16139,16964,15030,12394,26535,38385
藤原大祐,0.2,4.8,0.9,5.1,12009,18114,10511,6827,5769,24416,9691
藤原竜也,30.8,93.8,29.9,93.8,19810,82031,16738,13120,16569,41148,25848
船越英一郎,11.2,87.3,10.1,89,8074,9007,23608,12682,9572,8186,10325
古川雄輝,3.4,25.7,2.5,23,16124,10904,10562,9325,5821,7298,7006
古川雄大,3.7,18.4,3.7,17.5,22538,9943,30959,63091,23606,15798,16633
古田新太,23.7,86.7,23.4,88.3,10178,13668,20741,15117,5032,15541,10694
古舘伊知郎,12.6,86.2,9.6,86.4,7573,8872,10712,7333,10915,12291,7039
別所哲也,9.7,71.7,8.3,75.2,53285,10773,5181,4159,4077,4678,18169
星野源,32,93.3,29.9,94.2,49973,31103,30401,32316,54341,49838,40150
細田佳央太,2.8,17.3,4.2,20.2,20780,19505,18185,8268,9992,6849,4441
堀内健,19.5,91.3,17.5,90.8,7161,4456,3897,3987,5779,4545,4218
本郷奏多,8.7,44.6,7.6,47.6,27370,18482,18777,13303,12848,17147,11247
毎熊克哉,1.4,14.3,1.9,13.1,12581,12002,4788,3212,6893,9573,7268
眞栄田郷敦,11.3,52.4,14,58.2,21864,18831,81416,83158,79339,120919,30849
前野朋哉,3,39.8,4.1,43.7,2883,1753,2097,1364,1644,8385,6644
マキタスポーツ,6.7,49.4,6.5,53.6,4645,6524,13681,9571,12590,13962,6769
眞島秀和,6,40.9,7.6,43,11206,24578,13058,8561,9118,45992,20538
又吉直樹,19.6,93.1,19.6,94.7,20361,22384,16954,12191,9816,10289,10809
町田啓太,10.4,31,14.3,45.7,135921,90391,52770,26323,93096,42316,35060
松岡修造,28,95.2,27.3,94,12747,14736,11428,11921,12274,11809,10826
松岡昌宏,26.2,92.4,23.5,93.8,7813,8820,9530,12712,6161,21788,15260
マツコ・デラックス,52.6,98.6,51,98.9,41863,32101,38996,34226,25711,43630,29778
松坂桃李,33.6,90.6,34.2,92.6,37329,34123,105597,67459,45160,27903,24187
松重豊,34.9,87.6,40.5,89.4,36094,40494,48398,69123,66531,121987,45209
松下洸平,13.8,49.4,17.2,57.5,50244,34192,112261,97542,71017,45512,33817
松田翔太,20,81.9,19.3,85.1,7381,15291,7962,9243,9185,9313,6549
松田龍平,16.3,82.1,14.5,84.1,8819,16220,8210,8437,8921,10389,7311
松平健,19.8,88.1,17.2,90.4,43872,51595,81557,27245,36945,45319,16416
松丸亮吾,17.7,80.2,13.3,80.7,26851,12119,19733,11270,19356,17015,11302
松村北斗,7.6,34,13.1,36.8,42079,35424,39307,64406,59497,51896,32876
松本幸四郎,7.8,77.2,8.7,79.6,463,817,606,2313,3620,2566,3220
松本潤,36.3,94.7,32.2,95,20823,15278,12770,15149,35316,85693,30725
松本人志,40.5,97.5,41.8,98.9,26767,33556,26159,19817,25946,29887,28765
松山ケンイチ,25.5,86.7,22.5,91.3,10550,30619,22130,17724,10362,30631,53663
的場浩司,15.6,86.5,12.6,88.5,17607,8104,8951,4237,6830,8560,13966
間宮祥太朗,19.8,65.5,18.1,67.8,78945,46619,21773,24727,13053,16237,28785
丸山隆平,12.7,66.4,11.3,61.1,3777,3346,3710,3757,4690,4775,6450
三浦知良,24.1,88.3,22.7,90.4,22965,25990,40471,63031,69215,45356,31935
三浦翔平,16.3,67.8,13.3,66.5,22444,21353,13510,20545,14618,12972,9550
三浦貴大,4.8,43.2,4.2,44.4,12137,6437,26645,19603,21615,15877,7768
三浦友和,18.9,82.1,19.3,82.3,19378,15997,19524,21877,20933,11921,10534
水谷豊,28.5,89.6,29.6,90.1,30020,21595,67877,26673,50331,42144,22815
溝端淳平,14,71.5,11.9,76.8,15311,5563,13444,15175,11356,22085,28395
道枝駿佑,14.5,48,13.3,51.5,61006,28874,26671,33249,33914,53030,26827
光石研,9.4,52,11.2,53.6,17203,19328,23421,6545,5680,7996,8448
満島真之介,18.2,70.8,16.1,73.5,31182,47187,14059,7742,24785,32048,13828
峰竜太,6.2,80.7,5.1,81.8,5775,7211,4335,7686,5797,5204,4895
宮川大輔_(タレント),30.4,94.7,31.2,95.2,8081,8841,9479,17215,7035,18610,11726
三宅弘城,5,41.2,5.3,41.8,3716,4259,2937,2303,3756,3035,3874
三宅裕司,11.9,82.3,13.5,84.6,12532,5969,18366,4252,4722,5756,6348
宮沢氷魚,8.8,39.6,10.1,46.9,141168,109978,35344,58076,20287,46749,176859
宮世琉弥,1.9,11.9,2.7,16.3,8571,16749,98623,101738,97770,76585,45382
宮根誠司,6.2,86.7,5.5,89.6,14263,9496,9058,7738,13423,7449,9088
向井理,27.1,87.8,24.4,90.1,33967,22977,15517,19609,17938,27184,17961
向井康二,6.7,34.5,7.4,34.9,37960,32329,25203,23528,24769,40043,26159
六平直政,10.3,62.8,9,62.1,8506,3956,5151,7167,3632,4133,10685
村上信五,21.6,85.5,25.1,87.4,6879,5291,6245,5898,9645,8365,5484
村上虹郎,6.2,37.9,8.3,41.8,23105,130397,62794,11958,39398,98555,26857
ムロツヨシ,49.4,92.7,46.7,92.9,15755,55128,19422,12484,13811,19838,14938
恵俊彰,9.4,84.4,9.9,86.7,10456,11006,9449,9709,16316,9423,7270
目黒蓮,10.4,40.7,24.6,65.3,46779,61731,498549,350785,404326,189193,96281
望月歩,1.1,8.3,0.7,9.6,6660,50289,5820,4091,8645,36193,5539
本木雅弘,27.3,83,21.4,82.7,9571,12253,17908,12378,8049,9586,7459
森崎ウィン,4.2,35.2,6,39.3,37314,56356,25916,20943,107926,85098,29263
森山未來,13.1,64.4,11.2,69.7,27639,22162,19568,7285,10339,9134,7856
柳楽優弥,25.5,71.5,21.4,72.4,22720,22628,21291,13189,17692,40568,28554
役所広司,30.4,87.1,28.5,87.6,16765,15517,9939,9684,12942,13855,12357
薬丸裕英,10.8,86.9,7.8,88.1,4635,4157,2852,3691,4169,9703,5222
矢沢永吉,22.8,93.5,18.4,92.2,62707,51967,29497,22396,48915,23224,17219
八嶋智人,25.3,82.1,23,83.5,5815,7377,5375,3886,3976,7219,38232
安田顕,27.4,80,32.4,81.9,18015,14389,50559,25179,45456,19293,12364
安田章大,7.4,57.7,6.5,54.9,6367,6339,5377,6276,35359,13917,6635
柳沢慎吾,29.9,92.4,28,91.7,13644,20049,8288,7908,9297,9495,4007
柳葉敏郎,26.5,86.2,24.1,88.8,15791,14692,20247,7954,11394,15567,30852
矢部浩之,19.3,91.3,19.1,95,10479,10926,4542,11369,9429,13897,7019
山口智充,26,88,25.3,89.7,11436,11690,12773,14945,10545,19042,12557
山崎育三郎,21.8,72.9,20.7,73.1,27041,19003,14571,14501,34729,39688,27500
山﨑賢人,24.8,79.5,26.5,81.4,48379,34072,144964,68150,49384,41586,17543
山崎弘也,35.4,91.9,33.8,91.5,6468,9149,4645,5181,8858,8598,4976
山里亮太,26.4,94.3,26.7,94.2,25042,20210,10438,9443,19837,41659,16390
山下健二郎,11.5,54,10.6,53.6,11798,6712,7670,6800,7386,7821,9733
山下智久,27.4,87.4,28.1,89.6,33562,32491,36363,58388,41541,41877,25481
山田孝之,35.6,89.6,35.9,90.8,27288,31828,18615,19267,24767,23624,28427
山田裕貴,19.1,63.5,24.1,69,139018,49388,31646,28811,61546,284516,148419
山田涼介,18.8,73.5,20.2,81.6,69139,33824,55601,40600,31764,37306,28023
山中崇,3.9,39.3,5,41.8,53175,39895,15112,5403,6282,5767,5035
山本耕史,13.1,79.8,20,84.6,69793,62255,45405,73949,85298,55604,20915
矢本悠馬,7.1,43.4,7.6,41.6,15370,11101,18726,11090,11097,4532,6374
結木滉星,0.7,7.1,1.1,9.4,18132,8129,14887,7051,360190,11848,19383
ゆうたろう_(モデル),0.9,15.9,2.1,11.3,11142,8923,6654,5749,6012,11993,7620
ユースケ・サンタマリア,20.7,88,17.2,89.2,10388,27863,9351,5977,7782,9719,9003
横浜流星,29.7,82.1,27.1,82.1,94284,57718,112017,35911,26423,33190,36541
横山だいすけ,16.6,56.8,15.6,55.6,18676,7790,5990,7355,6608,7977,12470
横山裕,14.2,73.6,12.9,75,7521,11954,42590,15014,15911,26088,81726
吉岡秀隆,12.7,70.3,15.2,75.6,27511,31847,71230,99478,215756,68402,18646
吉沢亮,25.8,71.9,30.4,77.2,93688,41182,126772,70377,85059,51154,29581
吉田鋼太郎,28.7,90.3,25.8,87.4,9243,12490,5536,14000,5524,25973,14615
吉村崇,17.7,83.9,17.2,83,14891,14491,31875,7245,10711,13033,9283
竜星涼,5.1,25,8.1,35.8,59481,79784,23836,13462,25883,169966,95153
リリー・フランキー,17.3,80.9,16.6,82.7,14591,17405,13846,12801,11087,14677,14025
六角精児,22.8,84.6,21.9,85.8,15630,12009,51982,18885,17082,18139,12570
若林正恭,35,90.8,33.1,90.1,17466,17582,20718,16072,13239,22487,18388
渡辺いっけい,11.7,72.4,13.8,76.8,16094,19819,9247,4550,6517,10593,14771
渡邊圭祐,5.7,24.8,4.2,22.8,11505,12075,10182,15146,18969,15826,14809
渡辺謙,23,87.4,23.4,89.7,127272,59740,19193,13816,28144,46576,21154
渡辺大知,2.5,18.6,2.3,18.4,37822,32306,27327,28151,11367,13233,5027
渡部篤郎,19.1,76.3,22.7,83.9,8020,10939,6951,6016,12176,18964,221847
EXIT_(お笑いコンビ),32,88.1,30.8,87.4,72309,16430,10957,19374,10705,26939,40560
おぎやはぎ,32,93.1,27.1,93.1,21122,12420,11971,14771,12975,11806,15314
かまいたち_(お笑いコンビ),37.9,94,37.3,92.6,57410,52555,43866,34386,75395,99254,38772
さまぁ〜ず,36.6,92.9,33.1,94.3,12919,11907,16680,13007,12254,14091,12566
サンドウィッチマン_(お笑いコンビ),64.8,97.9,67.4,98.1,44911,40986,30407,28790,56505,48879,35112
JO1,2.5,37.5,4.1,40,42256,46337,96831,95016,268877,96778,64938
シソンヌ_(お笑いコンビ),20.4,63.9,23.5,66.5,49251,23476,50988,31767,41272,69779,36268
霜降り明星,20.9,88.1,22.7,86.7,24715,22032,26428,20317,33134,33396,21987
タカアンドトシ,40,95,39.1,94.7,18211,16142,18883,13233,16016,19719,21001
千鳥_(お笑いコンビ),50.8,96.5,51.5,95.4,62109,55885,39591,35596,70479,64639,35426
チョコレートプラネット,41.8,89.7,40.9,90.1,41493,33494,32598,27344,26558,49816,24595
ティモンディ,20.9,75.4,19.1,80.5,103152,32949,32196,14974,14318,49159,20765
ナイツ_(お笑いコンビ),34.5,89,34.5,88.5,11046,13418,10187,7465,31764,16858,16383
錦鯉_(お笑いコンビ),21.8,88.3,20.2,90.1,154003,115774,56599,54511,93323,87484,51614
博多華丸・大吉,44.4,93.1,46.5,94.2,25896,22057,27431,22558,47314,46769,25279
ブラックマヨネーズ,24.1,91.2,22.1,90.6,10050,5123,4278,5093,6683,8776,5402
ぺこぱ,23.9,88.7,21.1,89.6,13468,9327,13978,11197,18631,12242,19195
ミキ_(お笑いコンビ),18.8,83.2,17,81.4,18740,14090,10995,14912,31544,20364,14320
ミルクボーイ,13.5,83.7,14.9,82.5,9726,10863,8175,7652,20461,12247,7218
四千頭身,16.5,78.4,17,78.1,30031,21800,24105,15535,19507,22922,18332
和牛_(お笑いコンビ),14,74.3,13.8,73.3,10414,11795,8667,10009,19947,17735,6050
相武紗季,20,77.5,16.8,77,20513,14644,9695,11278,16625,28323,32674
蒼井優,27.8,89.9,26.4,88,49404,25217,17342,17131,37489,21554,14240
葵わかな,6.7,42.8,6,47.6,6572,7379,14454,8036,10473,59670,37263
秋田汐梨,0.4,1.9,0.7,2.7,5920,6221,6795,2426,2625,5889,1616
秋元梢,2.5,46.9,2.8,46.9,3162,6272,4775,5330,9415,10145,5274
浅川梨奈,1.8,5.7,1.4,5.3,26801,7937,21846,27021,7593,17585,70680
浅田舞,10.4,81.9,12.7,80.7,8489,10377,7757,14735,4351,15503,6314
浅田真央,38.2,95.9,34.7,97.3,10801,21356,10823,17462,18302,12354,11397
浅田美代子,12.9,70.1,11.5,69.9,8912,6579,6290,4741,4713,4399,8804
浅野ゆう子,15.9,77.3,14.9,79.3,11605,18629,12819,18610,17582,13003,10888
朝日奈央,24.2,69.2,25.1,72.9,74026,95334,37318,27118,20876,34096,17683
朝比奈彩,3.2,19.3,5.3,26.5,19759,11162,10033,12578,34664,42198,28090
芦田愛菜,46.7,94.3,45.8,95.4,60546,72402,56556,80982,75405,104979,94316
麻生久美子,18.4,63.2,18.8,65.8,11702,41950,20919,14588,12584,10121,7865
麻生祐未,9.4,41.9,8.8,40.5,14398,14466,11855,10459,16780,12933,10890
安達祐実,21.2,88,23.2,86.7,24747,61913,17730,23652,19300,18890,17991
足立梨花,13.1,65.3,14.7,69.9,38828,36820,38408,28453,43040,44545,18006
天海祐希,49.7,91.3,50.4,91,26597,31192,33264,31861,36586,27540,30764
綾瀬はるか,58.8,95.4,58.1,95.9,42620,44485,34192,35100,57237,92070,39151
新井恵理那,12.2,43.5,13.3,46.5,53249,60845,107143,38201,80285,39435,26195
新垣結衣,54.5,92,52,92.9,62734,41043,36799,40011,48361,52005,50063
新木優子,17.7,59.6,21.4,64.2,87040,115779,44240,28952,25650,21521,17711
有村架純,38.1,86.5,41.1,88.7,81975,55482,50862,57431,105546,100821,65822
杏_(女優),40.9,92,35.9,90.8,167223,99361,48842,38512,28237,46406,21850
アンミカ,20.7,92.6,27.8,93.1,70980,41512,56112,108422,43814,107170,65992
安藤サクラ,20,65.7,25.3,73.8,26296,17216,26053,70206,23680,203358,155314
飯豊まりえ,12.9,44.1,12.2,46.4,252768,45980,16493,14970,42819,50574,42076
井川遥,23.9,73.3,24.8,75.8,23379,26147,44256,23555,18351,42834,70707
生田絵梨花,11.5,51,15.6,56.3,35920,24318,35697,39546,89000,62629,31268
池田エライザ,14.3,60.9,17.5,66.4,99848,52500,139470,83632,135912,32338,24361
井桁弘恵,5.5,18.4,5.8,26.2,119175,53885,30589,62746,56723,69119,23359
池田美優,20.2,87.4,21.1,87.4,38253,31979,115525,46344,26790,56222,26288
池間夏海,0.5,1.9,0.7,3.2,10337,4183,5042,3171,2038,2170,11966
池脇千鶴,7.8,49,9.9,51.2,8422,11468,10386,5675,5266,6971,5732
生駒里奈,9.2,53.3,6.2,54.3,10704,8739,8107,12424,12179,11746,11160
石井杏奈_(E-girls),7.4,26.4,6.4,27.4,27786,14500,11173,8248,28312,12445,14471
石川恋,2.1,10.3,1.6,13.3,23711,7618,13618,16464,37485,8099,6078
石田ニコル,3.9,25.7,2.5,29,8033,6020,8865,9140,4294,12385,87876
石田ひかり,12.7,67.4,10.8,68,8838,8595,10539,7003,22784,28300,23840
石田ゆり子,39.8,81.6,40.7,80.2,29001,34757,36810,34862,28366,36666,28398
石野真子,10.6,68.5,11,68.8,20394,13153,9971,12089,9966,24753,34138
石橋静河,5.7,25.7,6,28.5,25443,83357,53345,27617,46279,28058,35516
石原さとみ,36.5,93.6,38.1,92.4,45008,56856,31708,49332,44666,36379,35141
泉里香,6.9,29,7.6,31.3,26931,24741,29735,21948,32247,34129,20777
磯野貴理子,14.7,87.3,14.7,85.7,11150,11309,8230,7082,7646,20567,8046
磯山さやか,18.2,68.3,15.4,68.8,21981,26779,18734,24573,16273,17204,25133
板谷由夏,7.1,38.6,8.1,39.3,16801,23662,72701,9314,6061,15147,20437
市川紗椰,7.1,41.1,8,41.2,14613,14464,18369,20126,32972,34829,20446
市川実日子,15.6,49.4,15.6,51.9,23354,9614,11406,19481,15784,14764,14210
市毛良枝,9.9,60,11.7,60,4403,8064,9858,3098,3921,4851,24930
いとうあさこ,40.2,94.9,36.1,94.9,46661,17676,12690,12260,14754,19200,19307
伊藤歩,2.3,14.3,2.5,13.8,9861,72187,27371,28342,13953,11384,30546
伊藤沙莉,28,60.9,26.9,61.6,74494,50581,53835,57677,50340,56488,97926
稲森いずみ,15.6,65.1,14.9,63.9,48569,24725,10317,8199,9713,13301,14183
井上咲楽,9.2,71.5,11.5,73.8,28708,30420,23732,22923,26300,26066,18898
井上真央,19.8,75.2,26.9,76.8,26996,31256,32946,74315,35250,186857,70597
祷キララ,0.2,1.2,0,1.1,2204,1344,3498,2753,12932,4979,2615
伊原六花,5.5,26.2,5.1,30.3,18916,21707,35948,47172,31303,90156,52182
今田美桜,26.9,61.8,28,65.5,73441,63786,48800,41225,44723,63694,48811
IMALU,5.7,77.9,5.5,77.7,15594,10261,15879,9202,10707,19541,5746
芋生悠,0.7,3,0.7,3.2,9683,5937,9838,14847,5262,5028,3726
井本彩花,0.2,4.1,0,3.9,12514,11689,4035,4135,4517,22430,18602
イモトアヤコ,35.2,97.7,36.5,97.5,15537,25072,11718,24323,9086,9599,12917
井森美幸,20.9,86.5,23.2,85.8,7846,12238,11847,7822,6701,8492,6878
上戸彩,37,91.7,34.3,93.1,27501,28234,16667,18304,43095,32974,127069
上野樹里,28.7,79.5,27.4,77.2,19908,44419,26454,21506,17763,31502,16244
宇賀なつみ,6.2,39.6,5.3,40.7,21598,15487,18520,9241,36817,25361,26573
宇垣美里,4.8,32.2,6.2,31,14692,20194,15017,19908,13390,24804,16955
臼田あさ美,6.7,30.8,3.5,29,10791,17658,6020,6751,5340,10248,21506
宇多田ヒカル,39.1,93.5,39.5,94.9,74204,37927,36564,39419,61656,54223,37143
内田有紀,32,80,31.3,79.6,21720,22749,206836,51185,43861,57313,109353
内田理央,5.7,36.6,6.7,40.2,16881,14874,47567,35532,25297,30148,26137
内山理名,8.3,60.7,9.9,59.3,14123,9779,11583,49666,8628,11196,17600
榮倉奈々,28.1,81.9,29.7,81.1,55693,39919,17138,23265,15947,22564,13962
江口のりこ,27.8,73.5,23.7,71.7,32919,37229,17262,89425,10725,14171,20227
蛯原友里,11.2,69.9,8.3,71.3,8199,7315,61710,15968,7492,6425,4604
大久保佳代子,31.3,93.5,32.4,93.3,32379,18330,17137,14776,19527,17990,17831
大坂なおみ,17.9,96.8,16.5,96.8,13421,15410,10516,10039,8578,112093,9030
大沢あかね,9.9,76.6,11.3,77.7,19960,14661,12782,7017,14830,9680,10134
大島美幸,24.6,93.1,27.6,94.9,7604,6101,3899,2841,2725,6237,4082
大島優子,22.1,87.6,18.9,89,48460,20977,46310,18745,20534,37690,18021
大竹しのぶ,20.7,92,21.6,90.3,8992,13692,13061,17769,13875,19777,15156
大塚寧々,15.6,71,18.2,69.7,10453,9892,13483,26539,182608,16558,7188
大友花恋,2.7,17,1.8,22.5,24637,35852,34675,18683,16872,16976,20680
大野いと,1.1,13.8,1.8,14,5716,12276,8534,8035,4268,6483,38388
大原櫻子,7.3,41.6,4.2,42.8,10444,9905,20041,8540,9202,16631,19583
大政絢,10.3,53.5,10.6,55.4,13386,8881,11561,11752,6154,10194,17973
岡崎紗絵,6.4,15.4,5.1,14.7,124054,44256,16716,21955,17790,39986,19755
岡副麻希,6.2,41.4,5.3,38.2,16763,19685,7930,4210,5009,7345,25855
岡田結実,12.7,73.6,13.1,73.3,14788,16737,8953,11772,10531,14677,12731
岡本夏美,0.7,3.4,0.9,5.1,9505,4417,4615,2708,2646,6251,3832
岡本玲,2.5,31.3,2.8,31.3,8373,8119,4756,8156,9087,16194,23828
小川紗良,0.5,2.7,0.2,3,2047,3303,1647,1368,2710,7062,3717
奥貫薫,6.4,31.3,6.4,31.7,19526,12070,8677,10019,5894,9411,13488
小倉優子,11.3,84.1,9.9,83.9,21709,12595,14409,10947,16523,12080,15326
押切もえ,5.1,76.6,4.8,76.3,7419,4233,13202,16896,6584,2844,5221
乙葉,13.6,68,14.3,66,7115,7648,9278,10765,9936,8308,5576
小野花梨,1.6,8.3,2.1,7.4,18111,10588,5300,5497,4227,154966,152093
おのののか,5.1,70.3,5.7,74.7,15156,7273,3979,4883,5457,39969,4135
尾野真千子,17,65,15.9,64.8,30579,13598,15609,10634,12026,14547,13353
皆藤愛子,8.5,56.1,10.8,58.9,18722,24594,20481,21401,29950,50996,13219
賀来千香子,13.1,66.5,13.3,64.8,13041,13788,11744,14467,12448,21736,16410
筧美和子,8.1,53.6,7.6,53.3,30348,21054,26018,16695,11084,22938,24330
柏木由紀,9.9,77.5,6.7,75.2,29366,36616,29660,26294,26829,22055,16142
片桐はいり,19.1,82.5,18.8,81.4,14310,13339,67524,6323,4035,5685,6837
かたせ梨乃,15.4,77,18.1,76.3,9093,18762,11799,23471,29469,21570,11031
片平なぎさ,13.3,73.1,16.3,72.7,12685,9142,8544,8773,10288,19841,34775
片山友希,0.7,1.9,0,1.9,35081,51504,6665,5222,4449,16721,12178
加藤小夏,0.9,1.6,0.2,1.1,3172,30856,40473,39224,7846,4190,2222
門脇麦,14,57,15.6,64.2,15195,13877,69431,52214,41457,150301,94621
夏帆,11.7,58.9,19.3,66,14503,26839,62083,211705,104200,101540,58869
上白石萌歌,19.3,79.6,16.5,78.1,46917,37126,29263,17342,20339,74270,28693
上白石萌音,24.6,84.4,22.7,82.8,57799,39803,42787,34333,60473,93789,47400
茅島みずき,0.7,3.7,0.4,3.7,8348,3678,8038,2341,7214,39505,3206
河合優実,0.2,1.8,0.2,0.9,11295,20402,8601,7902,7928,10514,11544
川栄李奈,18.2,69.2,18.8,71.2,20829,35981,49036,38481,18548,33113,14520
河北麻友子,16.3,78.2,15.4,75.2,14098,19603,23505,32886,22015,17137,21790
川口春奈,29.2,76.5,35.2,79.3,89852,54760,222379,144116,152642,74214,45017
川島海荷,7.6,55.9,7.4,55.6,38704,14787,11104,13340,11257,54842,9645
川津明日香,0.4,2.8,0.4,3,3530,2644,14977,6901,6013,14891,11010
貫地谷しほり,14.5,69.4,15.2,68,29710,25122,11438,6572,7812,10204,11040
菅野美穂,30.6,85.1,29.6,82.7,35036,12878,13679,10993,13761,34632,16249
菅野莉央,0.5,2.3,0,2.3,2017,5612,32144,26481,18523,4687,4241
菊池桃子,13.6,71.9,12.9,72.6,29435,11774,16597,74756,13126,28001,13666
岸井ゆきの,7.6,26.2,11,33.8,21975,30378,215353,118370,86712,31175,38532
貴島明日香,10.4,36.5,11,42.7,50359,40157,29672,100403,108768,79040,23110
岸本加世子,7.3,66.9,11,65.1,3321,2749,2529,10687,7330,7754,3997
北川景子,41.1,92.4,45.3,91.5,52291,28327,40044,33235,40670,140536,106319
北乃きい,11.5,73.5,9.9,74.2,64621,25999,10790,15287,21343,56388,29495
吉瀬美智子,26.2,75,24.8,75.8,18585,17210,70454,18903,19435,13927,10951
木南晴夏,12.7,45.3,16.8,53.1,24341,21470,38483,22479,43031,113183,58068
木村カエラ,13.5,84.2,13.8,82.5,12504,11166,11954,10353,22988,25607,16913
木村多江,25.8,80.2,24.8,81.4,13844,21244,16554,38642,42684,14982,9382
木村文乃,21.8,69.6,23.7,71.3,49693,104264,159177,50368,32902,48741,38206
キムラ緑子,12.6,52.7,12.7,53.5,8436,13784,6940,13467,6665,6859,5969
木村佳乃,29.9,75.9,28.5,74.7,19375,19401,21177,21787,14080,54775,21063
きゃりーぱみゅぱみゅ,12.6,92.4,15.6,93.3,16937,18684,36513,14562,14722,40326,18223
清原果耶,14.5,46.7,18.8,51.5,36305,45059,213633,128427,78174,44377,24785
桐谷美玲,20.4,80.2,20.9,80,20027,23134,24726,36325,20303,18788,15709
草刈民代,10.1,69.4,10.6,68.5,3750,2816,6732,3436,4238,5831,3152
工藤美桜,1.8,7.6,1.8,9.7,34165,31869,19741,40294,29139,37351,11087
国仲涼子,11.9,65,13.1,62.7,13570,9532,7250,7182,22236,14593,27971
久保田紗友,1.8,8,1.9,9.4,41142,12958,5513,6179,17672,13627,15040
久間田琳加,2.8,9.4,3.2,11.5,7779,9641,17120,14065,41918,34285,17598
倉科カナ,20.7,67.4,16.5,67.3,49450,40306,28695,17376,32824,30982,47803
栗山千明,16.1,73.1,16.3,71.9,62059,30716,15810,14640,14156,30355,29687
黒木華,22.1,74.5,23.4,72.2,30281,29837,19811,14930,32169,146815,43009
黒木瞳,19.3,83.5,17.5,82.7,13872,25190,14077,13736,13197,37169,19123
黒沢かずこ,17.2,86.5,25.1,92.9,3806,7420,4217,4380,2304,3157,4189
黒島結菜,7.6,29.2,9,45.1,126459,188908,131322,175357,84368,39389,36176
黒谷友香,9.6,60.5,6.7,59.1,9775,24812,10745,19633,24348,47054,27055
小池栄子,36.3,91.7,42.7,91,85042,46523,37138,30528,46550,22634,18255
Cocomi,3.9,54,6.2,62.7,18644,22668,22525,29985,107017,65382,14139
小芝風花,17.5,54.7,18.2,57.2,56638,38739,154113,70486,41203,209373,53471
小嶋陽菜,8.5,61.1,8.7,63.7,20793,13891,21115,13928,24216,32481,7592
小西桜子,0.5,4.1,0.5,2.3,5413,4211,2917,2132,2099,4958,4783
小西真奈美,20.4,72.7,17.9,71.7,9484,12035,10913,4993,5913,7673,7847
小林聡美,16.8,63.9,17.2,64.2,12002,10637,11179,11200,11476,14226,16813
小松菜奈,20.4,66.9,20.9,67.8,46829,53334,40661,46917,40335,27971,23508
小雪_(女優),13.1,81.2,13.1,82.5,9025,19236,83897,47109,9419,19194,14723
近藤春菜,29.6,96.5,30.8,97,15298,8808,9345,10617,7898,16833,8675
紺野彩夏,0.7,5.1,1.1,5.5,20085,17599,7784,26125,14464,32775,14309
紺野まひる,2.8,26,2.1,27.8,4265,21637,10963,23604,4697,9138,3173
紺野美沙子,7.1,53.8,6.7,55.6,8237,20491,4302,3102,4592,16548,5785
財前直見,12.7,67.6,12,66.7,40789,24821,20077,41413,17059,86186,17655
齋藤飛鳥,11.9,51.5,10.8,58.4,37113,28703,23176,67548,86549,57040,32289
斉藤由貴,11,76.6,11.3,76.6,18430,62257,19471,20067,22598,17687,22765
紗栄子,4.2,65.5,6.4,67.8,25142,15567,11902,26871,8318,45228,31076
坂井真紀,12.4,64.1,11.2,62.1,16728,7069,6164,6458,17732,13200,9518
酒井美紀,8.3,58.8,6.5,57.5,32656,7957,9418,10216,23418,12259,8058
酒井若菜,6.4,43.7,5.7,40.2,14738,14255,28820,8426,9584,25078,11060
榊原郁恵,16.5,82.8,23.4,83.4,6701,6859,7148,4704,140506,9879,7833
坂下千里子,9,75.4,11.5,74.3,16533,15977,18758,7142,9039,12079,10187
坂ノ上茜,0.7,2.8,0.4,2.7,15128,10786,17547,6695,8322,15247,9454
佐久間由衣,6.9,25.5,6.7,34.7,17102,14211,15485,9652,145404,533754,26286
桜井日奈子,9.6,43.9,8.1,46.4,48067,21744,20737,11814,10469,17754,15932
桜井ユキ,9.2,29.9,9,31.2,57946,22852,86067,60941,34980,19510,32231
桜田ひより,2.3,15.6,7.4,23.4,41559,29845,153084,75633,117351,30917,24702
桜庭ななみ,4.4,38.8,2.8,36.1,20694,8812,23480,6083,20427,9899,116916
佐々木希,23.4,82.3,20.7,80.4,15312,18276,18158,42849,16291,38138,17929
指原莉乃,25.5,92.2,25.3,91.5,24138,22497,18735,27218,23524,25408,17244
佐藤栞里,29,72.4,32.7,75.9,36749,19432,18090,18214,32493,80555,44990
佐藤玲,0.7,3.5,0.5,3.9,45,33,26,33,12,34,17
佐野ひなこ,4.2,28.5,3.5,28.8,14227,16588,22128,13891,9955,8128,10274
沢口靖子,25.7,83.7,21.2,80.2,20222,16030,82233,22438,18519,13711,12278
SHELLY,21.6,84.2,18.8,80.2,33415,29195,8991,16261,8179,7816,9573
シシド・カフカ,11.3,60.4,11.3,60.4,11539,8734,9583,5550,5392,5459,6368
志田彩良,0.5,5.7,1.9,7.8,5646,5390,17450,18577,10867,21558,5637
志田未来,18.6,68.7,17.7,72.4,19446,27610,23600,46532,57112,33533,41881
篠原涼子,21.6,90.1,23.5,90.8,15547,20317,35606,29175,108599,51663,23713
柴咲コウ,28.5,89.6,31.3,89,75118,287381,60344,61354,151230,36144,19611
柴田理恵,21.2,95.9,22.3,95.8,5623,5156,5010,4623,5386,4735,4308
渋谷凪咲,11.2,34.7,12.6,41.6,39681,22393,19630,25988,17794,29634,25153
島崎遥香,4.1,51.2,5,50.1,32295,17570,15518,19806,18707,11602,7159
島崎和歌子,15.8,80.9,18.1,80.9,10745,59728,20901,15447,12116,22222,12740
清水ミチコ,19.6,86.4,21.1,82.8,6195,4077,5820,8146,6965,4837,4201
趣里,7.6,31.2,10.1,38.9,33226,17497,226687,57035,40271,21017,50021
白石聖,3.5,8.7,1.9,9.6,15706,19895,24249,19011,7345,25535,18660
白石麻衣,21.2,75,18.1,72.6,40608,27842,19376,24314,24320,21577,24959
白石美帆,10.1,65.8,10.4,63.9,7951,9921,6793,8417,9605,6790,8192
新川優愛,9.2,38.4,7.8,46.2,68965,29044,23282,46393,12714,22045,29186
杉咲花,23.9,75.8,19.8,75.6,33269,34722,32582,18410,23582,28529,24854
杉本彩,12.7,77,12.9,77.5,9676,8649,6155,5386,6709,5837,9595
鈴木京香,21.1,74.7,18.6,74.5,10813,14255,13369,57899,15339,11348,10849
鈴木砂羽,11.2,61.6,15.9,63.2,24620,11703,45562,11174,22857,12010,13531
鈴木奈々,8.3,83.7,11.5,85.5,9801,9898,24599,12095,5325,12181,8042
鈴木保奈美,12.9,73.6,13.8,73.8,82693,34915,29559,21391,19057,24981,9603
鈴木ゆうか,0.7,4.2,0.9,5.1,11709,6977,4987,3671,4486,18254,7666
鈴木梨央,5.7,42.7,6,44.6,10294,10156,5490,6328,10813,13180,13925
須藤理彩,5,41.9,4.2,39.1,4488,4299,36459,8276,6390,59270,10667
鷲見玲奈,7.1,41.9,7.4,45,43246,34760,23960,22107,32208,48271,19472
清野菜名,20.9,59.1,23.5,61.9,69417,39370,87601,54774,26384,45929,48309
関水渚,2.3,9.2,1.6,9.7,21827,12418,9872,23010,12763,65794,71434
瀬戸朝香,10.4,64.2,11.9,64.1,5055,6628,8147,17655,6965,23243,10364
染野有来,0.4,2.1,0.4,2.3,2929,3100,2539,921,1512,2121,1273
大地真央,21.1,81.4,19.5,80.2,18681,15763,42744,32763,36867,25434,18277
平祐奈,3.4,41.4,4.8,42.3,24233,11661,15376,82424,17992,13719,15021
高岡早紀,11.9,69.9,11.9,70.1,21656,24635,11711,16888,22117,21550,31894
高島彩,13.8,70.3,12.4,66.7,16645,15264,14133,11064,18596,15299,14943
高嶋ちさ子,25.3,91,25.5,89.6,19548,24336,104762,32460,77926,59033,20979
高島礼子,15.4,78.9,14.7,77.7,22124,19370,23401,14608,13947,12229,15481
高梨臨,5,31.7,8,36.1,10435,8783,103212,52907,101847,27780,25961
高橋惠子,7.8,51.3,8.1,50.6,6550,4909,4860,8313,6558,6247,17190
髙橋ひかる,9.7,29,7.8,30.3,29361,21675,34414,26859,63278,37447,34139
高橋ひとみ,9.9,60.4,9.4,58.9,14530,5026,4603,7954,6149,5619,4234
高橋真麻,11.5,86.5,12.2,86.2,45587,29801,15842,30838,8211,17627,14583
高橋みなみ,8.7,73.5,7.1,72.4,18933,14574,25654,15277,14177,12036,10747
高橋メアリージュン,13.1,66.2,12.9,66.4,19527,38145,43661,31290,30773,27999,10010
高畑淳子,11,80,18.8,79.1,10992,10671,65217,68415,20282,11821,12088
高畑充希,30.4,83.2,28.1,83.2,32317,18820,17282,39316,42956,24028,20432
瀧内公美,2.5,9.9,1.6,8.8,10919,16697,18203,9940,13440,71088,52761
滝川クリステル,8.3,91,8.8,90.6,17423,11355,10992,7810,12961,10092,7369
滝沢カレン,34.5,92.6,32.6,91.5,44661,19459,33391,29559,67808,24113,17797
瀧本美織,8.5,52.7,10.1,55,22857,14688,50948,49088,30415,13678,8532
竹下景子,10.6,64.8,14.2,61.6,6340,10219,5132,6388,6321,21082,6788
武田梨奈,3,16.5,2.7,16.6,9331,9427,5179,6287,6245,18407,4417
武田玲奈,3.2,18.9,3.5,20.2,26096,51872,14883,13882,12858,20170,9840
田中美佐子,15.6,63.5,14.5,62.7,12613,7677,5945,8305,10188,18167,7070
田中道子,1.8,18.9,3.7,25.7,20168,29275,27879,30536,107858,134444,40126
田中みな実,19.5,83.9,21.4,84.4,34421,42557,34016,33327,25416,52741,42223
田中律子,11.3,67.8,11,66.7,22174,18142,6593,14176,6748,27405,9624
田中麗奈,8.3,66.5,9.4,63.4,18053,11160,8469,9118,7540,7075,6866
田辺桃子,1.1,6.2,1.9,7.8,63209,18724,26750,8730,6520,22219,44798
田鍋梨々花,0.5,2.5,0.7,4.8,2022,1574,1629,1107,1208,1661,1908
谷まりあ,7.1,36.5,9.4,43.2,25253,87928,28379,18505,31222,54362,41691
多部未華子,34.7,81.8,29.9,78.2,39251,26633,20808,25007,33977,30356,28204
玉城ティナ,4.6,44.4,5.5,47.3,52117,39019,13114,16504,9043,31867,11626
ダレノガレ明美,6.7,83.5,8.1,84.8,15119,7109,10519,13101,7534,18146,9768
檀れい,16.8,73.8,18.2,73.3,61737,28957,36029,26663,31276,21091,11585
壇蜜,21.2,89.4,19.5,89.9,18110,16253,12664,11881,10775,11173,11276
千秋_(タレント),8.8,88.7,11.7,90.1,10776,14264,12909,45617,17607,15654,11500
知花くらら,3.5,44.1,3.9,40.5,9714,11094,3501,2212,10237,4613,21960
土村芳,1.8,9.9,1.6,7.8,41005,7683,4459,3863,4671,13595,4005
土屋アンナ,15.6,89.2,14.9,88,38066,14606,6144,10908,14854,17264,5989
土屋太鳳,26,90.1,21.6,88.7,84572,34744,19582,23325,49480,231881,53463
恒松祐里,2.1,12.7,4.8,14.9,6639,5835,15544,33879,32264,82702,26564
椿鬼奴,21.2,85,22.3,83.2,23219,17688,6165,4563,8735,6365,5876
鶴田真由,11.7,57,11.7,56.6,10151,18895,6972,11383,9887,7555,6012
出口夏希,1.1,3.7,0.7,2.8,11289,18131,19936,17504,35258,58559,24585
寺島しのぶ,8.1,71.5,13.3,72.9,16609,19234,21635,127822,22016,12768,24921
當真あみ,0.9,2.1,1.8,10.1,139744,10360,17637,39661,58733,80279,72936
常盤貴子,20.4,75.4,22.1,76.3,23027,34488,20446,19041,19447,68277,40960
徳永えり,2.8,17.9,1.9,15.2,17380,5756,26439,22726,15884,12581,7274
戸田恵梨香,37.2,88,35,87.4,36371,34712,39663,206069,46899,27083,27665
戸田恵子,24.1,78.1,25.8,77.2,36272,29862,29316,18150,17836,65303,23243
戸田菜穂,9,47.6,9.2,49.4,11391,18966,23168,14406,28292,13913,10062
富田望生,10.4,38.4,10.3,37.7,8972,9839,9724,4770,4003,18139,16304
富田靖子,9.9,57.5,8.3,55,10777,13627,49398,7884,6154,5804,4680
ともさかりえ,8,75.4,9.4,76.5,15779,8928,18013,6189,44729,26791,12674
友近,23.9,92.9,28.3,93.3,13728,11153,12118,9797,11697,14562,9067
豊嶋花,0.5,4.6,0.4,5.3,9805,11664,25885,16912,22337,11571,25188
トラウデン直美,4.6,39.6,5.1,39.3,42580,27652,42505,47898,31963,18487,37571
トリンドル玲奈,13.8,78.9,13.1,77.9,58482,22479,18387,35384,14372,44036,33112
なえなの,3.2,17.7,2.7,22.3,15409,10542,10940,12048,12122,23135,11492
奈緒,8.3,31.3,13.3,39.1,44869,70572,170984,79143,61397,29568,49302
仲里依紗,22.3,71.3,22.1,72.7,86836,42540,84967,27513,26407,65749,82911
長井短,1.9,19.1,1.9,21.1,10432,7459,5292,14768,8391,13778,29402
中川翔子,31,91.2,27.8,91.3,60656,44195,27923,39570,75413,43315,44663
中越典子,5.1,53.5,7.3,51.2,8003,6726,5334,10485,12375,7127,4579
永作博美,22.3,74,28,74,13341,21647,192983,37512,15794,70069,41808
長澤まさみ,50.1,93.1,41.4,92.4,48750,43970,83271,80943,70239,56458,36473
中島セナ,0.4,3.2,0,3.4,2774,1351,1019,945,688,2153,2179
中条あやみ,23.9,66.2,21.6,70.3,37917,38397,53326,105283,38685,35042,32976
中谷美紀,19.8,74.5,22.8,76.5,12931,16401,19391,14037,16928,31583,21588
永野芽郁,32.7,74.2,35,76.5,115947,89150,49179,65850,29327,39691,25136
仲間由紀恵,31.7,89,30.1,90.3,48811,53255,29390,20030,15176,24623,13733
中村アン,17.3,64.8,17.2,66.2,164966,67163,24628,12820,11800,32825,14007
中村静香,4.2,20,5,23.9,31307,12750,13828,13611,32654,16239,11905
中村ゆり,5.7,22.1,8.8,28.5,48869,35032,50893,124452,62559,220445,48280
中村ゆりか,1.4,6.4,0.9,8,7920,9560,8664,12875,10687,8463,5835
中山美穂,10.3,76.6,9.6,78.4,23298,66726,18602,39069,56247,34167,25476
夏川結衣,12,50.1,11.5,46,11895,13012,21403,12299,9028,20220,13863
夏木マリ,22.7,81.6,26.4,81.8,12292,9200,11180,20427,9542,12649,12208
夏菜,9.7,61.1,8,52.7,28057,16558,6802,9118,7140,5304,5515
名取裕子,15,71.5,17.7,70.3,12038,12981,14354,10768,16722,13760,11905
菜々緒,26,86.9,27.3,84.6,19809,35695,53698,25136,29382,96206,47471
成海璃子,8.8,61.9,8.7,61.6,8689,8425,11708,19266,9219,11824,7510
二階堂ふみ,24.1,80,21.6,80.9,18550,16933,36444,14062,18710,28637,27579
西田尚美,11.5,47.6,11.9,46.7,8619,5818,9470,19028,12033,10067,12016
西野七瀬,15.4,53.6,13.5,56.8,40138,23931,22339,31749,25151,33105,29277
生見愛瑠,16.3,63.2,19.3,66.9,86424,77546,43746,55931,51730,62855,46202
萩原みのり,0.7,2.8,0,2.7,47111,8543,6475,5927,3146,3960,2957
橋本愛_(1996年生),7.4,48,7.6,46.5,83540,71044,26027,13114,8203,18298,15734
橋本環奈,34.3,83.5,35.2,83.5,96231,37303,137562,44158,151994,154787,74154
橋本マナミ,9.9,72.7,10.8,73.1,19553,9986,11198,13812,23884,13189,14979
長谷川京子,9.2,71.5,12.2,71.9,15992,13777,22596,10431,10075,23252,8378
羽田美智子,17.2,60.9,16.6,63,10099,10546,11193,12050,24346,13238,14001
馬場ふみか,4.4,27.1,5,26.2,21704,21956,20627,34508,18324,36649,46306
濱田マリ,13.6,75.4,19.5,74.9,5843,6947,10123,4785,5686,6364,15976
浜辺美波,29.6,70.4,25.8,72,64271,39443,59050,42722,37324,96356,37103
早見あかり,5,37.3,5,36.8,20792,56588,11794,24771,8042,6837,17633
原沙知絵,5,44.6,4.6,47.1,29810,8083,11033,6726,3357,4981,11743
原菜乃華,1.8,8.1,2.1,12,12584,19342,72878,104908,27527,19655,23130
原日出子,8.8,60.4,6.9,60.9,13333,30836,17850,19480,15000,16338,15536
原田知世,15.9,68.1,16.6,68.5,17812,17114,45695,21899,17064,15670,12913
原田美枝子,8.3,48,9.7,47.6,79819,323718,32183,15107,10802,7912,7547
波瑠,29.2,82.7,26.9,82.3,71462,50352,30623,23093,22908,26808,40305
比嘉愛未,22.5,59.5,22.8,62.1,54518,34266,18535,54484,56809,51919,26226
樋口可南子,6.2,56.6,10.6,70.6,4620,8722,4723,4047,5004,4496,4407
ヒコロヒー,12,65.1,16.3,69.4,118568,52109,71297,84909,115410,135012,100592
久本雅美,17.5,93.8,18.2,92.7,12578,8610,13432,8242,10472,11124,7444
平岩紙,8.8,36.5,7.4,37.7,6747,7187,6518,3204,3443,9385,13848
平子理沙,3,50.8,1.6,48.8,4777,3317,5160,26619,5205,3223,10853
平手友梨奈,11.5,61.2,8.5,63,122885,122415,40322,22371,86588,30378,18572
広末涼子,25.7,91.5,28.3,91.2,37274,26450,20580,29805,30391,56766,23119
広瀬アリス,37.3,87.8,33.3,88.3,24578,20837,60951,17391,24376,48637,21809
広瀬すず,32.6,94.5,35.8,93.1,42617,39679,50268,39827,44368,140198,66439
ファーストサマーウイカ,18.8,72.7,19.8,74.7,69378,58553,33652,42158,35421,51602,50550
笛木優子,6.5,43,6.4,43.5,12661,9832,11950,12298,9421,11791,5351
深川麻衣,2.5,9.7,1.6,8.8,11022,11471,17665,19176,11355,11525,11883
深田恭子,34,91.3,32.7,91.5,23638,25327,23462,26775,19305,25795,34663
深津絵里,28,78.1,28.5,72.9,14521,18539,12368,17416,16597,17960,13341
吹石一恵,11.3,72.2,11.2,72,30990,43030,12765,9893,41803,13592,8311
福地桃子,2.8,21.6,5.1,23.2,43690,95443,65024,26132,35089,25228,8938
福原遥,15.4,44.4,21.1,53.3,78728,133264,291117,159420,174049,110003,116261
福本莉子,3.5,14.5,3.5,15.8,83570,30086,16300,37305,26503,20827,31868
藤田ニコル,18.9,91.5,15.4,92.9,25062,24794,28570,33505,24763,24217,28952
藤田弓子,5,58.6,7.4,58.9,2803,2995,2627,2542,2868,3632,2169
藤野涼子,1.4,6.7,0.7,6.2,7655,23131,15900,7357,3640,3822,3243
藤本美貴,10.1,72.2,13.6,69.2,30630,30823,59752,41286,30967,25705,25264
藤原さくら,3.9,21.2,3.9,23.2,8666,29983,43343,46261,23695,15478,7700
藤原紀香,11.2,83.4,11.9,83.7,21049,14471,12200,14262,11778,13596,17995
風吹ジュン,16.5,68,19.1,69.4,45065,19373,17984,56329,18900,17951,16386
古川琴音,3.7,17.7,5.1,21.1,146457,16896,28788,24848,49313,30060,118668
古畑星夏,1.1,8,1.6,8.3,4921,12263,16849,24080,16693,10841,37772
フワちゃん,16.1,95.8,18.9,96.6,48820,72511,68044,59544,42185,60067,43894
ベッキー,11.5,92.7,11.9,94.2,19474,21669,19599,12375,15287,16848,36326
辺見えみり,6.4,74.9,7.8,74.3,7062,8762,8740,7155,7585,12554,8138
北斗晶,18.6,92.2,20.5,91.7,10554,5691,13513,22439,8785,16400,23886
堀田茜,9.6,46.2,12.7,51.2,13807,22353,31553,24205,30605,14078,12034
堀田真由,5.1,25.5,6.7,28.1,191553,44934,36046,28633,26704,172951,61537
ホラン千秋,17.9,87.1,19.6,87.1,53917,110126,35430,34508,48089,77590,35450
堀内敬子,10.1,40.4,8.1,38.9,21089,9289,6568,11164,6494,8645,6496
本上まなみ,9.6,57.7,8.5,56.3,14957,8839,6474,7049,7162,23185,32576
本田翼,34.7,86.5,25.8,88.1,19892,25356,81695,54322,32547,30394,19478
本田望結,12.9,80.9,11,83.4,27130,38679,27550,26909,31631,55203,23822
前田敦子,9,89.6,9.9,88.5,23614,16206,50808,22117,18718,28835,12432
マギー_(モデル),6,65.8,5,63.9,16427,10204,10729,7926,5790,17790,8598
真木よう子,17,72.6,14.5,72.2,21319,20107,14501,83395,23130,17350,17350
蒔田彩珠,1.9,12.9,2.1,10.1,9817,7537,22153,5740,8651,14314,7104
益若つばさ,5,74.3,5.5,72.2,8632,11938,9217,5521,5741,17817,11942
松たか子,36.8,89.9,35.8,89.9,21404,24263,20932,28381,17404,21893,18656
松井愛莉,4.6,28.7,4.1,26.5,11409,7106,6915,22966,26102,14787,11315
松井玲奈,6.2,53.5,6,54.7,26784,58572,13812,9842,10778,12190,8829
松岡茉優,18.4,61.9,20.2,65.7,47713,84546,17836,17689,16403,31416,25789
松風理咲,0.4,2.1,0.2,1.9,1518,3322,1343,1787,1991,3067,2379
松坂慶子,13.1,68,13.8,68.1,14411,10048,84490,27305,8875,19042,10714
松下奈緒,23.4,79.1,20.7,80,12007,12603,13348,12978,13935,54746,22647
松下由樹,26.5,79.5,23.4,77.9,19083,13106,13651,25193,12754,12756,13463
松嶋菜々子,37.2,90.6,33.1,87.8,34857,50083,29758,26249,28162,44041,29564
松嶋尚美,8,75.6,8.8,76.1,34896,6012,5373,5110,3982,4679,3934
松島花,3.2,18.2,2.8,19.3,10717,7839,5119,7908,18597,8826,8452
松田聖子,17,88.5,14.5,89.6,47954,41369,34354,31884,37356,36041,29673
松田るか,1.4,4.8,0.4,3.4,20183,22948,4235,4250,6948,8507,5856
松本伊代,10.3,84.2,12,85.5,9249,7575,13273,19596,14323,16109,28607
松本穂香,12,47.8,11.3,51.2,15362,24338,18186,11266,16650,36771,36311
松本まりか,12.9,46.7,13.1,51.7,25409,47552,71993,44418,50884,48905,101907
松本若菜,5.1,11.7,9.2,19.8,99186,191647,70586,109263,76715,261882,83967
松雪泰子,19.8,70.4,23,70.4,14280,38710,24734,16127,106012,12032,11531
真飛聖,4.4,22.5,5,25.3,148996,51255,14787,12544,20709,22048,21009
眞鍋かをり,10.6,76.3,9.7,77.5,14541,17591,23076,10434,8539,16684,14157
真矢ミキ,23.4,79.8,22.8,79.5,29488,12369,9352,10605,10108,11191,13559
丸山桂里奈,13.1,88.5,11.9,86.7,8995,9972,44205,17592,39744,10906,24798
萬田久子,10.6,71.3,8.1,70.3,8752,4671,13219,25964,7195,4312,23193
萬波ユカ,0.5,4.4,0.5,3.5,784,777,522,535,670,782,567
三浦透子,1.1,15.8,3,20.5,13379,12769,48378,79531,60699,28419,31349
見上愛,1.2,5.3,0.7,5,13197,15640,15178,16746,21844,18353,11512
水川あさみ,23.4,71.7,17.5,72.4,13389,41272,21928,17092,9934,15659,26061
水谷果穂,0.2,4.4,0.2,6.7,3707,3825,4412,4489,8146,21200,5097
水野真紀,7.3,66.4,7.1,66.5,29427,20619,6974,5145,10018,15659,21589
水野美紀,20.5,69.6,19.6,68.7,27123,27218,30333,17349,18954,24696,17458
水原希子,15.4,77.3,11.3,75.9,24533,14472,53411,30000,11110,14991,14085
光浦靖子,17.5,89.4,15.6,88,13788,7936,6912,10429,15044,9689,8104
観月ありさ,19.5,84.1,17.9,83.4,13370,31443,13611,20571,45778,20352,11525
満島ひかり,29.4,76.5,29.4,77.3,122777,164686,30132,44905,168743,75778,48000
三戸なつめ,2.7,50.8,2.5,49.7,2150,2676,15167,4029,1818,2222,2023
南果歩,7.3,67.6,8.1,65.5,20248,30566,5730,5752,15509,38997,8934
南沙良,2.8,11,3.5,13.3,28118,31445,9492,8254,46193,153933,74281
南沢奈央,4.6,31.9,4.1,33.6,16088,17538,14859,11211,10635,11799,11737
南野陽子,11.2,76.1,10.3,75.8,33986,23130,19425,11572,14177,25144,16904
美村里江,5.8,22.3,6.4,24.4,33747,21795,18531,8045,30447,54275,26270
宮﨑あおい,25.3,81.8,23.9,82.1,39131,44200,39482,22097,42122,32248,24682
宮崎美子,24.2,88.5,28.5,88.1,8267,13360,7431,5330,7998,9262,10535
宮澤エマ,6.5,34.5,8.1,35.9,135364,67575,90479,106004,161635,55958,123333
宮沢りえ,21.6,86,22.5,85.1,44091,38496,45628,17697,26928,34066,27678
宮本信子,11.7,51.5,11.2,50.3,24374,6124,6471,9924,7742,12849,9632
宮本茉由,0.4,4.1,0.5,5.5,2830,4383,12855,19158,10520,13244,63675
三吉彩花,4.8,32.4,5.3,32.2,20767,26211,14156,13781,29165,40879,23234
村上佳菜子,13.8,67.1,11.2,68.5,4755,5066,5346,8129,7004,4164,9195
村上知子,11.3,91.3,18.9,93.8,3056,2400,2119,1835,1595,2073,1451
室井滋,19.5,79.5,21.8,78.6,8006,5719,14154,4351,6851,7174,4398
MEGUMI,16.5,75.4,17.3,73.5,60690,90737,23009,27460,23531,19199,38151
本仮屋ユイカ,12.4,62.1,9.9,61.9,40326,36669,119212,14198,12898,29325,19524
桃井かおり,15.9,77.7,17.7,77,11436,10645,10774,5810,6498,85488,8703
百田夏菜子,14.2,60.7,15.2,65,13438,26514,9778,21592,11532,9176,13609
森泉,19.1,87.1,18.8,88.5,66175,21197,11242,7927,8679,9585,15681
森絵梨佳,1.8,7.6,1.6,7.8,5841,3117,2768,2363,2482,2670,2012
森七菜,11.2,52.9,11.3,56.6,36653,70798,32686,31313,22818,51372,23530
森星,8,53.1,10.1,55.4,25659,6098,4528,5534,5923,11358,43944
森尾由美,13.3,59.5,12.9,59.8,7503,7860,8679,16017,25093,32621,12989
森川葵,8.8,26.9,8.1,26.2,42378,34535,20200,27495,33665,23319,17216
森口瑤子,9.7,43.4,9.9,42.8,27977,19552,13948,72610,35766,17913,19631
森田想,0.4,2.5,0.2,2.7,1003,2891,1576,716,663,1140,1675
森田望智,2.1,8,1.8,6.5,15833,7190,6082,5824,12869,34791,13849
森高千里,22.1,76.6,20.7,77.3,23969,30457,41077,31924,48889,30611,23479
八木莉可子,1.8,9.2,4.1,14.5,14575,3382,10264,25929,82847,50422,212114
薬師丸ひろ子,25.7,84.8,23.2,84.1,20806,20820,23646,15043,30225,19654,16269
安めぐみ,11.9,73.5,11.5,73.3,4263,5353,3884,6093,7035,5889,3258
安田成美,17.2,69.7,17.2,69.7,8733,7106,9270,6822,7617,7805,9174
安田美沙子,10.6,66.7,8.8,65.3,7738,13787,9795,10042,16172,16999,6345
矢田亜希子,16.1,75,16.3,73.8,22411,17381,29032,18143,24981,59199,24408
箭内夢菜,2.5,6,2.8,5.7,25170,45060,69365,17868,29676,40059,27848
柳ゆり菜,1.8,10.1,0.7,11.5,9303,9041,7944,15536,17962,9424,9022
柳原可奈子,22.1,89.7,19.6,88.5,7812,7527,4441,9331,4732,6532,4575
矢作穂香,1.6,6,1.4,6.9,13455,30523,15671,12108,7700,24814,16378
山口紗弥加,9.7,44.1,9.9,44.2,7872,5636,5194,4753,17238,6736,46571
山口智子,31,70.3,31.5,68.7,7748,14069,10893,14864,8131,10090,7432
山口まゆ_(女優),1.1,9.7,1.8,9.4,3104,6208,6092,4670,3547,4384,3417
山口もえ,9.6,84.1,14.5,85.7,10153,8279,46915,13102,18762,16045,13292
山崎静代,18.2,87.3,18.6,86.5,4588,7489,5451,3608,55544,6846,12387
山崎紘菜,1.2,11.5,3.5,17.5,15425,11752,10523,150107,99616,92007,96963
山下美月,5,25,5.8,32.2,21508,21071,37828,50352,34913,55482,64128
山田杏奈,2.3,12.2,3.5,13.8,73114,55216,36894,25594,15037,22682,11045
山田真歩,1.8,13.1,2.5,15.2,5107,2679,1879,2254,1775,7046,12385
山田優_(モデル),10.4,78.4,9.4,75,40907,12992,9084,9361,17469,16398,6638
山之内すず,9.4,66.9,6.9,67.6,20837,38511,15709,8627,9003,10414,17354
山本舞香,9.9,42.7,11.5,47.3,26861,44327,68304,42700,39702,60262,58731
山本美月,16.6,65,15.2,64.6,26952,15733,21956,20651,30647,64633,30238
YOU_(タレント),21.9,88,26,86.7,24746,26309,32919,16871,16624,27878,33447
優香,29.2,84.1,26.2,83.5,12128,9634,10474,9222,15563,24659,33605
優木まおみ,9.4,66.5,7.4,63.9,10992,6528,8159,19665,4961,11913,14460
古川優奈,4.8,52.4,8.7,62.7,47059,79296,39325,66656,80705,42024,42128
ゆりやんレトリィバァ,20.2,90.6,20.5,89.7,6921,6159,18969,13792,8891,12946,18358
余貴美子,14.7,58.6,14.5,57.7,17513,10264,13491,10616,11546,12023,11842
横澤夏子,21.6,87.1,23.2,86.7,14015,12874,13918,10942,6679,12665,31479
横田真悠,2.7,11.7,3.7,14.3,27626,27552,52037,18974,41264,16203,31587
吉岡里帆,31.3,80.7,29.2,81.9,42707,46965,37015,34895,56022,71673,50385
吉川愛,6.2,23.4,8.7,24.8,156477,80198,40552,50495,53448,53503,30772
吉田美月喜,0.4,1.8,0,2.1,469,519,1283,631,1394,3159,1169
吉田羊,37,82.5,34.7,80.4,27652,62533,26684,16569,19919,19275,13394
吉田莉桜,0.9,3.7,0.5,3.5,2388,1146,1008,1141,1201,949,975
吉高由里子,36.6,83.7,37,83.4,51219,125954,36875,29417,36761,162964,96989
吉谷彩子,3.2,16.6,3.9,22.8,18103,24468,109483,107221,31041,71867,55761
吉永小百合,32.4,85.5,28.7,85.7,35994,36488,24988,21779,36711,33351,23110
芳根京子,20.9,61.8,18.4,55.2,51235,42269,29900,22023,17361,33012,66723
与田祐希,4.8,13.1,3.5,17.3,29308,25723,15348,15095,40791,32811,11537
米倉涼子,35.9,95.8,33.3,94.5,21790,24512,38869,17811,18950,27593,17394
米倉れいあ,0.9,3,0.7,4.1,3671,1610,1122,945,883,2705,5085
RIKACO,8.8,76.5,10.4,75.8,8514,21800,5789,5687,6708,17003,17610
莉子_(モデル),1.9,8.5,2.3,10.1,9242,12377,12558,5150,19794,14524,7730
りょう_(女優),21.2,72,19.6,74.2,10505,6830,8412,11394,6609,9859,5362
遼河はるひ,12.4,63.4,10.4,61.9,6475,7883,12186,8345,11767,13464,10388
LiLiCo,20.9,88.3,23.5,86.7,11788,19957,16915,14273,23071,13379,11443
蓮佛美沙子,6.7,36.5,8.8,38.6,17132,9042,7390,5496,9081,38240,21524
ローラ_(モデル),26.4,94.5,25.3,94.7,24679,12251,13501,11269,14318,10624,30971
若月佑美,2.7,11.3,1.8,9.2,6428,18258,7230,5570,14906,16473,20771
若村麻由美,10.8,46.5,10.4,45.5,42829,21112,15469,24044,22955,48130,18296
和久井映見,21.8,68.1,18.4,65.1,10685,23305,8837,7063,12259,17680,7548
和田アキ子,13.5,98.1,15.8,97.9,21603,17821,36308,17398,26872,43521,22776
渡辺えり,17.2,81.8,18.6,78.1,3961,3539,3619,3069,9006,21382,5395
渡辺直美,40.5,97.7,38.8,97.5,57687,20104,15138,14701,13448,21359,17273
渡辺真起子,2.5,25.7,3,28.7,7869,4572,1892,2066,2517,6731,3572
渡辺満里奈,14,73.6,15.6,73.8,8366,4364,7063,10169,5037,3848,5491
阿佐ヶ谷姉妹,41.2,96.8,40.9,95.8,31389,28053,33995,29171,36503,28142,18090
ガンバレルーヤ,26.9,89.2,29.4,89.7,17415,28262,16793,15280,17506,15796,32948
3時のヒロイン,17.5,82.7,17.7,82.1,43869,65004,41055,84389,50187,66750,62334
ぼる塾,17.5,78.9,19.5,78.6,39879,48885,72876,109435,36862,64488,58310
